<?xml version="1.0" encoding="ISO-8859-1" standalone="yes"?>
<nite:root nite:id="IB4010.D.aseg" xmlns:nite="http://nite.sourceforge.net/">
   <segment nite:id="IB4010.D.asg.35015" participant="m4046">
      <nite:child href="IB4010.D.words.xml#id(IB4010.D.sil5998)..id(IB4010.D.sil6000)"/>
   </segment>
   <segment nite:id="IB4010.D.asg.35016" participant="m4046">
      <nite:child href="IB4010.D.words.xml#id(IB4010.D.sil6001)..id(IB4010.D.sil6003)"/>
   </segment>
   <segment nite:id="IB4010.D.asg.35017" participant="m4046">
      <nite:child href="IB4010.D.words.xml#id(IB4010.D.sil6004)..id(IB4010.D.sil6020)"/>
   </segment>
   <segment nite:id="IB4010.D.asg.35018" participant="m4046">
      <nite:child href="IB4010.D.words.xml#id(IB4010.D.sil6021)..id(IB4010.D.sil6023)"/>
   </segment>
   <segment nite:id="IB4010.D.asg.35019" participant="m4046">
      <nite:child href="IB4010.D.words.xml#id(IB4010.D.sil6024)..id(IB4010.D.sil6026)"/>
   </segment>
   <segment nite:id="IB4010.D.asg.35020" participant="m4046">
      <nite:child href="IB4010.D.words.xml#id(IB4010.D.sil6027)..id(IB4010.D.sil6030)"/>
   </segment>
   <segment nite:id="IB4010.D.asg.35021" participant="m4046">
      <nite:child href="IB4010.D.words.xml#id(IB4010.D.sil6031)..id(IB4010.D.sil6034)"/>
   </segment>
   <segment nite:id="IB4010.D.asg.35022" participant="m4046">
      <nite:child href="IB4010.D.words.xml#id(IB4010.D.sil6035)..id(IB4010.D.sil6037)"/>
   </segment>
   <segment nite:id="IB4010.D.asg.35023" participant="m4046">
      <nite:child href="IB4010.D.words.xml#id(IB4010.D.sil6038)..id(IB4010.D.sil6047)"/>
   </segment>
   <segment nite:id="IB4010.D.asg.35024" participant="m4046">
      <nite:child href="IB4010.D.words.xml#id(IB4010.D.sil6048)..id(IB4010.D.sil6067)"/>
   </segment>
   <segment nite:id="IB4010.D.asg.35025" participant="m4046">
      <nite:child href="IB4010.D.words.xml#id(IB4010.D.sil6068)..id(IB4010.D.sil6085)"/>
   </segment>
   <segment nite:id="IB4010.D.asg.35026" participant="m4046">
      <nite:child href="IB4010.D.words.xml#id(IB4010.D.sil6086)..id(IB4010.D.sil6102)"/>
   </segment>
   <segment nite:id="IB4010.D.asg.35027" participant="m4046">
      <nite:child href="IB4010.D.words.xml#id(IB4010.D.sil6103)..id(IB4010.D.sil6120)"/>
   </segment>
   <segment nite:id="IB4010.D.asg.35028" participant="m4046">
      <nite:child href="IB4010.D.words.xml#id(IB4010.D.sil6121)..id(IB4010.D.sil6126)"/>
   </segment>
   <segment nite:id="IB4010.D.asg.35029" participant="m4046">
      <nite:child href="IB4010.D.words.xml#id(IB4010.D.sil6127)..id(IB4010.D.sil6146)"/>
   </segment>
   <segment nite:id="IB4010.D.asg.35030" participant="m4046">
      <nite:child href="IB4010.D.words.xml#id(IB4010.D.sil6147)..id(IB4010.D.sil6164)"/>
   </segment>
   <segment nite:id="IB4010.D.asg.35031" participant="m4046">
      <nite:child href="IB4010.D.words.xml#id(IB4010.D.sil6165)..id(IB4010.D.sil6173)"/>
   </segment>
   <segment nite:id="IB4010.D.asg.35032" participant="m4046">
      <nite:child href="IB4010.D.words.xml#id(IB4010.D.sil6174)..id(IB4010.D.sil6180)"/>
   </segment>
   <segment nite:id="IB4010.D.asg.35033" participant="m4046">
      <nite:child href="IB4010.D.words.xml#id(IB4010.D.sil6181)..id(IB4010.D.sil6184)"/>
   </segment>
   <segment nite:id="IB4010.D.asg.35034" participant="m4046">
      <nite:child href="IB4010.D.words.xml#id(IB4010.D.sil6185)..id(IB4010.D.sil6202)"/>
   </segment>
   <segment nite:id="IB4010.D.asg.35035" participant="m4046">
      <nite:child href="IB4010.D.words.xml#id(IB4010.D.sil6203)..id(IB4010.D.sil6208)"/>
   </segment>
   <segment nite:id="IB4010.D.asg.35036" participant="m4046">
      <nite:child href="IB4010.D.words.xml#id(IB4010.D.sil6209)..id(IB4010.D.sil6214)"/>
   </segment>
   <segment nite:id="IB4010.D.asg.35037" participant="m4046">
      <nite:child href="IB4010.D.words.xml#id(IB4010.D.sil6215)..id(IB4010.D.sil6217)"/>
   </segment>
   <segment nite:id="IB4010.D.asg.35038" participant="m4046">
      <nite:child href="IB4010.D.words.xml#id(IB4010.D.sil6218)..id(IB4010.D.sil6233)"/>
   </segment>
   <segment nite:id="IB4010.D.asg.35039" participant="m4046">
      <nite:child href="IB4010.D.words.xml#id(IB4010.D.sil6234)..id(IB4010.D.sil6248)"/>
   </segment>
   <segment nite:id="IB4010.D.asg.35040" participant="m4046">
      <nite:child href="IB4010.D.words.xml#id(IB4010.D.sil6249)..id(IB4010.D.sil6252)"/>
   </segment>
   <segment nite:id="IB4010.D.asg.35041" participant="m4046">
      <nite:child href="IB4010.D.words.xml#id(IB4010.D.sil6253)..id(IB4010.D.sil6255)"/>
   </segment>
   <segment nite:id="IB4010.D.asg.35042" participant="m4046">
      <nite:child href="IB4010.D.words.xml#id(IB4010.D.sil6256)..id(IB4010.D.sil6258)"/>
   </segment>
   <segment nite:id="IB4010.D.asg.35043" participant="m4046">
      <nite:child href="IB4010.D.words.xml#id(IB4010.D.sil6259)..id(IB4010.D.sil6267)"/>
   </segment>
   <segment nite:id="IB4010.D.asg.35044" participant="m4046">
      <nite:child href="IB4010.D.words.xml#id(IB4010.D.sil6268)..id(IB4010.D.sil6273)"/>
   </segment>
   <segment nite:id="IB4010.D.asg.35045" participant="m4046">
      <nite:child href="IB4010.D.words.xml#id(IB4010.D.sil6274)..id(IB4010.D.sil6279)"/>
   </segment>
   <segment nite:id="IB4010.D.asg.35046" participant="m4046">
      <nite:child href="IB4010.D.words.xml#id(IB4010.D.sil6280)..id(IB4010.D.sil6302)"/>
   </segment>
   <segment nite:id="IB4010.D.asg.35047" participant="m4046">
      <nite:child href="IB4010.D.words.xml#id(IB4010.D.sil6303)..id(IB4010.D.sil6309)"/>
   </segment>
   <segment nite:id="IB4010.D.asg.35048" participant="m4046">
      <nite:child href="IB4010.D.words.xml#id(IB4010.D.sil6310)..id(IB4010.D.sil6316)"/>
   </segment>
   <segment nite:id="IB4010.D.asg.35049" participant="m4046">
      <nite:child href="IB4010.D.words.xml#id(IB4010.D.sil6317)..id(IB4010.D.sil6330)"/>
   </segment>
   <segment nite:id="IB4010.D.asg.35050" participant="m4046">
      <nite:child href="IB4010.D.words.xml#id(IB4010.D.sil6331)..id(IB4010.D.sil6333)"/>
   </segment>
   <segment nite:id="IB4010.D.asg.35051" participant="m4046">
      <nite:child href="IB4010.D.words.xml#id(IB4010.D.sil6334)..id(IB4010.D.sil6340)"/>
   </segment>
   <segment nite:id="IB4010.D.asg.35052" participant="m4046">
      <nite:child href="IB4010.D.words.xml#id(IB4010.D.sil6341)..id(IB4010.D.sil6343)"/>
   </segment>
   <segment nite:id="IB4010.D.asg.35053" participant="m4046">
      <nite:child href="IB4010.D.words.xml#id(IB4010.D.sil6344)..id(IB4010.D.sil6347)"/>
   </segment>
   <segment nite:id="IB4010.D.asg.35054" participant="m4046">
      <nite:child href="IB4010.D.words.xml#id(IB4010.D.sil6348)..id(IB4010.D.sil6353)"/>
   </segment>
   <segment nite:id="IB4010.D.asg.35055" participant="m4046">
      <nite:child href="IB4010.D.words.xml#id(IB4010.D.sil6354)..id(IB4010.D.sil6357)"/>
   </segment>
   <segment nite:id="IB4010.D.asg.35056" participant="m4046">
      <nite:child href="IB4010.D.words.xml#id(IB4010.D.sil6358)..id(IB4010.D.sil6363)"/>
   </segment>
   <segment nite:id="IB4010.D.asg.35057" participant="m4046">
      <nite:child href="IB4010.D.words.xml#id(IB4010.D.sil6364)..id(IB4010.D.sil6377)"/>
   </segment>
   <segment nite:id="IB4010.D.asg.35058" participant="m4046">
      <nite:child href="IB4010.D.words.xml#id(IB4010.D.sil6378)..id(IB4010.D.sil6382)"/>
   </segment>
   <segment nite:id="IB4010.D.asg.35059" participant="m4046">
      <nite:child href="IB4010.D.words.xml#id(IB4010.D.sil6383)..id(IB4010.D.sil6385)"/>
   </segment>
   <segment nite:id="IB4010.D.asg.35060" participant="m4046">
      <nite:child href="IB4010.D.words.xml#id(IB4010.D.sil6386)..id(IB4010.D.sil6389)"/>
   </segment>
   <segment nite:id="IB4010.D.asg.35061" participant="m4046">
      <nite:child href="IB4010.D.words.xml#id(IB4010.D.sil6390)..id(IB4010.D.sil6393)"/>
   </segment>
   <segment nite:id="IB4010.D.asg.35062" participant="m4046">
      <nite:child href="IB4010.D.words.xml#id(IB4010.D.sil6394)..id(IB4010.D.sil6400)"/>
   </segment>
   <segment nite:id="IB4010.D.asg.35063" participant="m4046">
      <nite:child href="IB4010.D.words.xml#id(IB4010.D.sil6401)..id(IB4010.D.sil6412)"/>
   </segment>
   <segment nite:id="IB4010.D.asg.35064" participant="m4046">
      <nite:child href="IB4010.D.words.xml#id(IB4010.D.sil6413)..id(IB4010.D.sil6416)"/>
   </segment>
   <segment nite:id="IB4010.D.asg.35065" participant="m4046">
      <nite:child href="IB4010.D.words.xml#id(IB4010.D.sil6417)..id(IB4010.D.sil6419)"/>
   </segment>
   <segment nite:id="IB4010.D.asg.35066" participant="m4046">
      <nite:child href="IB4010.D.words.xml#id(IB4010.D.sil6420)..id(IB4010.D.sil6435)"/>
   </segment>
   <segment nite:id="IB4010.D.asg.35067" participant="m4046">
      <nite:child href="IB4010.D.words.xml#id(IB4010.D.sil6436)..id(IB4010.D.sil6440)"/>
   </segment>
   <segment nite:id="IB4010.D.asg.35068" participant="m4046">
      <nite:child href="IB4010.D.words.xml#id(IB4010.D.sil6441)..id(IB4010.D.sil6444)"/>
   </segment>
   <segment nite:id="IB4010.D.asg.35069" participant="m4046">
      <nite:child href="IB4010.D.words.xml#id(IB4010.D.sil6445)..id(IB4010.D.sil6447)"/>
   </segment>
   <segment nite:id="IB4010.D.asg.35070" participant="m4046">
      <nite:child href="IB4010.D.words.xml#id(IB4010.D.sil6448)..id(IB4010.D.sil6453)"/>
   </segment>
   <segment nite:id="IB4010.D.asg.35071" participant="m4046">
      <nite:child href="IB4010.D.words.xml#id(IB4010.D.sil6454)..id(IB4010.D.sil6456)"/>
   </segment>
   <segment nite:id="IB4010.D.asg.35072" participant="m4046">
      <nite:child href="IB4010.D.words.xml#id(IB4010.D.sil6457)..id(IB4010.D.sil6473)"/>
   </segment>
   <segment nite:id="IB4010.D.asg.35073" participant="m4046">
      <nite:child href="IB4010.D.words.xml#id(IB4010.D.sil6474)..id(IB4010.D.sil6480)"/>
   </segment>
   <segment nite:id="IB4010.D.asg.35074" participant="m4046">
      <nite:child href="IB4010.D.words.xml#id(IB4010.D.sil6481)..id(IB4010.D.sil6502)"/>
   </segment>
   <segment nite:id="IB4010.D.asg.35075" participant="m4046">
      <nite:child href="IB4010.D.words.xml#id(IB4010.D.sil6503)..id(IB4010.D.sil6506)"/>
   </segment>
   <segment nite:id="IB4010.D.asg.35076" participant="m4046">
      <nite:child href="IB4010.D.words.xml#id(IB4010.D.sil6507)..id(IB4010.D.sil6513)"/>
   </segment>
   <segment nite:id="IB4010.D.asg.35077" participant="m4046">
      <nite:child href="IB4010.D.words.xml#id(IB4010.D.sil6514)..id(IB4010.D.sil6516)"/>
   </segment>
   <segment nite:id="IB4010.D.asg.35078" participant="m4046">
      <nite:child href="IB4010.D.words.xml#id(IB4010.D.sil6517)..id(IB4010.D.sil6525)"/>
   </segment>
   <segment nite:id="IB4010.D.asg.35079" participant="m4046">
      <nite:child href="IB4010.D.words.xml#id(IB4010.D.sil6526)..id(IB4010.D.sil6528)"/>
   </segment>
   <segment nite:id="IB4010.D.asg.35080" participant="m4046">
      <nite:child href="IB4010.D.words.xml#id(IB4010.D.sil6529)..id(IB4010.D.sil6531)"/>
   </segment>
   <segment nite:id="IB4010.D.asg.35081" participant="m4046">
      <nite:child href="IB4010.D.words.xml#id(IB4010.D.sil6532)..id(IB4010.D.sil6541)"/>
   </segment>
   <segment nite:id="IB4010.D.asg.35082" participant="m4046">
      <nite:child href="IB4010.D.words.xml#id(IB4010.D.sil6542)..id(IB4010.D.sil6545)"/>
   </segment>
   <segment nite:id="IB4010.D.asg.35083" participant="m4046">
      <nite:child href="IB4010.D.words.xml#id(IB4010.D.sil6546)..id(IB4010.D.sil6560)"/>
   </segment>
   <segment nite:id="IB4010.D.asg.35084" participant="m4046">
      <nite:child href="IB4010.D.words.xml#id(IB4010.D.sil6561)..id(IB4010.D.sil6564)"/>
   </segment>
   <segment nite:id="IB4010.D.asg.35085" participant="m4046">
      <nite:child href="IB4010.D.words.xml#id(IB4010.D.sil6565)..id(IB4010.D.sil6573)"/>
   </segment>
   <segment nite:id="IB4010.D.asg.35086" participant="m4046">
      <nite:child href="IB4010.D.words.xml#id(IB4010.D.sil6574)..id(IB4010.D.sil6586)"/>
   </segment>
   <segment nite:id="IB4010.D.asg.35087" participant="m4046">
      <nite:child href="IB4010.D.words.xml#id(IB4010.D.sil6587)..id(IB4010.D.sil6592)"/>
   </segment>
   <segment nite:id="IB4010.D.asg.35088" participant="m4046">
      <nite:child href="IB4010.D.words.xml#id(IB4010.D.sil6593)..id(IB4010.D.sil6602)"/>
   </segment>
   <segment nite:id="IB4010.D.asg.35089" participant="m4046">
      <nite:child href="IB4010.D.words.xml#id(IB4010.D.sil6603)..id(IB4010.D.sil6611)"/>
   </segment>
   <segment nite:id="IB4010.D.asg.35090" participant="m4046">
      <nite:child href="IB4010.D.words.xml#id(IB4010.D.sil6612)..id(IB4010.D.sil6615)"/>
   </segment>
   <segment nite:id="IB4010.D.asg.35091" participant="m4046">
      <nite:child href="IB4010.D.words.xml#id(IB4010.D.sil6616)..id(IB4010.D.sil6618)"/>
   </segment>
   <segment nite:id="IB4010.D.asg.35092" participant="m4046">
      <nite:child href="IB4010.D.words.xml#id(IB4010.D.sil6619)..id(IB4010.D.sil6623)"/>
   </segment>
   <segment nite:id="IB4010.D.asg.35093" participant="m4046">
      <nite:child href="IB4010.D.words.xml#id(IB4010.D.sil6624)..id(IB4010.D.sil6628)"/>
   </segment>
   <segment nite:id="IB4010.D.asg.35094" participant="m4046">
      <nite:child href="IB4010.D.words.xml#id(IB4010.D.sil6629)..id(IB4010.D.sil6633)"/>
   </segment>
   <segment nite:id="IB4010.D.asg.35095" participant="m4046">
      <nite:child href="IB4010.D.words.xml#id(IB4010.D.sil6634)..id(IB4010.D.sil6636)"/>
   </segment>
   <segment nite:id="IB4010.D.asg.35096" participant="m4046">
      <nite:child href="IB4010.D.words.xml#id(IB4010.D.sil6637)..id(IB4010.D.sil6640)"/>
   </segment>
   <segment nite:id="IB4010.D.asg.35097" participant="m4046">
      <nite:child href="IB4010.D.words.xml#id(IB4010.D.sil6641)..id(IB4010.D.sil6645)"/>
   </segment>
   <segment nite:id="IB4010.D.asg.35098" participant="m4046">
      <nite:child href="IB4010.D.words.xml#id(IB4010.D.sil6646)..id(IB4010.D.sil6651)"/>
   </segment>
   <segment nite:id="IB4010.D.asg.35099" participant="m4046">
      <nite:child href="IB4010.D.words.xml#id(IB4010.D.sil6652)..id(IB4010.D.sil6669)"/>
   </segment>
   <segment nite:id="IB4010.D.asg.35100" participant="m4046">
      <nite:child href="IB4010.D.words.xml#id(IB4010.D.sil6670)..id(IB4010.D.sil6687)"/>
   </segment>
   <segment nite:id="IB4010.D.asg.35101" participant="m4046">
      <nite:child href="IB4010.D.words.xml#id(IB4010.D.sil6688)..id(IB4010.D.sil6690)"/>
   </segment>
   <segment nite:id="IB4010.D.asg.35102" participant="m4046">
      <nite:child href="IB4010.D.words.xml#id(IB4010.D.sil6691)..id(IB4010.D.sil6695)"/>
   </segment>
   <segment nite:id="IB4010.D.asg.35103" participant="m4046">
      <nite:child href="IB4010.D.words.xml#id(IB4010.D.sil6696)..id(IB4010.D.sil6699)"/>
   </segment>
   <segment nite:id="IB4010.D.asg.35104" participant="m4046">
      <nite:child href="IB4010.D.words.xml#id(IB4010.D.sil6700)..id(IB4010.D.sil6711)"/>
   </segment>
   <segment nite:id="IB4010.D.asg.35105" participant="m4046">
      <nite:child href="IB4010.D.words.xml#id(IB4010.D.sil6712)..id(IB4010.D.sil6715)"/>
   </segment>
   <segment nite:id="IB4010.D.asg.35106" participant="m4046">
      <nite:child href="IB4010.D.words.xml#id(IB4010.D.sil6716)..id(IB4010.D.sil6718)"/>
   </segment>
   <segment nite:id="IB4010.D.asg.35107" participant="m4046">
      <nite:child href="IB4010.D.words.xml#id(IB4010.D.sil6719)..id(IB4010.D.sil6735)"/>
   </segment>
   <segment nite:id="IB4010.D.asg.35108" participant="m4046">
      <nite:child href="IB4010.D.words.xml#id(IB4010.D.sil6736)..id(IB4010.D.sil6742)"/>
   </segment>
   <segment nite:id="IB4010.D.asg.35109" participant="m4046">
      <nite:child href="IB4010.D.words.xml#id(IB4010.D.sil6743)..id(IB4010.D.sil6747)"/>
   </segment>
   <segment nite:id="IB4010.D.asg.35110" participant="m4046">
      <nite:child href="IB4010.D.words.xml#id(IB4010.D.sil6748)..id(IB4010.D.sil6775)"/>
   </segment>
   <segment nite:id="IB4010.D.asg.35111" participant="m4046">
      <nite:child href="IB4010.D.words.xml#id(IB4010.D.sil6776)..id(IB4010.D.sil6782)"/>
   </segment>
   <segment nite:id="IB4010.D.asg.35112" participant="m4046">
      <nite:child href="IB4010.D.words.xml#id(IB4010.D.sil6783)..id(IB4010.D.sil6785)"/>
   </segment>
   <segment nite:id="IB4010.D.asg.35113" participant="m4046">
      <nite:child href="IB4010.D.words.xml#id(IB4010.D.sil6786)..id(IB4010.D.sil6788)"/>
   </segment>
   <segment nite:id="IB4010.D.asg.35114" participant="m4046">
      <nite:child href="IB4010.D.words.xml#id(IB4010.D.sil6789)..id(IB4010.D.sil6800)"/>
   </segment>
   <segment nite:id="IB4010.D.asg.35115" participant="m4046">
      <nite:child href="IB4010.D.words.xml#id(IB4010.D.sil6801)..id(IB4010.D.sil6811)"/>
   </segment>
   <segment nite:id="IB4010.D.asg.35116" participant="m4046">
      <nite:child href="IB4010.D.words.xml#id(IB4010.D.sil6812)..id(IB4010.D.sil6817)"/>
   </segment>
   <segment nite:id="IB4010.D.asg.35117" participant="m4046">
      <nite:child href="IB4010.D.words.xml#id(IB4010.D.sil6818)..id(IB4010.D.sil6821)"/>
   </segment>
   <segment nite:id="IB4010.D.asg.35118" participant="m4046">
      <nite:child href="IB4010.D.words.xml#id(IB4010.D.sil6822)..id(IB4010.D.sil6834)"/>
   </segment>
   <segment nite:id="IB4010.D.asg.35119" participant="m4046">
      <nite:child href="IB4010.D.words.xml#id(IB4010.D.sil6835)..id(IB4010.D.sil6843)"/>
   </segment>
   <segment nite:id="IB4010.D.asg.35120" participant="m4046">
      <nite:child href="IB4010.D.words.xml#id(IB4010.D.sil6844)..id(IB4010.D.sil6862)"/>
   </segment>
   <segment nite:id="IB4010.D.asg.35121" participant="m4046">
      <nite:child href="IB4010.D.words.xml#id(IB4010.D.sil6863)..id(IB4010.D.sil6873)"/>
   </segment>
   <segment nite:id="IB4010.D.asg.35122" participant="m4046">
      <nite:child href="IB4010.D.words.xml#id(IB4010.D.sil6874)..id(IB4010.D.sil6876)"/>
   </segment>
   <segment nite:id="IB4010.D.asg.35123" participant="m4046">
      <nite:child href="IB4010.D.words.xml#id(IB4010.D.sil6877)..id(IB4010.D.sil6885)"/>
   </segment>
   <segment nite:id="IB4010.D.asg.35124" participant="m4046">
      <nite:child href="IB4010.D.words.xml#id(IB4010.D.sil6886)..id(IB4010.D.sil6891)"/>
   </segment>
   <segment nite:id="IB4010.D.asg.35125" participant="m4046">
      <nite:child href="IB4010.D.words.xml#id(IB4010.D.sil6892)..id(IB4010.D.sil6894)"/>
   </segment>
   <segment nite:id="IB4010.D.asg.35126" participant="m4046">
      <nite:child href="IB4010.D.words.xml#id(IB4010.D.sil6895)..id(IB4010.D.sil6907)"/>
   </segment>
   <segment nite:id="IB4010.D.asg.35127" participant="m4046">
      <nite:child href="IB4010.D.words.xml#id(IB4010.D.sil6908)..id(IB4010.D.sil6911)"/>
   </segment>
   <segment nite:id="IB4010.D.asg.35128" participant="m4046">
      <nite:child href="IB4010.D.words.xml#id(IB4010.D.sil6912)..id(IB4010.D.sil6914)"/>
   </segment>
   <segment nite:id="IB4010.D.asg.35129" participant="m4046">
      <nite:child href="IB4010.D.words.xml#id(IB4010.D.sil6915)..id(IB4010.D.sil6918)"/>
   </segment>
   <segment nite:id="IB4010.D.asg.35130" participant="m4046">
      <nite:child href="IB4010.D.words.xml#id(IB4010.D.sil6919)..id(IB4010.D.sil6931)"/>
   </segment>
   <segment nite:id="IB4010.D.asg.35131" participant="m4046">
      <nite:child href="IB4010.D.words.xml#id(IB4010.D.sil6932)..id(IB4010.D.sil6934)"/>
   </segment>
   <segment nite:id="IB4010.D.asg.35132" participant="m4046">
      <nite:child href="IB4010.D.words.xml#id(IB4010.D.sil6935)..id(IB4010.D.sil6942)"/>
   </segment>
   <segment nite:id="IB4010.D.asg.35133" participant="m4046">
      <nite:child href="IB4010.D.words.xml#id(IB4010.D.sil6943)..id(IB4010.D.sil6955)"/>
   </segment>
   <segment nite:id="IB4010.D.asg.35134" participant="m4046">
      <nite:child href="IB4010.D.words.xml#id(IB4010.D.sil6956)..id(IB4010.D.sil6974)"/>
   </segment>
   <segment nite:id="IB4010.D.asg.35135" participant="m4046">
      <nite:child href="IB4010.D.words.xml#id(IB4010.D.sil6975)..id(IB4010.D.sil6981)"/>
   </segment>
   <segment nite:id="IB4010.D.asg.35136" participant="m4046">
      <nite:child href="IB4010.D.words.xml#id(IB4010.D.sil6982)..id(IB4010.D.sil6989)"/>
   </segment>
   <segment nite:id="IB4010.D.asg.35137" participant="m4046">
      <nite:child href="IB4010.D.words.xml#id(IB4010.D.sil6990)..id(IB4010.D.sil7020)"/>
   </segment>
   <segment nite:id="IB4010.D.asg.35138" participant="m4046">
      <nite:child href="IB4010.D.words.xml#id(IB4010.D.sil7021)..id(IB4010.D.sil7023)"/>
   </segment>
   <segment nite:id="IB4010.D.asg.35139" participant="m4046">
      <nite:child href="IB4010.D.words.xml#id(IB4010.D.sil7024)..id(IB4010.D.sil7030)"/>
   </segment>
   <segment nite:id="IB4010.D.asg.35140" participant="m4046">
      <nite:child href="IB4010.D.words.xml#id(IB4010.D.sil7031)..id(IB4010.D.sil7036)"/>
   </segment>
   <segment nite:id="IB4010.D.asg.35141" participant="m4046">
      <nite:child href="IB4010.D.words.xml#id(IB4010.D.sil7037)..id(IB4010.D.sil7059)"/>
   </segment>
   <segment nite:id="IB4010.D.asg.35142" participant="m4046">
      <nite:child href="IB4010.D.words.xml#id(IB4010.D.sil7060)..id(IB4010.D.sil7065)"/>
   </segment>
   <segment nite:id="IB4010.D.asg.35143" participant="m4046">
      <nite:child href="IB4010.D.words.xml#id(IB4010.D.sil7066)..id(IB4010.D.sil7070)"/>
   </segment>
   <segment nite:id="IB4010.D.asg.35144" participant="m4046">
      <nite:child href="IB4010.D.words.xml#id(IB4010.D.sil7071)..id(IB4010.D.sil7073)"/>
   </segment>
   <segment nite:id="IB4010.D.asg.35145" participant="m4046">
      <nite:child href="IB4010.D.words.xml#id(IB4010.D.sil7074)..id(IB4010.D.sil7081)"/>
   </segment>
   <segment nite:id="IB4010.D.asg.35146" participant="m4046">
      <nite:child href="IB4010.D.words.xml#id(IB4010.D.sil7082)..id(IB4010.D.sil7084)"/>
   </segment>
   <segment nite:id="IB4010.D.asg.35147" participant="m4046">
      <nite:child href="IB4010.D.words.xml#id(IB4010.D.sil7085)..id(IB4010.D.sil7087)"/>
   </segment>
   <segment nite:id="IB4010.D.asg.35148" participant="m4046">
      <nite:child href="IB4010.D.words.xml#id(IB4010.D.sil7088)..id(IB4010.D.sil7094)"/>
   </segment>
   <segment nite:id="IB4010.D.asg.35149" participant="m4046">
      <nite:child href="IB4010.D.words.xml#id(IB4010.D.sil7095)..id(IB4010.D.sil7105)"/>
   </segment>
   <segment nite:id="IB4010.D.asg.35150" participant="m4046">
      <nite:child href="IB4010.D.words.xml#id(IB4010.D.sil7106)..id(IB4010.D.sil7108)"/>
   </segment>
   <segment nite:id="IB4010.D.asg.35151" participant="m4046">
      <nite:child href="IB4010.D.words.xml#id(IB4010.D.sil7109)..id(IB4010.D.sil7116)"/>
   </segment>
   <segment nite:id="IB4010.D.asg.35152" participant="m4046">
      <nite:child href="IB4010.D.words.xml#id(IB4010.D.sil7117)..id(IB4010.D.sil7119)"/>
   </segment>
   <segment nite:id="IB4010.D.asg.35153" participant="m4046">
      <nite:child href="IB4010.D.words.xml#id(IB4010.D.sil7120)..id(IB4010.D.sil7128)"/>
   </segment>
   <segment nite:id="IB4010.D.asg.35154" participant="m4046">
      <nite:child href="IB4010.D.words.xml#id(IB4010.D.sil7129)..id(IB4010.D.sil7132)"/>
   </segment>
   <segment nite:id="IB4010.D.asg.35155" participant="m4046">
      <nite:child href="IB4010.D.words.xml#id(IB4010.D.sil7133)..id(IB4010.D.sil7135)"/>
   </segment>
   <segment nite:id="IB4010.D.asg.35156" participant="m4046">
      <nite:child href="IB4010.D.words.xml#id(IB4010.D.sil7136)..id(IB4010.D.sil7145)"/>
   </segment>
   <segment nite:id="IB4010.D.asg.35157" participant="m4046">
      <nite:child href="IB4010.D.words.xml#id(IB4010.D.sil7146)..id(IB4010.D.sil7148)"/>
   </segment>
   <segment nite:id="IB4010.D.asg.35158" participant="m4046">
      <nite:child href="IB4010.D.words.xml#id(IB4010.D.sil7149)..id(IB4010.D.sil7152)"/>
   </segment>
   <segment nite:id="IB4010.D.asg.35159" participant="m4046">
      <nite:child href="IB4010.D.words.xml#id(IB4010.D.sil7153)..id(IB4010.D.sil7155)"/>
   </segment>
   <segment nite:id="IB4010.D.asg.35160" participant="m4046">
      <nite:child href="IB4010.D.words.xml#id(IB4010.D.sil7156)..id(IB4010.D.sil7165)"/>
   </segment>
   <segment nite:id="IB4010.D.asg.35161" participant="m4046">
      <nite:child href="IB4010.D.words.xml#id(IB4010.D.sil7166)..id(IB4010.D.sil7169)"/>
   </segment>
   <segment nite:id="IB4010.D.asg.35162" participant="m4046">
      <nite:child href="IB4010.D.words.xml#id(IB4010.D.sil7170)..id(IB4010.D.sil7174)"/>
   </segment>
   <segment nite:id="IB4010.D.asg.35163" participant="m4046">
      <nite:child href="IB4010.D.words.xml#id(IB4010.D.sil7175)..id(IB4010.D.sil7178)"/>
   </segment>
   <segment nite:id="IB4010.D.asg.35164" participant="m4046">
      <nite:child href="IB4010.D.words.xml#id(IB4010.D.sil7179)..id(IB4010.D.sil7181)"/>
   </segment>
   <segment nite:id="IB4010.D.asg.35165" participant="m4046">
      <nite:child href="IB4010.D.words.xml#id(IB4010.D.sil7182)..id(IB4010.D.sil7184)"/>
   </segment>
   <segment nite:id="IB4010.D.asg.35166" participant="m4046">
      <nite:child href="IB4010.D.words.xml#id(IB4010.D.sil7185)..id(IB4010.D.sil7201)"/>
   </segment>
   <segment nite:id="IB4010.D.asg.35167" participant="m4046">
      <nite:child href="IB4010.D.words.xml#id(IB4010.D.sil7202)..id(IB4010.D.sil7208)"/>
   </segment>
   <segment nite:id="IB4010.D.asg.35168" participant="m4046">
      <nite:child href="IB4010.D.words.xml#id(IB4010.D.sil7209)..id(IB4010.D.sil7217)"/>
   </segment>
   <segment nite:id="IB4010.D.asg.35169" participant="m4046">
      <nite:child href="IB4010.D.words.xml#id(IB4010.D.sil7218)..id(IB4010.D.sil7220)"/>
   </segment>
   <segment nite:id="IB4010.D.asg.35170" participant="m4046">
      <nite:child href="IB4010.D.words.xml#id(IB4010.D.sil7221)..id(IB4010.D.sil7228)"/>
   </segment>
   <segment nite:id="IB4010.D.asg.35171" participant="m4046">
      <nite:child href="IB4010.D.words.xml#id(IB4010.D.sil7229)..id(IB4010.D.sil7234)"/>
   </segment>
   <segment nite:id="IB4010.D.asg.35172" participant="m4046">
      <nite:child href="IB4010.D.words.xml#id(IB4010.D.sil7235)..id(IB4010.D.sil7248)"/>
   </segment>
   <segment nite:id="IB4010.D.asg.35173" participant="m4046">
      <nite:child href="IB4010.D.words.xml#id(IB4010.D.sil7249)..id(IB4010.D.sil7254)"/>
   </segment>
   <segment nite:id="IB4010.D.asg.35174" participant="m4046">
      <nite:child href="IB4010.D.words.xml#id(IB4010.D.sil7255)..id(IB4010.D.sil7268)"/>
   </segment>
   <segment nite:id="IB4010.D.asg.35175" participant="m4046">
      <nite:child href="IB4010.D.words.xml#id(IB4010.D.sil7269)..id(IB4010.D.sil7276)"/>
   </segment>
   <segment nite:id="IB4010.D.asg.35176" participant="m4046">
      <nite:child href="IB4010.D.words.xml#id(IB4010.D.sil7277)..id(IB4010.D.sil7284)"/>
   </segment>
   <segment nite:id="IB4010.D.asg.35177" participant="m4046">
      <nite:child href="IB4010.D.words.xml#id(IB4010.D.sil7285)..id(IB4010.D.sil7288)"/>
   </segment>
   <segment nite:id="IB4010.D.asg.35178" participant="m4046">
      <nite:child href="IB4010.D.words.xml#id(IB4010.D.sil7289)..id(IB4010.D.sil7293)"/>
   </segment>
   <segment nite:id="IB4010.D.asg.35179" participant="m4046">
      <nite:child href="IB4010.D.words.xml#id(IB4010.D.sil7294)..id(IB4010.D.sil7312)"/>
   </segment>
   <segment nite:id="IB4010.D.asg.35180" participant="m4046">
      <nite:child href="IB4010.D.words.xml#id(IB4010.D.sil7313)..id(IB4010.D.sil7325)"/>
   </segment>
   <segment nite:id="IB4010.D.asg.35181" participant="m4046">
      <nite:child href="IB4010.D.words.xml#id(IB4010.D.sil7326)..id(IB4010.D.sil7338)"/>
   </segment>
   <segment nite:id="IB4010.D.asg.35182" participant="m4046">
      <nite:child href="IB4010.D.words.xml#id(IB4010.D.sil7339)..id(IB4010.D.sil7347)"/>
   </segment>
   <segment nite:id="IB4010.D.asg.35183" participant="m4046">
      <nite:child href="IB4010.D.words.xml#id(IB4010.D.sil7348)..id(IB4010.D.sil7371)"/>
   </segment>
   <segment nite:id="IB4010.D.asg.35184" participant="m4046">
      <nite:child href="IB4010.D.words.xml#id(IB4010.D.sil7372)..id(IB4010.D.sil7377)"/>
   </segment>
   <segment nite:id="IB4010.D.asg.35185" participant="m4046">
      <nite:child href="IB4010.D.words.xml#id(IB4010.D.sil7378)..id(IB4010.D.sil7382)"/>
   </segment>
   <segment nite:id="IB4010.D.asg.35186" participant="m4046">
      <nite:child href="IB4010.D.words.xml#id(IB4010.D.sil7383)..id(IB4010.D.sil7390)"/>
   </segment>
   <segment nite:id="IB4010.D.asg.35187" participant="m4046">
      <nite:child href="IB4010.D.words.xml#id(IB4010.D.sil7391)..id(IB4010.D.sil7393)"/>
   </segment>
   <segment nite:id="IB4010.D.asg.35188" participant="m4046">
      <nite:child href="IB4010.D.words.xml#id(IB4010.D.sil7394)..id(IB4010.D.sil7400)"/>
   </segment>
   <segment nite:id="IB4010.D.asg.35189" participant="m4046">
      <nite:child href="IB4010.D.words.xml#id(IB4010.D.sil7401)..id(IB4010.D.sil7434)"/>
   </segment>
   <segment nite:id="IB4010.D.asg.35190" participant="m4046">
      <nite:child href="IB4010.D.words.xml#id(IB4010.D.sil7435)..id(IB4010.D.sil7449)"/>
   </segment>
   <segment nite:id="IB4010.D.asg.35191" participant="m4046">
      <nite:child href="IB4010.D.words.xml#id(IB4010.D.sil7450)..id(IB4010.D.sil7457)"/>
   </segment>
   <segment nite:id="IB4010.D.asg.35192" participant="m4046">
      <nite:child href="IB4010.D.words.xml#id(IB4010.D.sil7458)..id(IB4010.D.sil7463)"/>
   </segment>
   <segment nite:id="IB4010.D.asg.35193" participant="m4046">
      <nite:child href="IB4010.D.words.xml#id(IB4010.D.sil7464)..id(IB4010.D.sil7478)"/>
   </segment>
   <segment nite:id="IB4010.D.asg.35194" participant="m4046">
      <nite:child href="IB4010.D.words.xml#id(IB4010.D.sil7479)..id(IB4010.D.sil7489)"/>
   </segment>
   <segment nite:id="IB4010.D.asg.35195" participant="m4046">
      <nite:child href="IB4010.D.words.xml#id(IB4010.D.sil7490)..id(IB4010.D.sil7505)"/>
   </segment>
   <segment nite:id="IB4010.D.asg.35196" participant="m4046">
      <nite:child href="IB4010.D.words.xml#id(IB4010.D.sil7506)..id(IB4010.D.sil7512)"/>
   </segment>
   <segment nite:id="IB4010.D.asg.35197" participant="m4046">
      <nite:child href="IB4010.D.words.xml#id(IB4010.D.sil7513)..id(IB4010.D.sil7517)"/>
   </segment>
   <segment nite:id="IB4010.D.asg.35198" participant="m4046">
      <nite:child href="IB4010.D.words.xml#id(IB4010.D.sil7518)..id(IB4010.D.sil7523)"/>
   </segment>
   <segment nite:id="IB4010.D.asg.35199" participant="m4046">
      <nite:child href="IB4010.D.words.xml#id(IB4010.D.sil7524)..id(IB4010.D.sil7528)"/>
   </segment>
   <segment nite:id="IB4010.D.asg.35200" participant="m4046">
      <nite:child href="IB4010.D.words.xml#id(IB4010.D.sil7529)..id(IB4010.D.sil7533)"/>
   </segment>
   <segment nite:id="IB4010.D.asg.35201" participant="m4046">
      <nite:child href="IB4010.D.words.xml#id(IB4010.D.sil7534)..id(IB4010.D.sil7541)"/>
   </segment>
   <segment nite:id="IB4010.D.asg.35202" participant="m4046">
      <nite:child href="IB4010.D.words.xml#id(IB4010.D.sil7542)..id(IB4010.D.sil7544)"/>
   </segment>
   <segment nite:id="IB4010.D.asg.35203" participant="m4046">
      <nite:child href="IB4010.D.words.xml#id(IB4010.D.sil7545)..id(IB4010.D.sil7547)"/>
   </segment>
   <segment nite:id="IB4010.D.asg.35204" participant="m4046">
      <nite:child href="IB4010.D.words.xml#id(IB4010.D.sil7548)..id(IB4010.D.sil7551)"/>
   </segment>
   <segment nite:id="IB4010.D.asg.35205" participant="m4046">
      <nite:child href="IB4010.D.words.xml#id(IB4010.D.sil7552)..id(IB4010.D.sil7554)"/>
   </segment>
   <segment nite:id="IB4010.D.asg.35206" participant="m4046">
      <nite:child href="IB4010.D.words.xml#id(IB4010.D.sil7555)..id(IB4010.D.sil7562)"/>
   </segment>
   <segment nite:id="IB4010.D.asg.35207" participant="m4046">
      <nite:child href="IB4010.D.words.xml#id(IB4010.D.sil7563)..id(IB4010.D.sil7569)"/>
   </segment>
   <segment nite:id="IB4010.D.asg.35208" participant="m4046">
      <nite:child href="IB4010.D.words.xml#id(IB4010.D.sil7570)..id(IB4010.D.sil7590)"/>
   </segment>
   <segment nite:id="IB4010.D.asg.35209" participant="m4046">
      <nite:child href="IB4010.D.words.xml#id(IB4010.D.sil7591)..id(IB4010.D.sil7595)"/>
   </segment>
   <segment nite:id="IB4010.D.asg.35210" participant="m4046">
      <nite:child href="IB4010.D.words.xml#id(IB4010.D.sil7596)..id(IB4010.D.sil7614)"/>
   </segment>
   <segment nite:id="IB4010.D.asg.35211" participant="m4046">
      <nite:child href="IB4010.D.words.xml#id(IB4010.D.sil7615)..id(IB4010.D.sil7623)"/>
   </segment>
   <segment nite:id="IB4010.D.asg.35212" participant="m4046">
      <nite:child href="IB4010.D.words.xml#id(IB4010.D.sil7624)..id(IB4010.D.sil7632)"/>
   </segment>
   <segment nite:id="IB4010.D.asg.35213" participant="m4046">
      <nite:child href="IB4010.D.words.xml#id(IB4010.D.sil7633)..id(IB4010.D.sil7638)"/>
   </segment>
   <segment nite:id="IB4010.D.asg.35214" participant="m4046">
      <nite:child href="IB4010.D.words.xml#id(IB4010.D.sil7639)..id(IB4010.D.sil7642)"/>
   </segment>
   <segment nite:id="IB4010.D.asg.35215" participant="m4046">
      <nite:child href="IB4010.D.words.xml#id(IB4010.D.sil7643)..id(IB4010.D.sil7653)"/>
   </segment>
   <segment nite:id="IB4010.D.asg.35216" participant="m4046">
      <nite:child href="IB4010.D.words.xml#id(IB4010.D.sil7654)..id(IB4010.D.sil7658)"/>
   </segment>
   <segment nite:id="IB4010.D.asg.35217" participant="m4046">
      <nite:child href="IB4010.D.words.xml#id(IB4010.D.sil7659)..id(IB4010.D.sil7666)"/>
   </segment>
   <segment nite:id="IB4010.D.asg.35218" participant="m4046">
      <nite:child href="IB4010.D.words.xml#id(IB4010.D.sil7667)..id(IB4010.D.sil7686)"/>
   </segment>
   <segment nite:id="IB4010.D.asg.35219" participant="m4046">
      <nite:child href="IB4010.D.words.xml#id(IB4010.D.sil7687)..id(IB4010.D.sil7695)"/>
   </segment>
   <segment nite:id="IB4010.D.asg.35220" participant="m4046">
      <nite:child href="IB4010.D.words.xml#id(IB4010.D.sil7696)..id(IB4010.D.sil7709)"/>
   </segment>
   <segment nite:id="IB4010.D.asg.35221" participant="m4046">
      <nite:child href="IB4010.D.words.xml#id(IB4010.D.sil7710)..id(IB4010.D.sil7716)"/>
   </segment>
   <segment nite:id="IB4010.D.asg.35222" participant="m4046">
      <nite:child href="IB4010.D.words.xml#id(IB4010.D.sil7717)..id(IB4010.D.sil7737)"/>
   </segment>
   <segment nite:id="IB4010.D.asg.35223" participant="m4046">
      <nite:child href="IB4010.D.words.xml#id(IB4010.D.sil7738)..id(IB4010.D.sil7764)"/>
   </segment>
   <segment nite:id="IB4010.D.asg.35224" participant="m4046">
      <nite:child href="IB4010.D.words.xml#id(IB4010.D.sil7765)..id(IB4010.D.sil7770)"/>
   </segment>
   <segment nite:id="IB4010.D.asg.35225" participant="m4046">
      <nite:child href="IB4010.D.words.xml#id(IB4010.D.sil7771)..id(IB4010.D.sil7783)"/>
   </segment>
   <segment nite:id="IB4010.D.asg.35226" participant="m4046">
      <nite:child href="IB4010.D.words.xml#id(IB4010.D.sil7784)..id(IB4010.D.sil7795)"/>
   </segment>
   <segment nite:id="IB4010.D.asg.35227" participant="m4046">
      <nite:child href="IB4010.D.words.xml#id(IB4010.D.sil7796)..id(IB4010.D.sil7804)"/>
   </segment>
   <segment nite:id="IB4010.D.asg.35228" participant="m4046">
      <nite:child href="IB4010.D.words.xml#id(IB4010.D.sil7805)..id(IB4010.D.sil7820)"/>
   </segment>
   <segment nite:id="IB4010.D.asg.35229" participant="m4046">
      <nite:child href="IB4010.D.words.xml#id(IB4010.D.sil7821)..id(IB4010.D.sil7824)"/>
   </segment>
   <segment nite:id="IB4010.D.asg.35230" participant="m4046">
      <nite:child href="IB4010.D.words.xml#id(IB4010.D.sil7825)..id(IB4010.D.sil7827)"/>
   </segment>
   <segment nite:id="IB4010.D.asg.35231" participant="m4046">
      <nite:child href="IB4010.D.words.xml#id(IB4010.D.sil7828)..id(IB4010.D.sil7851)"/>
   </segment>
   <segment nite:id="IB4010.D.asg.35232" participant="m4046">
      <nite:child href="IB4010.D.words.xml#id(IB4010.D.sil7852)..id(IB4010.D.sil7859)"/>
   </segment>
   <segment nite:id="IB4010.D.asg.35233" participant="m4046">
      <nite:child href="IB4010.D.words.xml#id(IB4010.D.sil7860)..id(IB4010.D.sil7866)"/>
   </segment>
   <segment nite:id="IB4010.D.asg.35234" participant="m4046">
      <nite:child href="IB4010.D.words.xml#id(IB4010.D.sil7867)..id(IB4010.D.sil7877)"/>
   </segment>
   <segment nite:id="IB4010.D.asg.35235" participant="m4046">
      <nite:child href="IB4010.D.words.xml#id(IB4010.D.sil7878)..id(IB4010.D.sil7888)"/>
   </segment>
   <segment nite:id="IB4010.D.asg.35236" participant="m4046">
      <nite:child href="IB4010.D.words.xml#id(IB4010.D.sil7889)..id(IB4010.D.sil7894)"/>
   </segment>
   <segment nite:id="IB4010.D.asg.35237" participant="m4046">
      <nite:child href="IB4010.D.words.xml#id(IB4010.D.sil7895)..id(IB4010.D.sil7901)"/>
   </segment>
   <segment nite:id="IB4010.D.asg.35238" participant="m4046">
      <nite:child href="IB4010.D.words.xml#id(IB4010.D.sil7902)..id(IB4010.D.sil7907)"/>
   </segment>
   <segment nite:id="IB4010.D.asg.35239" participant="m4046">
      <nite:child href="IB4010.D.words.xml#id(IB4010.D.sil7908)..id(IB4010.D.sil7911)"/>
   </segment>
   <segment nite:id="IB4010.D.asg.35240" participant="m4046">
      <nite:child href="IB4010.D.words.xml#id(IB4010.D.sil7912)..id(IB4010.D.sil7919)"/>
   </segment>
   <segment nite:id="IB4010.D.asg.35241" participant="m4046">
      <nite:child href="IB4010.D.words.xml#id(IB4010.D.sil7920)..id(IB4010.D.sil7923)"/>
   </segment>
   <segment nite:id="IB4010.D.asg.35242" participant="m4046">
      <nite:child href="IB4010.D.words.xml#id(IB4010.D.sil7924)..id(IB4010.D.sil7929)"/>
   </segment>
   <segment nite:id="IB4010.D.asg.35243" participant="m4046">
      <nite:child href="IB4010.D.words.xml#id(IB4010.D.sil7930)..id(IB4010.D.sil7938)"/>
   </segment>
   <segment nite:id="IB4010.D.asg.35244" participant="m4046">
      <nite:child href="IB4010.D.words.xml#id(IB4010.D.sil7939)..id(IB4010.D.sil7947)"/>
   </segment>
   <segment nite:id="IB4010.D.asg.35245" participant="m4046">
      <nite:child href="IB4010.D.words.xml#id(IB4010.D.sil7948)..id(IB4010.D.sil7963)"/>
   </segment>
   <segment nite:id="IB4010.D.asg.35246" participant="m4046">
      <nite:child href="IB4010.D.words.xml#id(IB4010.D.sil7964)..id(IB4010.D.sil7970)"/>
   </segment>
   <segment nite:id="IB4010.D.asg.35247" participant="m4046">
      <nite:child href="IB4010.D.words.xml#id(IB4010.D.sil7971)..id(IB4010.D.sil7992)"/>
   </segment>
   <segment nite:id="IB4010.D.asg.35248" participant="m4046">
      <nite:child href="IB4010.D.words.xml#id(IB4010.D.sil7993)..id(IB4010.D.sil8005)"/>
   </segment>
   <segment nite:id="IB4010.D.asg.35249" participant="m4046">
      <nite:child href="IB4010.D.words.xml#id(IB4010.D.sil8006)..id(IB4010.D.sil8009)"/>
   </segment>
   <segment nite:id="IB4010.D.asg.35250" participant="m4046">
      <nite:child href="IB4010.D.words.xml#id(IB4010.D.sil8010)..id(IB4010.D.sil8015)"/>
   </segment>
   <segment nite:id="IB4010.D.asg.35251" participant="m4046">
      <nite:child href="IB4010.D.words.xml#id(IB4010.D.sil8016)..id(IB4010.D.sil8026)"/>
   </segment>
   <segment nite:id="IB4010.D.asg.35252" participant="m4046">
      <nite:child href="IB4010.D.words.xml#id(IB4010.D.sil8027)..id(IB4010.D.sil8040)"/>
   </segment>
   <segment nite:id="IB4010.D.asg.35253" participant="m4046">
      <nite:child href="IB4010.D.words.xml#id(IB4010.D.sil8041)..id(IB4010.D.sil8050)"/>
   </segment>
   <segment nite:id="IB4010.D.asg.35254" participant="m4046">
      <nite:child href="IB4010.D.words.xml#id(IB4010.D.sil8051)..id(IB4010.D.sil8066)"/>
   </segment>
   <segment nite:id="IB4010.D.asg.35255" participant="m4046">
      <nite:child href="IB4010.D.words.xml#id(IB4010.D.sil8067)..id(IB4010.D.sil8070)"/>
   </segment>
   <segment nite:id="IB4010.D.asg.35256" participant="m4046">
      <nite:child href="IB4010.D.words.xml#id(IB4010.D.sil8071)..id(IB4010.D.sil8090)"/>
   </segment>
   <segment nite:id="IB4010.D.asg.35257" participant="m4046">
      <nite:child href="IB4010.D.words.xml#id(IB4010.D.sil8091)..id(IB4010.D.sil8095)"/>
   </segment>
   <segment nite:id="IB4010.D.asg.35258" participant="m4046">
      <nite:child href="IB4010.D.words.xml#id(IB4010.D.sil8096)..id(IB4010.D.sil8099)"/>
   </segment>
   <segment nite:id="IB4010.D.asg.35259" participant="m4046">
      <nite:child href="IB4010.D.words.xml#id(IB4010.D.sil8100)..id(IB4010.D.sil8102)"/>
   </segment>
   <segment nite:id="IB4010.D.asg.35260" participant="m4046">
      <nite:child href="IB4010.D.words.xml#id(IB4010.D.sil8103)..id(IB4010.D.sil8116)"/>
   </segment>
   <segment nite:id="IB4010.D.asg.35261" participant="m4046">
      <nite:child href="IB4010.D.words.xml#id(IB4010.D.sil8117)..id(IB4010.D.sil8131)"/>
   </segment>
   <segment nite:id="IB4010.D.asg.35262" participant="m4046">
      <nite:child href="IB4010.D.words.xml#id(IB4010.D.sil8132)..id(IB4010.D.sil8140)"/>
   </segment>
   <segment nite:id="IB4010.D.asg.35263" participant="m4046">
      <nite:child href="IB4010.D.words.xml#id(IB4010.D.sil8141)..id(IB4010.D.sil8148)"/>
   </segment>
   <segment nite:id="IB4010.D.asg.35264" participant="m4046">
      <nite:child href="IB4010.D.words.xml#id(IB4010.D.sil8149)..id(IB4010.D.sil8171)"/>
   </segment>
   <segment nite:id="IB4010.D.asg.35265" participant="m4046">
      <nite:child href="IB4010.D.words.xml#id(IB4010.D.sil8172)..id(IB4010.D.sil8186)"/>
   </segment>
   <segment nite:id="IB4010.D.asg.35266" participant="m4046">
      <nite:child href="IB4010.D.words.xml#id(IB4010.D.sil8187)..id(IB4010.D.sil8208)"/>
   </segment>
   <segment nite:id="IB4010.D.asg.35267" participant="m4046">
      <nite:child href="IB4010.D.words.xml#id(IB4010.D.sil8209)..id(IB4010.D.sil8214)"/>
   </segment>
   <segment nite:id="IB4010.D.asg.35268" participant="m4046">
      <nite:child href="IB4010.D.words.xml#id(IB4010.D.sil8215)..id(IB4010.D.sil8241)"/>
   </segment>
   <segment nite:id="IB4010.D.asg.35269" participant="m4046">
      <nite:child href="IB4010.D.words.xml#id(IB4010.D.sil8242)..id(IB4010.D.sil8248)"/>
   </segment>
   <segment nite:id="IB4010.D.asg.35270" participant="m4046">
      <nite:child href="IB4010.D.words.xml#id(IB4010.D.sil8249)..id(IB4010.D.sil8259)"/>
   </segment>
   <segment nite:id="IB4010.D.asg.35271" participant="m4046">
      <nite:child href="IB4010.D.words.xml#id(IB4010.D.sil8260)..id(IB4010.D.sil8263)"/>
   </segment>
   <segment nite:id="IB4010.D.asg.35272" participant="m4046">
      <nite:child href="IB4010.D.words.xml#id(IB4010.D.sil8264)..id(IB4010.D.sil8273)"/>
   </segment>
   <segment nite:id="IB4010.D.asg.35273" participant="m4046">
      <nite:child href="IB4010.D.words.xml#id(IB4010.D.sil8274)..id(IB4010.D.sil8283)"/>
   </segment>
   <segment nite:id="IB4010.D.asg.35274" participant="m4046">
      <nite:child href="IB4010.D.words.xml#id(IB4010.D.sil8284)..id(IB4010.D.sil8293)"/>
   </segment>
   <segment nite:id="IB4010.D.asg.35275" participant="m4046">
      <nite:child href="IB4010.D.words.xml#id(IB4010.D.sil8294)..id(IB4010.D.sil8307)"/>
   </segment>
   <segment nite:id="IB4010.D.asg.35276" participant="m4046">
      <nite:child href="IB4010.D.words.xml#id(IB4010.D.sil8308)..id(IB4010.D.sil8310)"/>
   </segment>
   <segment nite:id="IB4010.D.asg.35277" participant="m4046">
      <nite:child href="IB4010.D.words.xml#id(IB4010.D.sil8311)..id(IB4010.D.sil8344)"/>
   </segment>
   <segment nite:id="IB4010.D.asg.35278" participant="m4046">
      <nite:child href="IB4010.D.words.xml#id(IB4010.D.sil8345)..id(IB4010.D.sil8356)"/>
   </segment>
   <segment nite:id="IB4010.D.asg.35279" participant="m4046">
      <nite:child href="IB4010.D.words.xml#id(IB4010.D.sil8357)..id(IB4010.D.sil8361)"/>
   </segment>
   <segment nite:id="IB4010.D.asg.35280" participant="m4046">
      <nite:child href="IB4010.D.words.xml#id(IB4010.D.sil8362)..id(IB4010.D.sil8382)"/>
   </segment>
   <segment nite:id="IB4010.D.asg.35281" participant="m4046">
      <nite:child href="IB4010.D.words.xml#id(IB4010.D.sil8383)..id(IB4010.D.sil8386)"/>
   </segment>
   <segment nite:id="IB4010.D.asg.35282" participant="m4046">
      <nite:child href="IB4010.D.words.xml#id(IB4010.D.sil8387)..id(IB4010.D.sil8399)"/>
   </segment>
   <segment nite:id="IB4010.D.asg.35283" participant="m4046">
      <nite:child href="IB4010.D.words.xml#id(IB4010.D.sil8400)..id(IB4010.D.sil8440)"/>
   </segment>
   <segment nite:id="IB4010.D.asg.35284" participant="m4046">
      <nite:child href="IB4010.D.words.xml#id(IB4010.D.sil8441)..id(IB4010.D.sil8456)"/>
   </segment>
   <segment nite:id="IB4010.D.asg.35285" participant="m4046">
      <nite:child href="IB4010.D.words.xml#id(IB4010.D.sil8457)..id(IB4010.D.sil8485)"/>
   </segment>
   <segment nite:id="IB4010.D.asg.35286" participant="m4046">
      <nite:child href="IB4010.D.words.xml#id(IB4010.D.sil8486)..id(IB4010.D.sil8489)"/>
   </segment>
   <segment nite:id="IB4010.D.asg.35287" participant="m4046">
      <nite:child href="IB4010.D.words.xml#id(IB4010.D.sil8490)..id(IB4010.D.sil8500)"/>
   </segment>
   <segment nite:id="IB4010.D.asg.35288" participant="m4046">
      <nite:child href="IB4010.D.words.xml#id(IB4010.D.sil8501)..id(IB4010.D.sil8511)"/>
   </segment>
   <segment nite:id="IB4010.D.asg.35289" participant="m4046">
      <nite:child href="IB4010.D.words.xml#id(IB4010.D.sil8512)..id(IB4010.D.sil8516)"/>
   </segment>
   <segment nite:id="IB4010.D.asg.35290" participant="m4046">
      <nite:child href="IB4010.D.words.xml#id(IB4010.D.sil8517)..id(IB4010.D.sil8520)"/>
   </segment>
   <segment nite:id="IB4010.D.asg.35291" participant="m4046">
      <nite:child href="IB4010.D.words.xml#id(IB4010.D.sil8521)..id(IB4010.D.sil8540)"/>
   </segment>
   <segment nite:id="IB4010.D.asg.35292" participant="m4046">
      <nite:child href="IB4010.D.words.xml#id(IB4010.D.sil8541)..id(IB4010.D.sil8546)"/>
   </segment>
   <segment nite:id="IB4010.D.asg.35293" participant="m4046">
      <nite:child href="IB4010.D.words.xml#id(IB4010.D.sil8547)..id(IB4010.D.sil8573)"/>
   </segment>
   <segment nite:id="IB4010.D.asg.35294" participant="m4046">
      <nite:child href="IB4010.D.words.xml#id(IB4010.D.sil8574)..id(IB4010.D.sil8589)"/>
   </segment>
   <segment nite:id="IB4010.D.asg.35295" participant="m4046">
      <nite:child href="IB4010.D.words.xml#id(IB4010.D.sil8590)..id(IB4010.D.sil8593)"/>
   </segment>
   <segment nite:id="IB4010.D.asg.35296" participant="m4046">
      <nite:child href="IB4010.D.words.xml#id(IB4010.D.sil8594)..id(IB4010.D.sil8607)"/>
   </segment>
   <segment nite:id="IB4010.D.asg.35297" participant="m4046">
      <nite:child href="IB4010.D.words.xml#id(IB4010.D.sil8608)..id(IB4010.D.sil8610)"/>
   </segment>
   <segment nite:id="IB4010.D.asg.35298" participant="m4046">
      <nite:child href="IB4010.D.words.xml#id(IB4010.D.sil8611)..id(IB4010.D.sil8613)"/>
   </segment>
   <segment nite:id="IB4010.D.asg.35299" participant="m4046">
      <nite:child href="IB4010.D.words.xml#id(IB4010.D.sil8614)..id(IB4010.D.sil8616)"/>
   </segment>
   <segment nite:id="IB4010.D.asg.35300" participant="m4046">
      <nite:child href="IB4010.D.words.xml#id(IB4010.D.sil8617)..id(IB4010.D.sil8636)"/>
   </segment>
   <segment nite:id="IB4010.D.asg.35301" participant="m4046">
      <nite:child href="IB4010.D.words.xml#id(IB4010.D.sil8637)..id(IB4010.D.sil8654)"/>
   </segment>
   <segment nite:id="IB4010.D.asg.35302" participant="m4046">
      <nite:child href="IB4010.D.words.xml#id(IB4010.D.sil8655)..id(IB4010.D.sil8663)"/>
   </segment>
   <segment nite:id="IB4010.D.asg.35303" participant="m4046">
      <nite:child href="IB4010.D.words.xml#id(IB4010.D.sil8664)..id(IB4010.D.sil8668)"/>
   </segment>
   <segment nite:id="IB4010.D.asg.35304" participant="m4046">
      <nite:child href="IB4010.D.words.xml#id(IB4010.D.sil8669)..id(IB4010.D.sil8695)"/>
   </segment>
   <segment nite:id="IB4010.D.asg.35305" participant="m4046">
      <nite:child href="IB4010.D.words.xml#id(IB4010.D.sil8696)..id(IB4010.D.sil8706)"/>
   </segment>
   <segment nite:id="IB4010.D.asg.35306" participant="m4046">
      <nite:child href="IB4010.D.words.xml#id(IB4010.D.sil8707)..id(IB4010.D.sil8721)"/>
   </segment>
   <segment nite:id="IB4010.D.asg.35307" participant="m4046">
      <nite:child href="IB4010.D.words.xml#id(IB4010.D.sil8722)..id(IB4010.D.sil8749)"/>
   </segment>
   <segment nite:id="IB4010.D.asg.35308" participant="m4046">
      <nite:child href="IB4010.D.words.xml#id(IB4010.D.sil8750)..id(IB4010.D.sil8753)"/>
   </segment>
   <segment nite:id="IB4010.D.asg.35309" participant="m4046">
      <nite:child href="IB4010.D.words.xml#id(IB4010.D.sil8754)..id(IB4010.D.sil8757)"/>
   </segment>
   <segment nite:id="IB4010.D.asg.35310" participant="m4046">
      <nite:child href="IB4010.D.words.xml#id(IB4010.D.sil8758)..id(IB4010.D.sil8760)"/>
   </segment>
   <segment nite:id="IB4010.D.asg.35311" participant="m4046">
      <nite:child href="IB4010.D.words.xml#id(IB4010.D.sil8761)..id(IB4010.D.sil8787)"/>
   </segment>
   <segment nite:id="IB4010.D.asg.35312" participant="m4046">
      <nite:child href="IB4010.D.words.xml#id(IB4010.D.sil8788)..id(IB4010.D.sil8812)"/>
   </segment>
   <segment nite:id="IB4010.D.asg.35313" participant="m4046">
      <nite:child href="IB4010.D.words.xml#id(IB4010.D.sil8813)..id(IB4010.D.sil8820)"/>
   </segment>
   <segment nite:id="IB4010.D.asg.35314" participant="m4046">
      <nite:child href="IB4010.D.words.xml#id(IB4010.D.sil8821)..id(IB4010.D.sil8845)"/>
   </segment>
   <segment nite:id="IB4010.D.asg.35315" participant="m4046">
      <nite:child href="IB4010.D.words.xml#id(IB4010.D.sil8846)..id(IB4010.D.sil8855)"/>
   </segment>
   <segment nite:id="IB4010.D.asg.35316" participant="m4046">
      <nite:child href="IB4010.D.words.xml#id(IB4010.D.sil8856)..id(IB4010.D.sil8864)"/>
   </segment>
   <segment nite:id="IB4010.D.asg.35317" participant="m4046">
      <nite:child href="IB4010.D.words.xml#id(IB4010.D.sil8865)..id(IB4010.D.sil8867)"/>
   </segment>
   <segment nite:id="IB4010.D.asg.35318" participant="m4046">
      <nite:child href="IB4010.D.words.xml#id(IB4010.D.sil8868)..id(IB4010.D.sil8871)"/>
   </segment>
   <segment nite:id="IB4010.D.asg.35319" participant="m4046">
      <nite:child href="IB4010.D.words.xml#id(IB4010.D.sil8872)..id(IB4010.D.sil8874)"/>
   </segment>
   <segment nite:id="IB4010.D.asg.35320" participant="m4046">
      <nite:child href="IB4010.D.words.xml#id(IB4010.D.sil8875)..id(IB4010.D.sil8890)"/>
   </segment>
   <segment nite:id="IB4010.D.asg.35321" participant="m4046">
      <nite:child href="IB4010.D.words.xml#id(IB4010.D.sil8891)..id(IB4010.D.sil8904)"/>
   </segment>
   <segment nite:id="IB4010.D.asg.35322" participant="m4046">
      <nite:child href="IB4010.D.words.xml#id(IB4010.D.sil8905)..id(IB4010.D.sil8908)"/>
   </segment>
   <segment nite:id="IB4010.D.asg.35323" participant="m4046">
      <nite:child href="IB4010.D.words.xml#id(IB4010.D.sil8909)..id(IB4010.D.sil8911)"/>
   </segment>
   <segment nite:id="IB4010.D.asg.35324" participant="m4046">
      <nite:child href="IB4010.D.words.xml#id(IB4010.D.sil8912)..id(IB4010.D.sil8914)"/>
   </segment>
   <segment nite:id="IB4010.D.asg.35325" participant="m4046">
      <nite:child href="IB4010.D.words.xml#id(IB4010.D.sil8915)..id(IB4010.D.sil8919)"/>
   </segment>
   <segment nite:id="IB4010.D.asg.35326" participant="m4046">
      <nite:child href="IB4010.D.words.xml#id(IB4010.D.sil8920)..id(IB4010.D.sil8923)"/>
   </segment>
   <segment nite:id="IB4010.D.asg.35327" participant="m4046">
      <nite:child href="IB4010.D.words.xml#id(IB4010.D.sil8924)..id(IB4010.D.sil8951)"/>
   </segment>
   <segment nite:id="IB4010.D.asg.35328" participant="m4046">
      <nite:child href="IB4010.D.words.xml#id(IB4010.D.sil8952)..id(IB4010.D.sil8957)"/>
   </segment>
   <segment nite:id="IB4010.D.asg.35329" participant="m4046">
      <nite:child href="IB4010.D.words.xml#id(IB4010.D.sil8958)..id(IB4010.D.sil8963)"/>
   </segment>
   <segment nite:id="IB4010.D.asg.35330" participant="m4046">
      <nite:child href="IB4010.D.words.xml#id(IB4010.D.sil8964)..id(IB4010.D.sil8966)"/>
   </segment>
   <segment nite:id="IB4010.D.asg.35331" participant="m4046">
      <nite:child href="IB4010.D.words.xml#id(IB4010.D.sil8967)..id(IB4010.D.sil8969)"/>
   </segment>
   <segment nite:id="IB4010.D.asg.35332" participant="m4046">
      <nite:child href="IB4010.D.words.xml#id(IB4010.D.sil8970)..id(IB4010.D.sil8981)"/>
   </segment>
   <segment nite:id="IB4010.D.asg.35333" participant="m4046">
      <nite:child href="IB4010.D.words.xml#id(IB4010.D.sil8982)..id(IB4010.D.sil8985)"/>
   </segment>
   <segment nite:id="IB4010.D.asg.35334" participant="m4046">
      <nite:child href="IB4010.D.words.xml#id(IB4010.D.sil8986)..id(IB4010.D.sil8988)"/>
   </segment>
   <segment nite:id="IB4010.D.asg.35335" participant="m4046">
      <nite:child href="IB4010.D.words.xml#id(IB4010.D.sil8989)..id(IB4010.D.sil8991)"/>
   </segment>
   <segment nite:id="IB4010.D.asg.35336" participant="m4046">
      <nite:child href="IB4010.D.words.xml#id(IB4010.D.sil8992)..id(IB4010.D.sil8995)"/>
   </segment>
   <segment nite:id="IB4010.D.asg.35337" participant="m4046">
      <nite:child href="IB4010.D.words.xml#id(IB4010.D.sil8996)..id(IB4010.D.sil9001)"/>
   </segment>
   <segment nite:id="IB4010.D.asg.35338" participant="m4046">
      <nite:child href="IB4010.D.words.xml#id(IB4010.D.sil9002)..id(IB4010.D.sil9007)"/>
   </segment>
   <segment nite:id="IB4010.D.asg.35339" participant="m4046">
      <nite:child href="IB4010.D.words.xml#id(IB4010.D.sil9008)..id(IB4010.D.sil9011)"/>
   </segment>
   <segment nite:id="IB4010.D.asg.35340" participant="m4046">
      <nite:child href="IB4010.D.words.xml#id(IB4010.D.sil9012)..id(IB4010.D.sil9025)"/>
   </segment>
   <segment nite:id="IB4010.D.asg.35341" participant="m4046">
      <nite:child href="IB4010.D.words.xml#id(IB4010.D.sil9026)..id(IB4010.D.sil9028)"/>
   </segment>
   <segment nite:id="IB4010.D.asg.35342" participant="m4046">
      <nite:child href="IB4010.D.words.xml#id(IB4010.D.sil9029)..id(IB4010.D.sil9047)"/>
   </segment>
   <segment nite:id="IB4010.D.asg.35343" participant="m4046">
      <nite:child href="IB4010.D.words.xml#id(IB4010.D.sil9048)..id(IB4010.D.sil9050)"/>
   </segment>
   <segment nite:id="IB4010.D.asg.35344" participant="m4046">
      <nite:child href="IB4010.D.words.xml#id(IB4010.D.sil9051)..id(IB4010.D.sil9053)"/>
   </segment>
   <segment nite:id="IB4010.D.asg.35345" participant="m4046">
      <nite:child href="IB4010.D.words.xml#id(IB4010.D.sil9054)..id(IB4010.D.sil9067)"/>
   </segment>
   <segment nite:id="IB4010.D.asg.35346" participant="m4046">
      <nite:child href="IB4010.D.words.xml#id(IB4010.D.sil9068)..id(IB4010.D.sil9085)"/>
   </segment>
   <segment nite:id="IB4010.D.asg.35347" participant="m4046">
      <nite:child href="IB4010.D.words.xml#id(IB4010.D.sil9086)..id(IB4010.D.sil9088)"/>
   </segment>
   <segment nite:id="IB4010.D.asg.35348" participant="m4046">
      <nite:child href="IB4010.D.words.xml#id(IB4010.D.sil9089)..id(IB4010.D.sil9098)"/>
   </segment>
   <segment nite:id="IB4010.D.asg.35349" participant="m4046">
      <nite:child href="IB4010.D.words.xml#id(IB4010.D.sil9099)..id(IB4010.D.sil9102)"/>
   </segment>
   <segment nite:id="IB4010.D.asg.35350" participant="m4046">
      <nite:child href="IB4010.D.words.xml#id(IB4010.D.sil9103)..id(IB4010.D.sil9114)"/>
   </segment>
   <segment nite:id="IB4010.D.asg.35351" participant="m4046">
      <nite:child href="IB4010.D.words.xml#id(IB4010.D.sil9115)..id(IB4010.D.sil9118)"/>
   </segment>
   <segment nite:id="IB4010.D.asg.35352" participant="m4046">
      <nite:child href="IB4010.D.words.xml#id(IB4010.D.sil9119)..id(IB4010.D.sil9121)"/>
   </segment>
   <segment nite:id="IB4010.D.asg.35353" participant="m4046">
      <nite:child href="IB4010.D.words.xml#id(IB4010.D.sil9122)..id(IB4010.D.sil9126)"/>
   </segment>
   <segment nite:id="IB4010.D.asg.35354" participant="m4046">
      <nite:child href="IB4010.D.words.xml#id(IB4010.D.sil9127)..id(IB4010.D.sil9133)"/>
   </segment>
   <segment nite:id="IB4010.D.asg.35355" participant="m4046">
      <nite:child href="IB4010.D.words.xml#id(IB4010.D.sil9134)..id(IB4010.D.sil9145)"/>
   </segment>
   <segment nite:id="IB4010.D.asg.35356" participant="m4046">
      <nite:child href="IB4010.D.words.xml#id(IB4010.D.sil9146)..id(IB4010.D.sil9148)"/>
   </segment>
   <segment nite:id="IB4010.D.asg.35357" participant="m4046">
      <nite:child href="IB4010.D.words.xml#id(IB4010.D.sil9149)..id(IB4010.D.sil9165)"/>
   </segment>
   <segment nite:id="IB4010.D.asg.35358" participant="m4046">
      <nite:child href="IB4010.D.words.xml#id(IB4010.D.sil9166)..id(IB4010.D.sil9169)"/>
   </segment>
   <segment nite:id="IB4010.D.asg.35359" participant="m4046">
      <nite:child href="IB4010.D.words.xml#id(IB4010.D.sil9170)..id(IB4010.D.sil9172)"/>
   </segment>
   <segment nite:id="IB4010.D.asg.35360" participant="m4046">
      <nite:child href="IB4010.D.words.xml#id(IB4010.D.sil9173)..id(IB4010.D.sil9193)"/>
   </segment>
   <segment nite:id="IB4010.D.asg.35361" participant="m4046">
      <nite:child href="IB4010.D.words.xml#id(IB4010.D.sil9194)..id(IB4010.D.sil9196)"/>
   </segment>
   <segment nite:id="IB4010.D.asg.35362" participant="m4046">
      <nite:child href="IB4010.D.words.xml#id(IB4010.D.sil9197)..id(IB4010.D.sil9208)"/>
   </segment>
   <segment nite:id="IB4010.D.asg.35363" participant="m4046">
      <nite:child href="IB4010.D.words.xml#id(IB4010.D.sil9209)..id(IB4010.D.sil9212)"/>
   </segment>
   <segment nite:id="IB4010.D.asg.35364" participant="m4046">
      <nite:child href="IB4010.D.words.xml#id(IB4010.D.sil9213)..id(IB4010.D.sil9215)"/>
   </segment>
   <segment nite:id="IB4010.D.asg.35365" participant="m4046">
      <nite:child href="IB4010.D.words.xml#id(IB4010.D.sil9216)..id(IB4010.D.sil9219)"/>
   </segment>
   <segment nite:id="IB4010.D.asg.35366" participant="m4046">
      <nite:child href="IB4010.D.words.xml#id(IB4010.D.sil9220)..id(IB4010.D.sil9222)"/>
   </segment>
   <segment nite:id="IB4010.D.asg.35367" participant="m4046">
      <nite:child href="IB4010.D.words.xml#id(IB4010.D.sil9223)..id(IB4010.D.sil9226)"/>
   </segment>
   <segment nite:id="IB4010.D.asg.35368" participant="m4046">
      <nite:child href="IB4010.D.words.xml#id(IB4010.D.sil9227)..id(IB4010.D.sil9236)"/>
   </segment>
   <segment nite:id="IB4010.D.asg.35369" participant="m4046">
      <nite:child href="IB4010.D.words.xml#id(IB4010.D.sil9237)..id(IB4010.D.sil9241)"/>
   </segment>
   <segment nite:id="IB4010.D.asg.35370" participant="m4046">
      <nite:child href="IB4010.D.words.xml#id(IB4010.D.sil9242)..id(IB4010.D.sil9244)"/>
   </segment>
   <segment nite:id="IB4010.D.asg.35371" participant="m4046">
      <nite:child href="IB4010.D.words.xml#id(IB4010.D.sil9245)..id(IB4010.D.sil9247)"/>
   </segment>
</nite:root>