<?xml version="1.0" encoding="ISO-8859-1" standalone="yes"?>
<nite:root nite:id="IB4010.B.aseg" xmlns:nite="http://nite.sourceforge.net/">
   <segment nite:id="IB4010.B.asg.34416" participant="m4036">
      <nite:child href="IB4010.B.words.xml#id(IB4010.B.sil0)..id(IB4010.B.sil2)"/>
   </segment>
   <segment nite:id="IB4010.B.asg.34417" participant="m4036">
      <nite:child href="IB4010.B.words.xml#id(IB4010.B.sil3)..id(IB4010.B.sil6)"/>
   </segment>
   <segment nite:id="IB4010.B.asg.34418" participant="m4036">
      <nite:child href="IB4010.B.words.xml#id(IB4010.B.sil7)..id(IB4010.B.sil11)"/>
   </segment>
   <segment nite:id="IB4010.B.asg.34419" participant="m4036">
      <nite:child href="IB4010.B.words.xml#id(IB4010.B.sil12)..id(IB4010.B.sil14)"/>
   </segment>
   <segment nite:id="IB4010.B.asg.34420" participant="m4036">
      <nite:child href="IB4010.B.words.xml#id(IB4010.B.sil15)..id(IB4010.B.sil24)"/>
   </segment>
   <segment nite:id="IB4010.B.asg.34421" participant="m4036">
      <nite:child href="IB4010.B.words.xml#id(IB4010.B.sil25)..id(IB4010.B.sil28)"/>
   </segment>
   <segment nite:id="IB4010.B.asg.34422" participant="m4036">
      <nite:child href="IB4010.B.words.xml#id(IB4010.B.sil29)..id(IB4010.B.sil36)"/>
   </segment>
   <segment nite:id="IB4010.B.asg.34423" participant="m4036">
      <nite:child href="IB4010.B.words.xml#id(IB4010.B.sil37)..id(IB4010.B.sil39)"/>
   </segment>
   <segment nite:id="IB4010.B.asg.34424" participant="m4036">
      <nite:child href="IB4010.B.words.xml#id(IB4010.B.sil40)..id(IB4010.B.sil46)"/>
   </segment>
   <segment nite:id="IB4010.B.asg.34425" participant="m4036">
      <nite:child href="IB4010.B.words.xml#id(IB4010.B.sil47)..id(IB4010.B.sil51)"/>
   </segment>
   <segment nite:id="IB4010.B.asg.34426" participant="m4036">
      <nite:child href="IB4010.B.words.xml#id(IB4010.B.sil52)..id(IB4010.B.sil64)"/>
   </segment>
   <segment nite:id="IB4010.B.asg.34427" participant="m4036">
      <nite:child href="IB4010.B.words.xml#id(IB4010.B.sil65)..id(IB4010.B.sil67)"/>
   </segment>
   <segment nite:id="IB4010.B.asg.34428" participant="m4036">
      <nite:child href="IB4010.B.words.xml#id(IB4010.B.sil68)..id(IB4010.B.sil74)"/>
   </segment>
   <segment nite:id="IB4010.B.asg.34429" participant="m4036">
      <nite:child href="IB4010.B.words.xml#id(IB4010.B.sil75)..id(IB4010.B.sil80)"/>
   </segment>
   <segment nite:id="IB4010.B.asg.34430" participant="m4036">
      <nite:child href="IB4010.B.words.xml#id(IB4010.B.sil81)..id(IB4010.B.sil87)"/>
   </segment>
   <segment nite:id="IB4010.B.asg.34431" participant="m4036">
      <nite:child href="IB4010.B.words.xml#id(IB4010.B.sil88)..id(IB4010.B.sil90)"/>
   </segment>
   <segment nite:id="IB4010.B.asg.34432" participant="m4036">
      <nite:child href="IB4010.B.words.xml#id(IB4010.B.sil91)..id(IB4010.B.sil109)"/>
   </segment>
   <segment nite:id="IB4010.B.asg.34433" participant="m4036">
      <nite:child href="IB4010.B.words.xml#id(IB4010.B.sil110)..id(IB4010.B.sil119)"/>
   </segment>
   <segment nite:id="IB4010.B.asg.34434" participant="m4036">
      <nite:child href="IB4010.B.words.xml#id(IB4010.B.sil120)..id(IB4010.B.sil131)"/>
   </segment>
   <segment nite:id="IB4010.B.asg.34435" participant="m4036">
      <nite:child href="IB4010.B.words.xml#id(IB4010.B.sil132)..id(IB4010.B.sil134)"/>
   </segment>
   <segment nite:id="IB4010.B.asg.34436" participant="m4036">
      <nite:child href="IB4010.B.words.xml#id(IB4010.B.sil135)..id(IB4010.B.sil140)"/>
   </segment>
   <segment nite:id="IB4010.B.asg.34437" participant="m4036">
      <nite:child href="IB4010.B.words.xml#id(IB4010.B.sil141)..id(IB4010.B.sil151)"/>
   </segment>
   <segment nite:id="IB4010.B.asg.34438" participant="m4036">
      <nite:child href="IB4010.B.words.xml#id(IB4010.B.sil152)..id(IB4010.B.sil154)"/>
   </segment>
   <segment nite:id="IB4010.B.asg.34439" participant="m4036">
      <nite:child href="IB4010.B.words.xml#id(IB4010.B.sil155)..id(IB4010.B.sil158)"/>
   </segment>
   <segment nite:id="IB4010.B.asg.34440" participant="m4036">
      <nite:child href="IB4010.B.words.xml#id(IB4010.B.sil159)..id(IB4010.B.sil162)"/>
   </segment>
   <segment nite:id="IB4010.B.asg.34441" participant="m4036">
      <nite:child href="IB4010.B.words.xml#id(IB4010.B.sil163)..id(IB4010.B.sil221)"/>
   </segment>
   <segment nite:id="IB4010.B.asg.34442" participant="m4036">
      <nite:child href="IB4010.B.words.xml#id(IB4010.B.sil222)..id(IB4010.B.sil234)"/>
   </segment>
   <segment nite:id="IB4010.B.asg.34443" participant="m4036">
      <nite:child href="IB4010.B.words.xml#id(IB4010.B.sil235)..id(IB4010.B.sil238)"/>
   </segment>
   <segment nite:id="IB4010.B.asg.34444" participant="m4036">
      <nite:child href="IB4010.B.words.xml#id(IB4010.B.sil239)..id(IB4010.B.sil241)"/>
   </segment>
   <segment nite:id="IB4010.B.asg.34445" participant="m4036">
      <nite:child href="IB4010.B.words.xml#id(IB4010.B.sil242)..id(IB4010.B.sil249)"/>
   </segment>
   <segment nite:id="IB4010.B.asg.34446" participant="m4036">
      <nite:child href="IB4010.B.words.xml#id(IB4010.B.sil250)..id(IB4010.B.sil263)"/>
   </segment>
   <segment nite:id="IB4010.B.asg.34447" participant="m4036">
      <nite:child href="IB4010.B.words.xml#id(IB4010.B.sil264)..id(IB4010.B.sil281)"/>
   </segment>
   <segment nite:id="IB4010.B.asg.34448" participant="m4036">
      <nite:child href="IB4010.B.words.xml#id(IB4010.B.sil282)..id(IB4010.B.sil290)"/>
   </segment>
   <segment nite:id="IB4010.B.asg.34449" participant="m4036">
      <nite:child href="IB4010.B.words.xml#id(IB4010.B.sil291)..id(IB4010.B.sil296)"/>
   </segment>
   <segment nite:id="IB4010.B.asg.34450" participant="m4036">
      <nite:child href="IB4010.B.words.xml#id(IB4010.B.sil297)..id(IB4010.B.sil306)"/>
   </segment>
   <segment nite:id="IB4010.B.asg.34451" participant="m4036">
      <nite:child href="IB4010.B.words.xml#id(IB4010.B.sil307)..id(IB4010.B.sil309)"/>
   </segment>
   <segment nite:id="IB4010.B.asg.34452" participant="m4036">
      <nite:child href="IB4010.B.words.xml#id(IB4010.B.sil310)..id(IB4010.B.sil326)"/>
   </segment>
   <segment nite:id="IB4010.B.asg.34453" participant="m4036">
      <nite:child href="IB4010.B.words.xml#id(IB4010.B.sil327)..id(IB4010.B.sil340)"/>
   </segment>
   <segment nite:id="IB4010.B.asg.34454" participant="m4036">
      <nite:child href="IB4010.B.words.xml#id(IB4010.B.sil341)..id(IB4010.B.sil344)"/>
   </segment>
   <segment nite:id="IB4010.B.asg.34455" participant="m4036">
      <nite:child href="IB4010.B.words.xml#id(IB4010.B.sil345)..id(IB4010.B.sil352)"/>
   </segment>
   <segment nite:id="IB4010.B.asg.34456" participant="m4036">
      <nite:child href="IB4010.B.words.xml#id(IB4010.B.sil353)..id(IB4010.B.sil355)"/>
   </segment>
   <segment nite:id="IB4010.B.asg.34457" participant="m4036">
      <nite:child href="IB4010.B.words.xml#id(IB4010.B.sil356)..id(IB4010.B.sil358)"/>
   </segment>
   <segment nite:id="IB4010.B.asg.34458" participant="m4036">
      <nite:child href="IB4010.B.words.xml#id(IB4010.B.sil359)..id(IB4010.B.sil369)"/>
   </segment>
   <segment nite:id="IB4010.B.asg.34459" participant="m4036">
      <nite:child href="IB4010.B.words.xml#id(IB4010.B.sil370)..id(IB4010.B.sil374)"/>
   </segment>
   <segment nite:id="IB4010.B.asg.34460" participant="m4036">
      <nite:child href="IB4010.B.words.xml#id(IB4010.B.sil375)..id(IB4010.B.sil383)"/>
   </segment>
   <segment nite:id="IB4010.B.asg.34461" participant="m4036">
      <nite:child href="IB4010.B.words.xml#id(IB4010.B.sil384)..id(IB4010.B.sil386)"/>
   </segment>
   <segment nite:id="IB4010.B.asg.34462" participant="m4036">
      <nite:child href="IB4010.B.words.xml#id(IB4010.B.sil387)..id(IB4010.B.sil390)"/>
   </segment>
   <segment nite:id="IB4010.B.asg.34463" participant="m4036">
      <nite:child href="IB4010.B.words.xml#id(IB4010.B.sil391)..id(IB4010.B.sil393)"/>
   </segment>
   <segment nite:id="IB4010.B.asg.34464" participant="m4036">
      <nite:child href="IB4010.B.words.xml#id(IB4010.B.sil394)..id(IB4010.B.sil405)"/>
   </segment>
   <segment nite:id="IB4010.B.asg.34465" participant="m4036">
      <nite:child href="IB4010.B.words.xml#id(IB4010.B.sil406)..id(IB4010.B.sil408)"/>
   </segment>
   <segment nite:id="IB4010.B.asg.34466" participant="m4036">
      <nite:child href="IB4010.B.words.xml#id(IB4010.B.sil409)..id(IB4010.B.sil421)"/>
   </segment>
   <segment nite:id="IB4010.B.asg.34467" participant="m4036">
      <nite:child href="IB4010.B.words.xml#id(IB4010.B.sil422)..id(IB4010.B.sil424)"/>
   </segment>
   <segment nite:id="IB4010.B.asg.34468" participant="m4036">
      <nite:child href="IB4010.B.words.xml#id(IB4010.B.sil425)..id(IB4010.B.sil427)"/>
   </segment>
   <segment nite:id="IB4010.B.asg.34469" participant="m4036">
      <nite:child href="IB4010.B.words.xml#id(IB4010.B.sil428)..id(IB4010.B.sil430)"/>
   </segment>
   <segment nite:id="IB4010.B.asg.34470" participant="m4036">
      <nite:child href="IB4010.B.words.xml#id(IB4010.B.sil431)..id(IB4010.B.sil439)"/>
   </segment>
   <segment nite:id="IB4010.B.asg.34471" participant="m4036">
      <nite:child href="IB4010.B.words.xml#id(IB4010.B.sil440)..id(IB4010.B.sil442)"/>
   </segment>
   <segment nite:id="IB4010.B.asg.34472" participant="m4036">
      <nite:child href="IB4010.B.words.xml#id(IB4010.B.sil443)..id(IB4010.B.sil445)"/>
   </segment>
   <segment nite:id="IB4010.B.asg.34473" participant="m4036">
      <nite:child href="IB4010.B.words.xml#id(IB4010.B.sil446)..id(IB4010.B.sil464)"/>
   </segment>
   <segment nite:id="IB4010.B.asg.34474" participant="m4036">
      <nite:child href="IB4010.B.words.xml#id(IB4010.B.sil465)..id(IB4010.B.sil475)"/>
   </segment>
   <segment nite:id="IB4010.B.asg.34475" participant="m4036">
      <nite:child href="IB4010.B.words.xml#id(IB4010.B.sil476)..id(IB4010.B.sil506)"/>
   </segment>
   <segment nite:id="IB4010.B.asg.34476" participant="m4036">
      <nite:child href="IB4010.B.words.xml#id(IB4010.B.sil507)..id(IB4010.B.sil512)"/>
   </segment>
   <segment nite:id="IB4010.B.asg.34477" participant="m4036">
      <nite:child href="IB4010.B.words.xml#id(IB4010.B.sil513)..id(IB4010.B.sil525)"/>
   </segment>
   <segment nite:id="IB4010.B.asg.34478" participant="m4036">
      <nite:child href="IB4010.B.words.xml#id(IB4010.B.sil526)..id(IB4010.B.sil532)"/>
   </segment>
   <segment nite:id="IB4010.B.asg.34479" participant="m4036">
      <nite:child href="IB4010.B.words.xml#id(IB4010.B.sil533)..id(IB4010.B.sil536)"/>
   </segment>
   <segment nite:id="IB4010.B.asg.34480" participant="m4036">
      <nite:child href="IB4010.B.words.xml#id(IB4010.B.sil537)..id(IB4010.B.sil544)"/>
   </segment>
   <segment nite:id="IB4010.B.asg.34481" participant="m4036">
      <nite:child href="IB4010.B.words.xml#id(IB4010.B.sil545)..id(IB4010.B.sil547)"/>
   </segment>
   <segment nite:id="IB4010.B.asg.34482" participant="m4036">
      <nite:child href="IB4010.B.words.xml#id(IB4010.B.sil548)..id(IB4010.B.sil554)"/>
   </segment>
   <segment nite:id="IB4010.B.asg.34483" participant="m4036">
      <nite:child href="IB4010.B.words.xml#id(IB4010.B.sil555)..id(IB4010.B.sil576)"/>
   </segment>
   <segment nite:id="IB4010.B.asg.34484" participant="m4036">
      <nite:child href="IB4010.B.words.xml#id(IB4010.B.sil577)..id(IB4010.B.sil580)"/>
   </segment>
   <segment nite:id="IB4010.B.asg.34485" participant="m4036">
      <nite:child href="IB4010.B.words.xml#id(IB4010.B.sil581)..id(IB4010.B.sil585)"/>
   </segment>
   <segment nite:id="IB4010.B.asg.34486" participant="m4036">
      <nite:child href="IB4010.B.words.xml#id(IB4010.B.sil586)..id(IB4010.B.sil592)"/>
   </segment>
   <segment nite:id="IB4010.B.asg.34487" participant="m4036">
      <nite:child href="IB4010.B.words.xml#id(IB4010.B.sil593)..id(IB4010.B.sil609)"/>
   </segment>
   <segment nite:id="IB4010.B.asg.34488" participant="m4036">
      <nite:child href="IB4010.B.words.xml#id(IB4010.B.sil610)..id(IB4010.B.sil632)"/>
   </segment>
   <segment nite:id="IB4010.B.asg.34489" participant="m4036">
      <nite:child href="IB4010.B.words.xml#id(IB4010.B.sil633)..id(IB4010.B.sil642)"/>
   </segment>
   <segment nite:id="IB4010.B.asg.34490" participant="m4036">
      <nite:child href="IB4010.B.words.xml#id(IB4010.B.sil643)..id(IB4010.B.sil653)"/>
   </segment>
   <segment nite:id="IB4010.B.asg.34491" participant="m4036">
      <nite:child href="IB4010.B.words.xml#id(IB4010.B.sil654)..id(IB4010.B.sil661)"/>
   </segment>
   <segment nite:id="IB4010.B.asg.34492" participant="m4036">
      <nite:child href="IB4010.B.words.xml#id(IB4010.B.sil662)..id(IB4010.B.sil674)"/>
   </segment>
   <segment nite:id="IB4010.B.asg.34493" participant="m4036">
      <nite:child href="IB4010.B.words.xml#id(IB4010.B.sil675)..id(IB4010.B.sil694)"/>
   </segment>
   <segment nite:id="IB4010.B.asg.34494" participant="m4036">
      <nite:child href="IB4010.B.words.xml#id(IB4010.B.sil695)..id(IB4010.B.sil697)"/>
   </segment>
   <segment nite:id="IB4010.B.asg.34495" participant="m4036">
      <nite:child href="IB4010.B.words.xml#id(IB4010.B.sil698)..id(IB4010.B.sil700)"/>
   </segment>
   <segment nite:id="IB4010.B.asg.34496" participant="m4036">
      <nite:child href="IB4010.B.words.xml#id(IB4010.B.sil701)..id(IB4010.B.sil703)"/>
   </segment>
   <segment nite:id="IB4010.B.asg.34497" participant="m4036">
      <nite:child href="IB4010.B.words.xml#id(IB4010.B.sil704)..id(IB4010.B.sil713)"/>
   </segment>
   <segment nite:id="IB4010.B.asg.34498" participant="m4036">
      <nite:child href="IB4010.B.words.xml#id(IB4010.B.sil714)..id(IB4010.B.sil722)"/>
   </segment>
   <segment nite:id="IB4010.B.asg.34499" participant="m4036">
      <nite:child href="IB4010.B.words.xml#id(IB4010.B.sil723)..id(IB4010.B.sil725)"/>
   </segment>
   <segment nite:id="IB4010.B.asg.34500" participant="m4036">
      <nite:child href="IB4010.B.words.xml#id(IB4010.B.sil726)..id(IB4010.B.sil728)"/>
   </segment>
   <segment nite:id="IB4010.B.asg.34501" participant="m4036">
      <nite:child href="IB4010.B.words.xml#id(IB4010.B.sil729)..id(IB4010.B.sil731)"/>
   </segment>
   <segment nite:id="IB4010.B.asg.34502" participant="m4036">
      <nite:child href="IB4010.B.words.xml#id(IB4010.B.sil732)..id(IB4010.B.sil734)"/>
   </segment>
   <segment nite:id="IB4010.B.asg.34503" participant="m4036">
      <nite:child href="IB4010.B.words.xml#id(IB4010.B.sil735)..id(IB4010.B.sil742)"/>
   </segment>
   <segment nite:id="IB4010.B.asg.34504" participant="m4036">
      <nite:child href="IB4010.B.words.xml#id(IB4010.B.sil743)..id(IB4010.B.sil749)"/>
   </segment>
   <segment nite:id="IB4010.B.asg.34505" participant="m4036">
      <nite:child href="IB4010.B.words.xml#id(IB4010.B.sil750)..id(IB4010.B.sil755)"/>
   </segment>
   <segment nite:id="IB4010.B.asg.34506" participant="m4036">
      <nite:child href="IB4010.B.words.xml#id(IB4010.B.sil756)..id(IB4010.B.sil764)"/>
   </segment>
   <segment nite:id="IB4010.B.asg.34507" participant="m4036">
      <nite:child href="IB4010.B.words.xml#id(IB4010.B.sil765)..id(IB4010.B.sil767)"/>
   </segment>
   <segment nite:id="IB4010.B.asg.34508" participant="m4036">
      <nite:child href="IB4010.B.words.xml#id(IB4010.B.sil768)..id(IB4010.B.sil771)"/>
   </segment>
   <segment nite:id="IB4010.B.asg.34509" participant="m4036">
      <nite:child href="IB4010.B.words.xml#id(IB4010.B.sil772)..id(IB4010.B.sil781)"/>
   </segment>
   <segment nite:id="IB4010.B.asg.34510" participant="m4036">
      <nite:child href="IB4010.B.words.xml#id(IB4010.B.sil782)..id(IB4010.B.sil802)"/>
   </segment>
   <segment nite:id="IB4010.B.asg.34511" participant="m4036">
      <nite:child href="IB4010.B.words.xml#id(IB4010.B.sil803)..id(IB4010.B.sil812)"/>
   </segment>
   <segment nite:id="IB4010.B.asg.34512" participant="m4036">
      <nite:child href="IB4010.B.words.xml#id(IB4010.B.sil813)..id(IB4010.B.sil823)"/>
   </segment>
   <segment nite:id="IB4010.B.asg.34513" participant="m4036">
      <nite:child href="IB4010.B.words.xml#id(IB4010.B.sil824)..id(IB4010.B.sil831)"/>
   </segment>
   <segment nite:id="IB4010.B.asg.34514" participant="m4036">
      <nite:child href="IB4010.B.words.xml#id(IB4010.B.sil832)..id(IB4010.B.sil835)"/>
   </segment>
   <segment nite:id="IB4010.B.asg.34515" participant="m4036">
      <nite:child href="IB4010.B.words.xml#id(IB4010.B.sil836)..id(IB4010.B.sil838)"/>
   </segment>
   <segment nite:id="IB4010.B.asg.34516" participant="m4036">
      <nite:child href="IB4010.B.words.xml#id(IB4010.B.sil839)..id(IB4010.B.sil841)"/>
   </segment>
   <segment nite:id="IB4010.B.asg.34517" participant="m4036">
      <nite:child href="IB4010.B.words.xml#id(IB4010.B.sil842)..id(IB4010.B.sil847)"/>
   </segment>
   <segment nite:id="IB4010.B.asg.34518" participant="m4036">
      <nite:child href="IB4010.B.words.xml#id(IB4010.B.sil848)..id(IB4010.B.sil852)"/>
   </segment>
   <segment nite:id="IB4010.B.asg.34519" participant="m4036">
      <nite:child href="IB4010.B.words.xml#id(IB4010.B.sil853)..id(IB4010.B.sil855)"/>
   </segment>
   <segment nite:id="IB4010.B.asg.34520" participant="m4036">
      <nite:child href="IB4010.B.words.xml#id(IB4010.B.sil856)..id(IB4010.B.sil858)"/>
   </segment>
   <segment nite:id="IB4010.B.asg.34521" participant="m4036">
      <nite:child href="IB4010.B.words.xml#id(IB4010.B.sil859)..id(IB4010.B.sil864)"/>
   </segment>
   <segment nite:id="IB4010.B.asg.34522" participant="m4036">
      <nite:child href="IB4010.B.words.xml#id(IB4010.B.sil865)..id(IB4010.B.sil880)"/>
   </segment>
   <segment nite:id="IB4010.B.asg.34523" participant="m4036">
      <nite:child href="IB4010.B.words.xml#id(IB4010.B.sil881)..id(IB4010.B.sil892)"/>
   </segment>
   <segment nite:id="IB4010.B.asg.34524" participant="m4036">
      <nite:child href="IB4010.B.words.xml#id(IB4010.B.sil893)..id(IB4010.B.sil900)"/>
   </segment>
   <segment nite:id="IB4010.B.asg.34525" participant="m4036">
      <nite:child href="IB4010.B.words.xml#id(IB4010.B.sil901)..id(IB4010.B.sil903)"/>
   </segment>
   <segment nite:id="IB4010.B.asg.34526" participant="m4036">
      <nite:child href="IB4010.B.words.xml#id(IB4010.B.sil904)..id(IB4010.B.sil917)"/>
   </segment>
   <segment nite:id="IB4010.B.asg.34527" participant="m4036">
      <nite:child href="IB4010.B.words.xml#id(IB4010.B.sil918)..id(IB4010.B.sil921)"/>
   </segment>
   <segment nite:id="IB4010.B.asg.34528" participant="m4036">
      <nite:child href="IB4010.B.words.xml#id(IB4010.B.sil922)..id(IB4010.B.sil925)"/>
   </segment>
   <segment nite:id="IB4010.B.asg.34529" participant="m4036">
      <nite:child href="IB4010.B.words.xml#id(IB4010.B.sil926)..id(IB4010.B.sil929)"/>
   </segment>
   <segment nite:id="IB4010.B.asg.34530" participant="m4036">
      <nite:child href="IB4010.B.words.xml#id(IB4010.B.sil930)..id(IB4010.B.sil945)"/>
   </segment>
   <segment nite:id="IB4010.B.asg.34531" participant="m4036">
      <nite:child href="IB4010.B.words.xml#id(IB4010.B.sil946)..id(IB4010.B.sil949)"/>
   </segment>
   <segment nite:id="IB4010.B.asg.34532" participant="m4036">
      <nite:child href="IB4010.B.words.xml#id(IB4010.B.sil950)..id(IB4010.B.sil952)"/>
   </segment>
   <segment nite:id="IB4010.B.asg.34533" participant="m4036">
      <nite:child href="IB4010.B.words.xml#id(IB4010.B.sil953)..id(IB4010.B.sil971)"/>
   </segment>
   <segment nite:id="IB4010.B.asg.34534" participant="m4036">
      <nite:child href="IB4010.B.words.xml#id(IB4010.B.sil972)..id(IB4010.B.sil983)"/>
   </segment>
   <segment nite:id="IB4010.B.asg.34535" participant="m4036">
      <nite:child href="IB4010.B.words.xml#id(IB4010.B.sil984)..id(IB4010.B.sil987)"/>
   </segment>
   <segment nite:id="IB4010.B.asg.34536" participant="m4036">
      <nite:child href="IB4010.B.words.xml#id(IB4010.B.sil988)..id(IB4010.B.sil990)"/>
   </segment>
   <segment nite:id="IB4010.B.asg.34537" participant="m4036">
      <nite:child href="IB4010.B.words.xml#id(IB4010.B.sil991)..id(IB4010.B.sil1009)"/>
   </segment>
   <segment nite:id="IB4010.B.asg.34538" participant="m4036">
      <nite:child href="IB4010.B.words.xml#id(IB4010.B.sil1010)..id(IB4010.B.sil1015)"/>
   </segment>
   <segment nite:id="IB4010.B.asg.34539" participant="m4036">
      <nite:child href="IB4010.B.words.xml#id(IB4010.B.sil1016)..id(IB4010.B.sil1018)"/>
   </segment>
   <segment nite:id="IB4010.B.asg.34540" participant="m4036">
      <nite:child href="IB4010.B.words.xml#id(IB4010.B.sil1019)..id(IB4010.B.sil1032)"/>
   </segment>
   <segment nite:id="IB4010.B.asg.34541" participant="m4036">
      <nite:child href="IB4010.B.words.xml#id(IB4010.B.sil1033)..id(IB4010.B.sil1035)"/>
   </segment>
   <segment nite:id="IB4010.B.asg.34542" participant="m4036">
      <nite:child href="IB4010.B.words.xml#id(IB4010.B.sil1036)..id(IB4010.B.sil1038)"/>
   </segment>
   <segment nite:id="IB4010.B.asg.34543" participant="m4036">
      <nite:child href="IB4010.B.words.xml#id(IB4010.B.sil1039)..id(IB4010.B.sil1046)"/>
   </segment>
   <segment nite:id="IB4010.B.asg.34544" participant="m4036">
      <nite:child href="IB4010.B.words.xml#id(IB4010.B.sil1047)..id(IB4010.B.sil1050)"/>
   </segment>
   <segment nite:id="IB4010.B.asg.34545" participant="m4036">
      <nite:child href="IB4010.B.words.xml#id(IB4010.B.sil1051)..id(IB4010.B.sil1053)"/>
   </segment>
   <segment nite:id="IB4010.B.asg.34546" participant="m4036">
      <nite:child href="IB4010.B.words.xml#id(IB4010.B.sil1054)..id(IB4010.B.sil1058)"/>
   </segment>
   <segment nite:id="IB4010.B.asg.34547" participant="m4036">
      <nite:child href="IB4010.B.words.xml#id(IB4010.B.sil1059)..id(IB4010.B.sil1061)"/>
   </segment>
   <segment nite:id="IB4010.B.asg.34548" participant="m4036">
      <nite:child href="IB4010.B.words.xml#id(IB4010.B.sil1062)..id(IB4010.B.sil1083)"/>
   </segment>
   <segment nite:id="IB4010.B.asg.34549" participant="m4036">
      <nite:child href="IB4010.B.words.xml#id(IB4010.B.sil1084)..id(IB4010.B.sil1091)"/>
   </segment>
   <segment nite:id="IB4010.B.asg.34550" participant="m4036">
      <nite:child href="IB4010.B.words.xml#id(IB4010.B.sil1092)..id(IB4010.B.sil1095)"/>
   </segment>
   <segment nite:id="IB4010.B.asg.34551" participant="m4036">
      <nite:child href="IB4010.B.words.xml#id(IB4010.B.sil1096)..id(IB4010.B.sil1101)"/>
   </segment>
   <segment nite:id="IB4010.B.asg.34552" participant="m4036">
      <nite:child href="IB4010.B.words.xml#id(IB4010.B.sil1102)..id(IB4010.B.sil1104)"/>
   </segment>
   <segment nite:id="IB4010.B.asg.34553" participant="m4036">
      <nite:child href="IB4010.B.words.xml#id(IB4010.B.sil1105)..id(IB4010.B.sil1107)"/>
   </segment>
   <segment nite:id="IB4010.B.asg.34554" participant="m4036">
      <nite:child href="IB4010.B.words.xml#id(IB4010.B.sil1108)..id(IB4010.B.sil1110)"/>
   </segment>
   <segment nite:id="IB4010.B.asg.34555" participant="m4036">
      <nite:child href="IB4010.B.words.xml#id(IB4010.B.sil1111)..id(IB4010.B.sil1141)"/>
   </segment>
   <segment nite:id="IB4010.B.asg.34556" participant="m4036">
      <nite:child href="IB4010.B.words.xml#id(IB4010.B.sil1142)..id(IB4010.B.sil1162)"/>
   </segment>
   <segment nite:id="IB4010.B.asg.34557" participant="m4036">
      <nite:child href="IB4010.B.words.xml#id(IB4010.B.sil1163)..id(IB4010.B.sil1177)"/>
   </segment>
   <segment nite:id="IB4010.B.asg.34558" participant="m4036">
      <nite:child href="IB4010.B.words.xml#id(IB4010.B.sil1178)..id(IB4010.B.sil1180)"/>
   </segment>
   <segment nite:id="IB4010.B.asg.34559" participant="m4036">
      <nite:child href="IB4010.B.words.xml#id(IB4010.B.sil1181)..id(IB4010.B.sil1194)"/>
   </segment>
   <segment nite:id="IB4010.B.asg.34560" participant="m4036">
      <nite:child href="IB4010.B.words.xml#id(IB4010.B.sil1195)..id(IB4010.B.sil1209)"/>
   </segment>
   <segment nite:id="IB4010.B.asg.34561" participant="m4036">
      <nite:child href="IB4010.B.words.xml#id(IB4010.B.sil1210)..id(IB4010.B.sil1221)"/>
   </segment>
   <segment nite:id="IB4010.B.asg.34562" participant="m4036">
      <nite:child href="IB4010.B.words.xml#id(IB4010.B.sil1222)..id(IB4010.B.sil1225)"/>
   </segment>
   <segment nite:id="IB4010.B.asg.34563" participant="m4036">
      <nite:child href="IB4010.B.words.xml#id(IB4010.B.sil1226)..id(IB4010.B.sil1233)"/>
   </segment>
   <segment nite:id="IB4010.B.asg.34564" participant="m4036">
      <nite:child href="IB4010.B.words.xml#id(IB4010.B.sil1234)..id(IB4010.B.sil1252)"/>
   </segment>
   <segment nite:id="IB4010.B.asg.34565" participant="m4036">
      <nite:child href="IB4010.B.words.xml#id(IB4010.B.sil1253)..id(IB4010.B.sil1260)"/>
   </segment>
   <segment nite:id="IB4010.B.asg.34566" participant="m4036">
      <nite:child href="IB4010.B.words.xml#id(IB4010.B.sil1261)..id(IB4010.B.sil1268)"/>
   </segment>
   <segment nite:id="IB4010.B.asg.34567" participant="m4036">
      <nite:child href="IB4010.B.words.xml#id(IB4010.B.sil1269)..id(IB4010.B.sil1274)"/>
   </segment>
   <segment nite:id="IB4010.B.asg.34568" participant="m4036">
      <nite:child href="IB4010.B.words.xml#id(IB4010.B.sil1275)..id(IB4010.B.sil1286)"/>
   </segment>
   <segment nite:id="IB4010.B.asg.34569" participant="m4036">
      <nite:child href="IB4010.B.words.xml#id(IB4010.B.sil1287)..id(IB4010.B.sil1302)"/>
   </segment>
   <segment nite:id="IB4010.B.asg.34570" participant="m4036">
      <nite:child href="IB4010.B.words.xml#id(IB4010.B.sil1303)..id(IB4010.B.sil1311)"/>
   </segment>
   <segment nite:id="IB4010.B.asg.34571" participant="m4036">
      <nite:child href="IB4010.B.words.xml#id(IB4010.B.sil1312)..id(IB4010.B.sil1323)"/>
   </segment>
   <segment nite:id="IB4010.B.asg.34572" participant="m4036">
      <nite:child href="IB4010.B.words.xml#id(IB4010.B.sil1324)..id(IB4010.B.sil1326)"/>
   </segment>
   <segment nite:id="IB4010.B.asg.34573" participant="m4036">
      <nite:child href="IB4010.B.words.xml#id(IB4010.B.sil1327)..id(IB4010.B.sil1338)"/>
   </segment>
   <segment nite:id="IB4010.B.asg.34574" participant="m4036">
      <nite:child href="IB4010.B.words.xml#id(IB4010.B.sil1339)..id(IB4010.B.sil1341)"/>
   </segment>
   <segment nite:id="IB4010.B.asg.34575" participant="m4036">
      <nite:child href="IB4010.B.words.xml#id(IB4010.B.sil1342)..id(IB4010.B.sil1346)"/>
   </segment>
   <segment nite:id="IB4010.B.asg.34576" participant="m4036">
      <nite:child href="IB4010.B.words.xml#id(IB4010.B.sil1347)..id(IB4010.B.sil1357)"/>
   </segment>
   <segment nite:id="IB4010.B.asg.34577" participant="m4036">
      <nite:child href="IB4010.B.words.xml#id(IB4010.B.sil1358)..id(IB4010.B.sil1369)"/>
   </segment>
   <segment nite:id="IB4010.B.asg.34578" participant="m4036">
      <nite:child href="IB4010.B.words.xml#id(IB4010.B.sil1370)..id(IB4010.B.sil1387)"/>
   </segment>
   <segment nite:id="IB4010.B.asg.34579" participant="m4036">
      <nite:child href="IB4010.B.words.xml#id(IB4010.B.sil1388)..id(IB4010.B.sil1390)"/>
   </segment>
   <segment nite:id="IB4010.B.asg.34580" participant="m4036">
      <nite:child href="IB4010.B.words.xml#id(IB4010.B.sil1391)..id(IB4010.B.sil1396)"/>
   </segment>
   <segment nite:id="IB4010.B.asg.34581" participant="m4036">
      <nite:child href="IB4010.B.words.xml#id(IB4010.B.sil1397)..id(IB4010.B.sil1406)"/>
   </segment>
   <segment nite:id="IB4010.B.asg.34582" participant="m4036">
      <nite:child href="IB4010.B.words.xml#id(IB4010.B.sil1407)..id(IB4010.B.sil1414)"/>
   </segment>
   <segment nite:id="IB4010.B.asg.34583" participant="m4036">
      <nite:child href="IB4010.B.words.xml#id(IB4010.B.sil1415)..id(IB4010.B.sil1423)"/>
   </segment>
   <segment nite:id="IB4010.B.asg.34584" participant="m4036">
      <nite:child href="IB4010.B.words.xml#id(IB4010.B.sil1424)..id(IB4010.B.sil1450)"/>
   </segment>
   <segment nite:id="IB4010.B.asg.34585" participant="m4036">
      <nite:child href="IB4010.B.words.xml#id(IB4010.B.sil1451)..id(IB4010.B.sil1457)"/>
   </segment>
   <segment nite:id="IB4010.B.asg.34586" participant="m4036">
      <nite:child href="IB4010.B.words.xml#id(IB4010.B.sil1458)..id(IB4010.B.sil1468)"/>
   </segment>
   <segment nite:id="IB4010.B.asg.34587" participant="m4036">
      <nite:child href="IB4010.B.words.xml#id(IB4010.B.sil1469)..id(IB4010.B.sil1496)"/>
   </segment>
   <segment nite:id="IB4010.B.asg.34588" participant="m4036">
      <nite:child href="IB4010.B.words.xml#id(IB4010.B.sil1497)..id(IB4010.B.sil1500)"/>
   </segment>
   <segment nite:id="IB4010.B.asg.34589" participant="m4036">
      <nite:child href="IB4010.B.words.xml#id(IB4010.B.sil1501)..id(IB4010.B.sil1525)"/>
   </segment>
   <segment nite:id="IB4010.B.asg.34590" participant="m4036">
      <nite:child href="IB4010.B.words.xml#id(IB4010.B.sil1526)..id(IB4010.B.sil1543)"/>
   </segment>
   <segment nite:id="IB4010.B.asg.34591" participant="m4036">
      <nite:child href="IB4010.B.words.xml#id(IB4010.B.sil1544)..id(IB4010.B.sil1562)"/>
   </segment>
   <segment nite:id="IB4010.B.asg.34592" participant="m4036">
      <nite:child href="IB4010.B.words.xml#id(IB4010.B.sil1563)..id(IB4010.B.sil1589)"/>
   </segment>
   <segment nite:id="IB4010.B.asg.34593" participant="m4036">
      <nite:child href="IB4010.B.words.xml#id(IB4010.B.sil1590)..id(IB4010.B.sil1606)"/>
   </segment>
   <segment nite:id="IB4010.B.asg.34594" participant="m4036">
      <nite:child href="IB4010.B.words.xml#id(IB4010.B.sil1607)..id(IB4010.B.sil1631)"/>
   </segment>
   <segment nite:id="IB4010.B.asg.34595" participant="m4036">
      <nite:child href="IB4010.B.words.xml#id(IB4010.B.sil1632)..id(IB4010.B.sil1653)"/>
   </segment>
   <segment nite:id="IB4010.B.asg.34596" participant="m4036">
      <nite:child href="IB4010.B.words.xml#id(IB4010.B.sil1654)..id(IB4010.B.sil1670)"/>
   </segment>
   <segment nite:id="IB4010.B.asg.34597" participant="m4036">
      <nite:child href="IB4010.B.words.xml#id(IB4010.B.sil1671)..id(IB4010.B.sil1686)"/>
   </segment>
   <segment nite:id="IB4010.B.asg.34598" participant="m4036">
      <nite:child href="IB4010.B.words.xml#id(IB4010.B.sil1687)..id(IB4010.B.sil1708)"/>
   </segment>
   <segment nite:id="IB4010.B.asg.34599" participant="m4036">
      <nite:child href="IB4010.B.words.xml#id(IB4010.B.sil1709)..id(IB4010.B.sil1735)"/>
   </segment>
   <segment nite:id="IB4010.B.asg.34600" participant="m4036">
      <nite:child href="IB4010.B.words.xml#id(IB4010.B.sil1736)..id(IB4010.B.sil1748)"/>
   </segment>
   <segment nite:id="IB4010.B.asg.34601" participant="m4036">
      <nite:child href="IB4010.B.words.xml#id(IB4010.B.sil1749)..id(IB4010.B.sil1759)"/>
   </segment>
   <segment nite:id="IB4010.B.asg.34602" participant="m4036">
      <nite:child href="IB4010.B.words.xml#id(IB4010.B.sil1760)..id(IB4010.B.sil1771)"/>
   </segment>
   <segment nite:id="IB4010.B.asg.34603" participant="m4036">
      <nite:child href="IB4010.B.words.xml#id(IB4010.B.sil1772)..id(IB4010.B.sil1789)"/>
   </segment>
   <segment nite:id="IB4010.B.asg.34604" participant="m4036">
      <nite:child href="IB4010.B.words.xml#id(IB4010.B.sil1790)..id(IB4010.B.sil1793)"/>
   </segment>
   <segment nite:id="IB4010.B.asg.34605" participant="m4036">
      <nite:child href="IB4010.B.words.xml#id(IB4010.B.sil1794)..id(IB4010.B.sil1806)"/>
   </segment>
   <segment nite:id="IB4010.B.asg.34606" participant="m4036">
      <nite:child href="IB4010.B.words.xml#id(IB4010.B.sil1807)..id(IB4010.B.sil1813)"/>
   </segment>
   <segment nite:id="IB4010.B.asg.34607" participant="m4036">
      <nite:child href="IB4010.B.words.xml#id(IB4010.B.sil1814)..id(IB4010.B.sil1825)"/>
   </segment>
   <segment nite:id="IB4010.B.asg.34608" participant="m4036">
      <nite:child href="IB4010.B.words.xml#id(IB4010.B.sil1826)..id(IB4010.B.sil1843)"/>
   </segment>
   <segment nite:id="IB4010.B.asg.34609" participant="m4036">
      <nite:child href="IB4010.B.words.xml#id(IB4010.B.sil1844)..id(IB4010.B.sil1878)"/>
   </segment>
   <segment nite:id="IB4010.B.asg.34610" participant="m4036">
      <nite:child href="IB4010.B.words.xml#id(IB4010.B.sil1879)..id(IB4010.B.sil1899)"/>
   </segment>
   <segment nite:id="IB4010.B.asg.34611" participant="m4036">
      <nite:child href="IB4010.B.words.xml#id(IB4010.B.sil1900)..id(IB4010.B.sil1915)"/>
   </segment>
   <segment nite:id="IB4010.B.asg.34612" participant="m4036">
      <nite:child href="IB4010.B.words.xml#id(IB4010.B.sil1916)..id(IB4010.B.sil1931)"/>
   </segment>
   <segment nite:id="IB4010.B.asg.34613" participant="m4036">
      <nite:child href="IB4010.B.words.xml#id(IB4010.B.sil1932)..id(IB4010.B.sil1949)"/>
   </segment>
   <segment nite:id="IB4010.B.asg.34614" participant="m4036">
      <nite:child href="IB4010.B.words.xml#id(IB4010.B.sil1950)..id(IB4010.B.sil1962)"/>
   </segment>
   <segment nite:id="IB4010.B.asg.34615" participant="m4036">
      <nite:child href="IB4010.B.words.xml#id(IB4010.B.sil1963)..id(IB4010.B.sil1967)"/>
   </segment>
   <segment nite:id="IB4010.B.asg.34616" participant="m4036">
      <nite:child href="IB4010.B.words.xml#id(IB4010.B.sil1968)..id(IB4010.B.sil1970)"/>
   </segment>
   <segment nite:id="IB4010.B.asg.34617" participant="m4036">
      <nite:child href="IB4010.B.words.xml#id(IB4010.B.sil1971)..id(IB4010.B.sil1986)"/>
   </segment>
   <segment nite:id="IB4010.B.asg.34618" participant="m4036">
      <nite:child href="IB4010.B.words.xml#id(IB4010.B.sil1987)..id(IB4010.B.sil1994)"/>
   </segment>
   <segment nite:id="IB4010.B.asg.34619" participant="m4036">
      <nite:child href="IB4010.B.words.xml#id(IB4010.B.sil1995)..id(IB4010.B.sil1997)"/>
   </segment>
   <segment nite:id="IB4010.B.asg.34620" participant="m4036">
      <nite:child href="IB4010.B.words.xml#id(IB4010.B.sil1998)..id(IB4010.B.sil2001)"/>
   </segment>
   <segment nite:id="IB4010.B.asg.34621" participant="m4036">
      <nite:child href="IB4010.B.words.xml#id(IB4010.B.sil2002)..id(IB4010.B.sil2004)"/>
   </segment>
   <segment nite:id="IB4010.B.asg.34622" participant="m4036">
      <nite:child href="IB4010.B.words.xml#id(IB4010.B.sil2005)..id(IB4010.B.sil2029)"/>
   </segment>
   <segment nite:id="IB4010.B.asg.34623" participant="m4036">
      <nite:child href="IB4010.B.words.xml#id(IB4010.B.sil2030)..id(IB4010.B.sil2074)"/>
   </segment>
   <segment nite:id="IB4010.B.asg.34624" participant="m4036">
      <nite:child href="IB4010.B.words.xml#id(IB4010.B.sil2075)..id(IB4010.B.sil2084)"/>
   </segment>
   <segment nite:id="IB4010.B.asg.34625" participant="m4036">
      <nite:child href="IB4010.B.words.xml#id(IB4010.B.sil2085)..id(IB4010.B.sil2087)"/>
   </segment>
   <segment nite:id="IB4010.B.asg.34626" participant="m4036">
      <nite:child href="IB4010.B.words.xml#id(IB4010.B.sil2088)..id(IB4010.B.sil2108)"/>
   </segment>
   <segment nite:id="IB4010.B.asg.34627" participant="m4036">
      <nite:child href="IB4010.B.words.xml#id(IB4010.B.sil2109)..id(IB4010.B.sil2115)"/>
   </segment>
   <segment nite:id="IB4010.B.asg.34628" participant="m4036">
      <nite:child href="IB4010.B.words.xml#id(IB4010.B.sil2116)..id(IB4010.B.sil2154)"/>
   </segment>
   <segment nite:id="IB4010.B.asg.34629" participant="m4036">
      <nite:child href="IB4010.B.words.xml#id(IB4010.B.sil2155)..id(IB4010.B.sil2171)"/>
   </segment>
   <segment nite:id="IB4010.B.asg.34630" participant="m4036">
      <nite:child href="IB4010.B.words.xml#id(IB4010.B.sil2172)..id(IB4010.B.sil2174)"/>
   </segment>
   <segment nite:id="IB4010.B.asg.34631" participant="m4036">
      <nite:child href="IB4010.B.words.xml#id(IB4010.B.sil2175)..id(IB4010.B.sil2181)"/>
   </segment>
   <segment nite:id="IB4010.B.asg.34632" participant="m4036">
      <nite:child href="IB4010.B.words.xml#id(IB4010.B.sil2182)..id(IB4010.B.sil2215)"/>
   </segment>
   <segment nite:id="IB4010.B.asg.34633" participant="m4036">
      <nite:child href="IB4010.B.words.xml#id(IB4010.B.sil2216)..id(IB4010.B.sil2218)"/>
   </segment>
   <segment nite:id="IB4010.B.asg.34634" participant="m4036">
      <nite:child href="IB4010.B.words.xml#id(IB4010.B.sil2219)..id(IB4010.B.sil2223)"/>
   </segment>
   <segment nite:id="IB4010.B.asg.34635" participant="m4036">
      <nite:child href="IB4010.B.words.xml#id(IB4010.B.sil2224)..id(IB4010.B.sil2233)"/>
   </segment>
   <segment nite:id="IB4010.B.asg.34636" participant="m4036">
      <nite:child href="IB4010.B.words.xml#id(IB4010.B.sil2234)..id(IB4010.B.sil2243)"/>
   </segment>
   <segment nite:id="IB4010.B.asg.34637" participant="m4036">
      <nite:child href="IB4010.B.words.xml#id(IB4010.B.sil2244)..id(IB4010.B.sil2250)"/>
   </segment>
   <segment nite:id="IB4010.B.asg.34638" participant="m4036">
      <nite:child href="IB4010.B.words.xml#id(IB4010.B.sil2251)..id(IB4010.B.sil2263)"/>
   </segment>
   <segment nite:id="IB4010.B.asg.34639" participant="m4036">
      <nite:child href="IB4010.B.words.xml#id(IB4010.B.sil2264)..id(IB4010.B.sil2289)"/>
   </segment>
   <segment nite:id="IB4010.B.asg.34640" participant="m4036">
      <nite:child href="IB4010.B.words.xml#id(IB4010.B.sil2290)..id(IB4010.B.sil2302)"/>
   </segment>
   <segment nite:id="IB4010.B.asg.34641" participant="m4036">
      <nite:child href="IB4010.B.words.xml#id(IB4010.B.sil2303)..id(IB4010.B.sil2305)"/>
   </segment>
   <segment nite:id="IB4010.B.asg.34642" participant="m4036">
      <nite:child href="IB4010.B.words.xml#id(IB4010.B.sil2306)..id(IB4010.B.sil2313)"/>
   </segment>
   <segment nite:id="IB4010.B.asg.34643" participant="m4036">
      <nite:child href="IB4010.B.words.xml#id(IB4010.B.sil2314)..id(IB4010.B.sil2321)"/>
   </segment>
   <segment nite:id="IB4010.B.asg.34644" participant="m4036">
      <nite:child href="IB4010.B.words.xml#id(IB4010.B.sil2322)..id(IB4010.B.sil2324)"/>
   </segment>
   <segment nite:id="IB4010.B.asg.34645" participant="m4036">
      <nite:child href="IB4010.B.words.xml#id(IB4010.B.sil2325)..id(IB4010.B.sil2327)"/>
   </segment>
   <segment nite:id="IB4010.B.asg.34646" participant="m4036">
      <nite:child href="IB4010.B.words.xml#id(IB4010.B.sil2328)..id(IB4010.B.sil2330)"/>
   </segment>
   <segment nite:id="IB4010.B.asg.34647" participant="m4036">
      <nite:child href="IB4010.B.words.xml#id(IB4010.B.sil2331)..id(IB4010.B.sil2336)"/>
   </segment>
   <segment nite:id="IB4010.B.asg.34648" participant="m4036">
      <nite:child href="IB4010.B.words.xml#id(IB4010.B.sil2337)..id(IB4010.B.sil2339)"/>
   </segment>
   <segment nite:id="IB4010.B.asg.34649" participant="m4036">
      <nite:child href="IB4010.B.words.xml#id(IB4010.B.sil2340)..id(IB4010.B.sil2342)"/>
   </segment>
   <segment nite:id="IB4010.B.asg.34650" participant="m4036">
      <nite:child href="IB4010.B.words.xml#id(IB4010.B.sil2343)..id(IB4010.B.sil2402)"/>
   </segment>
   <segment nite:id="IB4010.B.asg.34651" participant="m4036">
      <nite:child href="IB4010.B.words.xml#id(IB4010.B.sil2403)..id(IB4010.B.sil2423)"/>
   </segment>
   <segment nite:id="IB4010.B.asg.34652" participant="m4036">
      <nite:child href="IB4010.B.words.xml#id(IB4010.B.sil2424)..id(IB4010.B.sil2431)"/>
   </segment>
   <segment nite:id="IB4010.B.asg.34653" participant="m4036">
      <nite:child href="IB4010.B.words.xml#id(IB4010.B.sil2432)..id(IB4010.B.sil2465)"/>
   </segment>
   <segment nite:id="IB4010.B.asg.34654" participant="m4036">
      <nite:child href="IB4010.B.words.xml#id(IB4010.B.sil2466)..id(IB4010.B.sil2473)"/>
   </segment>
   <segment nite:id="IB4010.B.asg.34655" participant="m4036">
      <nite:child href="IB4010.B.words.xml#id(IB4010.B.sil2474)..id(IB4010.B.sil2477)"/>
   </segment>
   <segment nite:id="IB4010.B.asg.34656" participant="m4036">
      <nite:child href="IB4010.B.words.xml#id(IB4010.B.sil2478)..id(IB4010.B.sil2493)"/>
   </segment>
   <segment nite:id="IB4010.B.asg.34657" participant="m4036">
      <nite:child href="IB4010.B.words.xml#id(IB4010.B.sil2494)..id(IB4010.B.sil2541)"/>
   </segment>
   <segment nite:id="IB4010.B.asg.34658" participant="m4036">
      <nite:child href="IB4010.B.words.xml#id(IB4010.B.sil2542)..id(IB4010.B.sil2557)"/>
   </segment>
   <segment nite:id="IB4010.B.asg.34659" participant="m4036">
      <nite:child href="IB4010.B.words.xml#id(IB4010.B.sil2558)..id(IB4010.B.sil2568)"/>
   </segment>
   <segment nite:id="IB4010.B.asg.34660" participant="m4036">
      <nite:child href="IB4010.B.words.xml#id(IB4010.B.sil2569)..id(IB4010.B.sil2607)"/>
   </segment>
   <segment nite:id="IB4010.B.asg.34661" participant="m4036">
      <nite:child href="IB4010.B.words.xml#id(IB4010.B.sil2608)..id(IB4010.B.sil2614)"/>
   </segment>
   <segment nite:id="IB4010.B.asg.34662" participant="m4036">
      <nite:child href="IB4010.B.words.xml#id(IB4010.B.sil2615)..id(IB4010.B.sil2617)"/>
   </segment>
   <segment nite:id="IB4010.B.asg.34663" participant="m4036">
      <nite:child href="IB4010.B.words.xml#id(IB4010.B.sil2618)..id(IB4010.B.sil2620)"/>
   </segment>
   <segment nite:id="IB4010.B.asg.34664" participant="m4036">
      <nite:child href="IB4010.B.words.xml#id(IB4010.B.sil2621)..id(IB4010.B.sil2624)"/>
   </segment>
   <segment nite:id="IB4010.B.asg.34665" participant="m4036">
      <nite:child href="IB4010.B.words.xml#id(IB4010.B.sil2625)..id(IB4010.B.sil2629)"/>
   </segment>
   <segment nite:id="IB4010.B.asg.34666" participant="m4036">
      <nite:child href="IB4010.B.words.xml#id(IB4010.B.sil2630)..id(IB4010.B.sil2653)"/>
   </segment>
   <segment nite:id="IB4010.B.asg.34667" participant="m4036">
      <nite:child href="IB4010.B.words.xml#id(IB4010.B.sil2654)..id(IB4010.B.sil2661)"/>
   </segment>
   <segment nite:id="IB4010.B.asg.34668" participant="m4036">
      <nite:child href="IB4010.B.words.xml#id(IB4010.B.sil2662)..id(IB4010.B.sil2676)"/>
   </segment>
   <segment nite:id="IB4010.B.asg.34669" participant="m4036">
      <nite:child href="IB4010.B.words.xml#id(IB4010.B.sil2677)..id(IB4010.B.sil2681)"/>
   </segment>
   <segment nite:id="IB4010.B.asg.34670" participant="m4036">
      <nite:child href="IB4010.B.words.xml#id(IB4010.B.sil2682)..id(IB4010.B.sil2689)"/>
   </segment>
   <segment nite:id="IB4010.B.asg.34671" participant="m4036">
      <nite:child href="IB4010.B.words.xml#id(IB4010.B.sil2690)..id(IB4010.B.sil2693)"/>
   </segment>
   <segment nite:id="IB4010.B.asg.34672" participant="m4036">
      <nite:child href="IB4010.B.words.xml#id(IB4010.B.sil2694)..id(IB4010.B.sil2700)"/>
   </segment>
   <segment nite:id="IB4010.B.asg.34673" participant="m4036">
      <nite:child href="IB4010.B.words.xml#id(IB4010.B.sil2701)..id(IB4010.B.sil2724)"/>
   </segment>
   <segment nite:id="IB4010.B.asg.34674" participant="m4036">
      <nite:child href="IB4010.B.words.xml#id(IB4010.B.sil2725)..id(IB4010.B.sil2727)"/>
   </segment>
   <segment nite:id="IB4010.B.asg.34675" participant="m4036">
      <nite:child href="IB4010.B.words.xml#id(IB4010.B.sil2728)..id(IB4010.B.sil2737)"/>
   </segment>
   <segment nite:id="IB4010.B.asg.34676" participant="m4036">
      <nite:child href="IB4010.B.words.xml#id(IB4010.B.sil2738)..id(IB4010.B.sil2740)"/>
   </segment>
   <segment nite:id="IB4010.B.asg.34677" participant="m4036">
      <nite:child href="IB4010.B.words.xml#id(IB4010.B.sil2741)..id(IB4010.B.sil2748)"/>
   </segment>
   <segment nite:id="IB4010.B.asg.34678" participant="m4036">
      <nite:child href="IB4010.B.words.xml#id(IB4010.B.sil2749)..id(IB4010.B.sil2757)"/>
   </segment>
   <segment nite:id="IB4010.B.asg.34679" participant="m4036">
      <nite:child href="IB4010.B.words.xml#id(IB4010.B.sil2758)..id(IB4010.B.sil2760)"/>
   </segment>
   <segment nite:id="IB4010.B.asg.34680" participant="m4036">
      <nite:child href="IB4010.B.words.xml#id(IB4010.B.sil2761)..id(IB4010.B.sil2768)"/>
   </segment>
   <segment nite:id="IB4010.B.asg.34681" participant="m4036">
      <nite:child href="IB4010.B.words.xml#id(IB4010.B.sil2769)..id(IB4010.B.sil2771)"/>
   </segment>
   <segment nite:id="IB4010.B.asg.34682" participant="m4036">
      <nite:child href="IB4010.B.words.xml#id(IB4010.B.sil2772)..id(IB4010.B.sil2785)"/>
   </segment>
   <segment nite:id="IB4010.B.asg.34683" participant="m4036">
      <nite:child href="IB4010.B.words.xml#id(IB4010.B.sil2786)..id(IB4010.B.sil2788)"/>
   </segment>
   <segment nite:id="IB4010.B.asg.34684" participant="m4036">
      <nite:child href="IB4010.B.words.xml#id(IB4010.B.sil2789)..id(IB4010.B.sil2795)"/>
   </segment>
   <segment nite:id="IB4010.B.asg.34685" participant="m4036">
      <nite:child href="IB4010.B.words.xml#id(IB4010.B.sil2796)..id(IB4010.B.sil2802)"/>
   </segment>
   <segment nite:id="IB4010.B.asg.34686" participant="m4036">
      <nite:child href="IB4010.B.words.xml#id(IB4010.B.sil2803)..id(IB4010.B.sil2821)"/>
   </segment>
   <segment nite:id="IB4010.B.asg.34687" participant="m4036">
      <nite:child href="IB4010.B.words.xml#id(IB4010.B.sil2822)..id(IB4010.B.sil2824)"/>
   </segment>
   <segment nite:id="IB4010.B.asg.34688" participant="m4036">
      <nite:child href="IB4010.B.words.xml#id(IB4010.B.sil2825)..id(IB4010.B.sil2827)"/>
   </segment>
   <segment nite:id="IB4010.B.asg.34689" participant="m4036">
      <nite:child href="IB4010.B.words.xml#id(IB4010.B.sil2828)..id(IB4010.B.sil2830)"/>
   </segment>
   <segment nite:id="IB4010.B.asg.34690" participant="m4036">
      <nite:child href="IB4010.B.words.xml#id(IB4010.B.sil2831)..id(IB4010.B.sil2833)"/>
   </segment>
   <segment nite:id="IB4010.B.asg.34691" participant="m4036">
      <nite:child href="IB4010.B.words.xml#id(IB4010.B.sil2834)..id(IB4010.B.sil2849)"/>
   </segment>
   <segment nite:id="IB4010.B.asg.34692" participant="m4036">
      <nite:child href="IB4010.B.words.xml#id(IB4010.B.sil2850)..id(IB4010.B.sil2858)"/>
   </segment>
   <segment nite:id="IB4010.B.asg.34693" participant="m4036">
      <nite:child href="IB4010.B.words.xml#id(IB4010.B.sil2859)..id(IB4010.B.sil2865)"/>
   </segment>
   <segment nite:id="IB4010.B.asg.34694" participant="m4036">
      <nite:child href="IB4010.B.words.xml#id(IB4010.B.sil2866)..id(IB4010.B.sil2879)"/>
   </segment>
   <segment nite:id="IB4010.B.asg.34695" participant="m4036">
      <nite:child href="IB4010.B.words.xml#id(IB4010.B.sil2880)..id(IB4010.B.sil2888)"/>
   </segment>
   <segment nite:id="IB4010.B.asg.34696" participant="m4036">
      <nite:child href="IB4010.B.words.xml#id(IB4010.B.sil2889)..id(IB4010.B.sil2891)"/>
   </segment>
   <segment nite:id="IB4010.B.asg.34697" participant="m4036">
      <nite:child href="IB4010.B.words.xml#id(IB4010.B.sil2892)..id(IB4010.B.sil2899)"/>
   </segment>
   <segment nite:id="IB4010.B.asg.34698" participant="m4036">
      <nite:child href="IB4010.B.words.xml#id(IB4010.B.sil2900)..id(IB4010.B.sil2902)"/>
   </segment>
   <segment nite:id="IB4010.B.asg.34699" participant="m4036">
      <nite:child href="IB4010.B.words.xml#id(IB4010.B.sil2903)..id(IB4010.B.sil2905)"/>
   </segment>
   <segment nite:id="IB4010.B.asg.34700" participant="m4036">
      <nite:child href="IB4010.B.words.xml#id(IB4010.B.sil2906)..id(IB4010.B.sil2909)"/>
   </segment>
   <segment nite:id="IB4010.B.asg.34701" participant="m4036">
      <nite:child href="IB4010.B.words.xml#id(IB4010.B.sil2910)..id(IB4010.B.sil2915)"/>
   </segment>
   <segment nite:id="IB4010.B.asg.34702" participant="m4036">
      <nite:child href="IB4010.B.words.xml#id(IB4010.B.sil2916)..id(IB4010.B.sil2940)"/>
   </segment>
   <segment nite:id="IB4010.B.asg.34703" participant="m4036">
      <nite:child href="IB4010.B.words.xml#id(IB4010.B.sil2941)..id(IB4010.B.sil2944)"/>
   </segment>
   <segment nite:id="IB4010.B.asg.34704" participant="m4036">
      <nite:child href="IB4010.B.words.xml#id(IB4010.B.sil2945)..id(IB4010.B.sil2954)"/>
   </segment>
   <segment nite:id="IB4010.B.asg.34705" participant="m4036">
      <nite:child href="IB4010.B.words.xml#id(IB4010.B.sil2955)..id(IB4010.B.sil2958)"/>
   </segment>
   <segment nite:id="IB4010.B.asg.34706" participant="m4036">
      <nite:child href="IB4010.B.words.xml#id(IB4010.B.sil2959)..id(IB4010.B.sil2961)"/>
   </segment>
   <segment nite:id="IB4010.B.asg.34707" participant="m4036">
      <nite:child href="IB4010.B.words.xml#id(IB4010.B.sil2962)..id(IB4010.B.sil2970)"/>
   </segment>
   <segment nite:id="IB4010.B.asg.34708" participant="m4036">
      <nite:child href="IB4010.B.words.xml#id(IB4010.B.sil2971)..id(IB4010.B.sil2977)"/>
   </segment>
   <segment nite:id="IB4010.B.asg.34709" participant="m4036">
      <nite:child href="IB4010.B.words.xml#id(IB4010.B.sil2978)..id(IB4010.B.sil2980)"/>
   </segment>
   <segment nite:id="IB4010.B.asg.34710" participant="m4036">
      <nite:child href="IB4010.B.words.xml#id(IB4010.B.sil2981)..id(IB4010.B.sil2983)"/>
   </segment>
   <segment nite:id="IB4010.B.asg.34711" participant="m4036">
      <nite:child href="IB4010.B.words.xml#id(IB4010.B.sil2984)..id(IB4010.B.sil3008)"/>
   </segment>
   <segment nite:id="IB4010.B.asg.34712" participant="m4036">
      <nite:child href="IB4010.B.words.xml#id(IB4010.B.sil3009)..id(IB4010.B.sil3032)"/>
   </segment>
   <segment nite:id="IB4010.B.asg.34713" participant="m4036">
      <nite:child href="IB4010.B.words.xml#id(IB4010.B.sil3033)..id(IB4010.B.sil3047)"/>
   </segment>
   <segment nite:id="IB4010.B.asg.34714" participant="m4036">
      <nite:child href="IB4010.B.words.xml#id(IB4010.B.sil3048)..id(IB4010.B.sil3050)"/>
   </segment>
   <segment nite:id="IB4010.B.asg.34715" participant="m4036">
      <nite:child href="IB4010.B.words.xml#id(IB4010.B.sil3051)..id(IB4010.B.sil3059)"/>
   </segment>
   <segment nite:id="IB4010.B.asg.34716" participant="m4036">
      <nite:child href="IB4010.B.words.xml#id(IB4010.B.sil3060)..id(IB4010.B.sil3062)"/>
   </segment>
   <segment nite:id="IB4010.B.asg.34717" participant="m4036">
      <nite:child href="IB4010.B.words.xml#id(IB4010.B.sil3063)..id(IB4010.B.sil3068)"/>
   </segment>
   <segment nite:id="IB4010.B.asg.34718" participant="m4036">
      <nite:child href="IB4010.B.words.xml#id(IB4010.B.sil3069)..id(IB4010.B.sil3071)"/>
   </segment>
   <segment nite:id="IB4010.B.asg.34719" participant="m4036">
      <nite:child href="IB4010.B.words.xml#id(IB4010.B.sil3072)..id(IB4010.B.sil3079)"/>
   </segment>
   <segment nite:id="IB4010.B.asg.34720" participant="m4036">
      <nite:child href="IB4010.B.words.xml#id(IB4010.B.sil3080)..id(IB4010.B.sil3087)"/>
   </segment>
   <segment nite:id="IB4010.B.asg.34721" participant="m4036">
      <nite:child href="IB4010.B.words.xml#id(IB4010.B.sil3088)..id(IB4010.B.sil3098)"/>
   </segment>
   <segment nite:id="IB4010.B.asg.34722" participant="m4036">
      <nite:child href="IB4010.B.words.xml#id(IB4010.B.sil3099)..id(IB4010.B.sil3121)"/>
   </segment>
   <segment nite:id="IB4010.B.asg.34723" participant="m4036">
      <nite:child href="IB4010.B.words.xml#id(IB4010.B.sil3122)..id(IB4010.B.sil3141)"/>
   </segment>
   <segment nite:id="IB4010.B.asg.34724" participant="m4036">
      <nite:child href="IB4010.B.words.xml#id(IB4010.B.sil3142)..id(IB4010.B.sil3144)"/>
   </segment>
   <segment nite:id="IB4010.B.asg.34725" participant="m4036">
      <nite:child href="IB4010.B.words.xml#id(IB4010.B.sil3145)..id(IB4010.B.sil3150)"/>
   </segment>
   <segment nite:id="IB4010.B.asg.34726" participant="m4036">
      <nite:child href="IB4010.B.words.xml#id(IB4010.B.sil3151)..id(IB4010.B.sil3153)"/>
   </segment>
   <segment nite:id="IB4010.B.asg.34727" participant="m4036">
      <nite:child href="IB4010.B.words.xml#id(IB4010.B.sil3154)..id(IB4010.B.sil3163)"/>
   </segment>
   <segment nite:id="IB4010.B.asg.34728" participant="m4036">
      <nite:child href="IB4010.B.words.xml#id(IB4010.B.sil3164)..id(IB4010.B.sil3169)"/>
   </segment>
   <segment nite:id="IB4010.B.asg.34729" participant="m4036">
      <nite:child href="IB4010.B.words.xml#id(IB4010.B.sil3170)..id(IB4010.B.sil3172)"/>
   </segment>
   <segment nite:id="IB4010.B.asg.34730" participant="m4036">
      <nite:child href="IB4010.B.words.xml#id(IB4010.B.sil3173)..id(IB4010.B.sil3178)"/>
   </segment>
   <segment nite:id="IB4010.B.asg.34731" participant="m4036">
      <nite:child href="IB4010.B.words.xml#id(IB4010.B.sil3179)..id(IB4010.B.sil3189)"/>
   </segment>
   <segment nite:id="IB4010.B.asg.34732" participant="m4036">
      <nite:child href="IB4010.B.words.xml#id(IB4010.B.sil3190)..id(IB4010.B.sil3192)"/>
   </segment>
   <segment nite:id="IB4010.B.asg.34733" participant="m4036">
      <nite:child href="IB4010.B.words.xml#id(IB4010.B.sil3193)..id(IB4010.B.sil3196)"/>
   </segment>
   <segment nite:id="IB4010.B.asg.34734" participant="m4036">
      <nite:child href="IB4010.B.words.xml#id(IB4010.B.sil3197)..id(IB4010.B.sil3199)"/>
   </segment>
   <segment nite:id="IB4010.B.asg.34735" participant="m4036">
      <nite:child href="IB4010.B.words.xml#id(IB4010.B.sil3200)..id(IB4010.B.sil3207)"/>
   </segment>
   <segment nite:id="IB4010.B.asg.34736" participant="m4036">
      <nite:child href="IB4010.B.words.xml#id(IB4010.B.sil3208)..id(IB4010.B.sil3210)"/>
   </segment>
   <segment nite:id="IB4010.B.asg.34737" participant="m4036">
      <nite:child href="IB4010.B.words.xml#id(IB4010.B.sil3211)..id(IB4010.B.sil3221)"/>
   </segment>
   <segment nite:id="IB4010.B.asg.34738" participant="m4036">
      <nite:child href="IB4010.B.words.xml#id(IB4010.B.sil3222)..id(IB4010.B.sil3229)"/>
   </segment>
   <segment nite:id="IB4010.B.asg.34739" participant="m4036">
      <nite:child href="IB4010.B.words.xml#id(IB4010.B.sil3230)..id(IB4010.B.sil3232)"/>
   </segment>
   <segment nite:id="IB4010.B.asg.34740" participant="m4036">
      <nite:child href="IB4010.B.words.xml#id(IB4010.B.sil3233)..id(IB4010.B.sil3237)"/>
   </segment>
   <segment nite:id="IB4010.B.asg.34741" participant="m4036">
      <nite:child href="IB4010.B.words.xml#id(IB4010.B.sil3238)..id(IB4010.B.sil3241)"/>
   </segment>
   <segment nite:id="IB4010.B.asg.34742" participant="m4036">
      <nite:child href="IB4010.B.words.xml#id(IB4010.B.sil3242)..id(IB4010.B.sil3246)"/>
   </segment>
   <segment nite:id="IB4010.B.asg.34743" participant="m4036">
      <nite:child href="IB4010.B.words.xml#id(IB4010.B.sil3247)..id(IB4010.B.sil3249)"/>
   </segment>
   <segment nite:id="IB4010.B.asg.34744" participant="m4036">
      <nite:child href="IB4010.B.words.xml#id(IB4010.B.sil3250)..id(IB4010.B.sil3269)"/>
   </segment>
   <segment nite:id="IB4010.B.asg.34745" participant="m4036">
      <nite:child href="IB4010.B.words.xml#id(IB4010.B.sil3270)..id(IB4010.B.sil3282)"/>
   </segment>
   <segment nite:id="IB4010.B.asg.34746" participant="m4036">
      <nite:child href="IB4010.B.words.xml#id(IB4010.B.sil3283)..id(IB4010.B.sil3297)"/>
   </segment>
   <segment nite:id="IB4010.B.asg.34747" participant="m4036">
      <nite:child href="IB4010.B.words.xml#id(IB4010.B.sil3298)..id(IB4010.B.sil3301)"/>
   </segment>
   <segment nite:id="IB4010.B.asg.34748" participant="m4036">
      <nite:child href="IB4010.B.words.xml#id(IB4010.B.sil3302)..id(IB4010.B.sil3311)"/>
   </segment>
   <segment nite:id="IB4010.B.asg.34749" participant="m4036">
      <nite:child href="IB4010.B.words.xml#id(IB4010.B.sil3312)..id(IB4010.B.sil3316)"/>
   </segment>
   <segment nite:id="IB4010.B.asg.34750" participant="m4036">
      <nite:child href="IB4010.B.words.xml#id(IB4010.B.sil3317)..id(IB4010.B.sil3319)"/>
   </segment>
   <segment nite:id="IB4010.B.asg.34751" participant="m4036">
      <nite:child href="IB4010.B.words.xml#id(IB4010.B.sil3320)..id(IB4010.B.sil3328)"/>
   </segment>
   <segment nite:id="IB4010.B.asg.34752" participant="m4036">
      <nite:child href="IB4010.B.words.xml#id(IB4010.B.sil3329)..id(IB4010.B.sil3334)"/>
   </segment>
   <segment nite:id="IB4010.B.asg.34753" participant="m4036">
      <nite:child href="IB4010.B.words.xml#id(IB4010.B.sil3335)..id(IB4010.B.sil3343)"/>
   </segment>
   <segment nite:id="IB4010.B.asg.34754" participant="m4036">
      <nite:child href="IB4010.B.words.xml#id(IB4010.B.sil3344)..id(IB4010.B.sil3350)"/>
   </segment>
   <segment nite:id="IB4010.B.asg.34755" participant="m4036">
      <nite:child href="IB4010.B.words.xml#id(IB4010.B.sil3351)..id(IB4010.B.sil3353)"/>
   </segment>
   <segment nite:id="IB4010.B.asg.34756" participant="m4036">
      <nite:child href="IB4010.B.words.xml#id(IB4010.B.sil3354)..id(IB4010.B.sil3358)"/>
   </segment>
   <segment nite:id="IB4010.B.asg.34757" participant="m4036">
      <nite:child href="IB4010.B.words.xml#id(IB4010.B.sil3359)..id(IB4010.B.sil3371)"/>
   </segment>
   <segment nite:id="IB4010.B.asg.34758" participant="m4036">
      <nite:child href="IB4010.B.words.xml#id(IB4010.B.sil3372)..id(IB4010.B.sil3374)"/>
   </segment>
   <segment nite:id="IB4010.B.asg.34759" participant="m4036">
      <nite:child href="IB4010.B.words.xml#id(IB4010.B.sil3375)..id(IB4010.B.sil3377)"/>
   </segment>
   <segment nite:id="IB4010.B.asg.34760" participant="m4036">
      <nite:child href="IB4010.B.words.xml#id(IB4010.B.sil3378)..id(IB4010.B.sil3380)"/>
   </segment>
   <segment nite:id="IB4010.B.asg.34761" participant="m4036">
      <nite:child href="IB4010.B.words.xml#id(IB4010.B.sil3381)..id(IB4010.B.sil3383)"/>
   </segment>
   <segment nite:id="IB4010.B.asg.34762" participant="m4036">
      <nite:child href="IB4010.B.words.xml#id(IB4010.B.sil3384)..id(IB4010.B.sil3390)"/>
   </segment>
   <segment nite:id="IB4010.B.asg.34763" participant="m4036">
      <nite:child href="IB4010.B.words.xml#id(IB4010.B.sil3391)..id(IB4010.B.sil3393)"/>
   </segment>
   <segment nite:id="IB4010.B.asg.34764" participant="m4036">
      <nite:child href="IB4010.B.words.xml#id(IB4010.B.sil3394)..id(IB4010.B.sil3405)"/>
   </segment>
   <segment nite:id="IB4010.B.asg.34765" participant="m4036">
      <nite:child href="IB4010.B.words.xml#id(IB4010.B.sil3406)..id(IB4010.B.sil3417)"/>
   </segment>
   <segment nite:id="IB4010.B.asg.34766" participant="m4036">
      <nite:child href="IB4010.B.words.xml#id(IB4010.B.sil3418)..id(IB4010.B.sil3431)"/>
   </segment>
   <segment nite:id="IB4010.B.asg.34767" participant="m4036">
      <nite:child href="IB4010.B.words.xml#id(IB4010.B.sil3432)..id(IB4010.B.sil3435)"/>
   </segment>
   <segment nite:id="IB4010.B.asg.34768" participant="m4036">
      <nite:child href="IB4010.B.words.xml#id(IB4010.B.sil3436)..id(IB4010.B.sil3446)"/>
   </segment>
   <segment nite:id="IB4010.B.asg.34769" participant="m4036">
      <nite:child href="IB4010.B.words.xml#id(IB4010.B.sil3447)..id(IB4010.B.sil3450)"/>
   </segment>
   <segment nite:id="IB4010.B.asg.34770" participant="m4036">
      <nite:child href="IB4010.B.words.xml#id(IB4010.B.sil3451)..id(IB4010.B.sil3457)"/>
   </segment>
   <segment nite:id="IB4010.B.asg.34771" participant="m4036">
      <nite:child href="IB4010.B.words.xml#id(IB4010.B.sil3458)..id(IB4010.B.sil3476)"/>
   </segment>
   <segment nite:id="IB4010.B.asg.34772" participant="m4036">
      <nite:child href="IB4010.B.words.xml#id(IB4010.B.sil3477)..id(IB4010.B.sil3480)"/>
   </segment>
   <segment nite:id="IB4010.B.asg.34773" participant="m4036">
      <nite:child href="IB4010.B.words.xml#id(IB4010.B.sil3481)..id(IB4010.B.sil3492)"/>
   </segment>
   <segment nite:id="IB4010.B.asg.34774" participant="m4036">
      <nite:child href="IB4010.B.words.xml#id(IB4010.B.sil3493)..id(IB4010.B.sil3503)"/>
   </segment>
   <segment nite:id="IB4010.B.asg.34775" participant="m4036">
      <nite:child href="IB4010.B.words.xml#id(IB4010.B.sil3504)..id(IB4010.B.sil3508)"/>
   </segment>
   <segment nite:id="IB4010.B.asg.34776" participant="m4036">
      <nite:child href="IB4010.B.words.xml#id(IB4010.B.sil3509)..id(IB4010.B.sil3511)"/>
   </segment>
</nite:root>