<?xml version="1.0" encoding="ISO-8859-1" standalone="yes"?>
<nite:root nite:id="IB4010.A.aseg" xmlns:nite="http://nite.sourceforge.net/">
   <segment nite:id="IB4010.A.asg.35372" participant="f1038">
      <nite:child href="IB4010.A.words.xml#id(IB4010.A.sil9248)..id(IB4010.A.sil9250)"/>
   </segment>
   <segment nite:id="IB4010.A.asg.35373" participant="f1038">
      <nite:child href="IB4010.A.words.xml#id(IB4010.A.sil9251)..id(IB4010.A.sil9258)"/>
   </segment>
   <segment nite:id="IB4010.A.asg.35374" participant="f1038">
      <nite:child href="IB4010.A.words.xml#id(IB4010.A.sil9259)..id(IB4010.A.sil9267)"/>
   </segment>
   <segment nite:id="IB4010.A.asg.35375" participant="f1038">
      <nite:child href="IB4010.A.words.xml#id(IB4010.A.sil9268)..id(IB4010.A.sil9272)"/>
   </segment>
   <segment nite:id="IB4010.A.asg.35376" participant="f1038">
      <nite:child href="IB4010.A.words.xml#id(IB4010.A.sil9273)..id(IB4010.A.sil9276)"/>
   </segment>
   <segment nite:id="IB4010.A.asg.35377" participant="f1038">
      <nite:child href="IB4010.A.words.xml#id(IB4010.A.sil9277)..id(IB4010.A.sil9306)"/>
   </segment>
   <segment nite:id="IB4010.A.asg.35378" participant="f1038">
      <nite:child href="IB4010.A.words.xml#id(IB4010.A.sil9307)..id(IB4010.A.sil9322)"/>
   </segment>
   <segment nite:id="IB4010.A.asg.35379" participant="f1038">
      <nite:child href="IB4010.A.words.xml#id(IB4010.A.sil9323)..id(IB4010.A.sil9339)"/>
   </segment>
   <segment nite:id="IB4010.A.asg.35380" participant="f1038">
      <nite:child href="IB4010.A.words.xml#id(IB4010.A.sil9340)..id(IB4010.A.sil9347)"/>
   </segment>
   <segment nite:id="IB4010.A.asg.35381" participant="f1038">
      <nite:child href="IB4010.A.words.xml#id(IB4010.A.sil9348)..id(IB4010.A.sil9357)"/>
   </segment>
   <segment nite:id="IB4010.A.asg.35382" participant="f1038">
      <nite:child href="IB4010.A.words.xml#id(IB4010.A.sil9358)..id(IB4010.A.sil9363)"/>
   </segment>
   <segment nite:id="IB4010.A.asg.35383" participant="f1038">
      <nite:child href="IB4010.A.words.xml#id(IB4010.A.sil9364)..id(IB4010.A.sil9374)"/>
   </segment>
   <segment nite:id="IB4010.A.asg.35384" participant="f1038">
      <nite:child href="IB4010.A.words.xml#id(IB4010.A.sil9375)..id(IB4010.A.sil9393)"/>
   </segment>
   <segment nite:id="IB4010.A.asg.35385" participant="f1038">
      <nite:child href="IB4010.A.words.xml#id(IB4010.A.sil9394)..id(IB4010.A.sil9421)"/>
   </segment>
   <segment nite:id="IB4010.A.asg.35386" participant="f1038">
      <nite:child href="IB4010.A.words.xml#id(IB4010.A.sil9422)..id(IB4010.A.sil9433)"/>
   </segment>
   <segment nite:id="IB4010.A.asg.35387" participant="f1038">
      <nite:child href="IB4010.A.words.xml#id(IB4010.A.sil9434)..id(IB4010.A.sil9436)"/>
   </segment>
   <segment nite:id="IB4010.A.asg.35388" participant="f1038">
      <nite:child href="IB4010.A.words.xml#id(IB4010.A.sil9437)..id(IB4010.A.sil9459)"/>
   </segment>
   <segment nite:id="IB4010.A.asg.35389" participant="f1038">
      <nite:child href="IB4010.A.words.xml#id(IB4010.A.sil9460)..id(IB4010.A.sil9483)"/>
   </segment>
   <segment nite:id="IB4010.A.asg.35390" participant="f1038">
      <nite:child href="IB4010.A.words.xml#id(IB4010.A.sil9484)..id(IB4010.A.sil9501)"/>
   </segment>
   <segment nite:id="IB4010.A.asg.35391" participant="f1038">
      <nite:child href="IB4010.A.words.xml#id(IB4010.A.sil9502)..id(IB4010.A.sil9513)"/>
   </segment>
   <segment nite:id="IB4010.A.asg.35392" participant="f1038">
      <nite:child href="IB4010.A.words.xml#id(IB4010.A.sil9514)..id(IB4010.A.sil9518)"/>
   </segment>
   <segment nite:id="IB4010.A.asg.35393" participant="f1038">
      <nite:child href="IB4010.A.words.xml#id(IB4010.A.sil9519)..id(IB4010.A.sil9537)"/>
   </segment>
   <segment nite:id="IB4010.A.asg.35394" participant="f1038">
      <nite:child href="IB4010.A.words.xml#id(IB4010.A.sil9538)..id(IB4010.A.sil9543)"/>
   </segment>
   <segment nite:id="IB4010.A.asg.35395" participant="f1038">
      <nite:child href="IB4010.A.words.xml#id(IB4010.A.sil9544)..id(IB4010.A.sil9557)"/>
   </segment>
   <segment nite:id="IB4010.A.asg.35396" participant="f1038">
      <nite:child href="IB4010.A.words.xml#id(IB4010.A.sil9558)..id(IB4010.A.sil9583)"/>
   </segment>
   <segment nite:id="IB4010.A.asg.35397" participant="f1038">
      <nite:child href="IB4010.A.words.xml#id(IB4010.A.sil9584)..id(IB4010.A.sil9595)"/>
   </segment>
   <segment nite:id="IB4010.A.asg.35398" participant="f1038">
      <nite:child href="IB4010.A.words.xml#id(IB4010.A.sil9596)..id(IB4010.A.sil9600)"/>
   </segment>
   <segment nite:id="IB4010.A.asg.35399" participant="f1038">
      <nite:child href="IB4010.A.words.xml#id(IB4010.A.sil9601)..id(IB4010.A.sil9606)"/>
   </segment>
   <segment nite:id="IB4010.A.asg.35400" participant="f1038">
      <nite:child href="IB4010.A.words.xml#id(IB4010.A.sil9607)..id(IB4010.A.sil9611)"/>
   </segment>
   <segment nite:id="IB4010.A.asg.35401" participant="f1038">
      <nite:child href="IB4010.A.words.xml#id(IB4010.A.sil9612)..id(IB4010.A.sil9619)"/>
   </segment>
   <segment nite:id="IB4010.A.asg.35402" participant="f1038">
      <nite:child href="IB4010.A.words.xml#id(IB4010.A.sil9620)..id(IB4010.A.sil9634)"/>
   </segment>
   <segment nite:id="IB4010.A.asg.35403" participant="f1038">
      <nite:child href="IB4010.A.words.xml#id(IB4010.A.sil9635)..id(IB4010.A.sil9637)"/>
   </segment>
   <segment nite:id="IB4010.A.asg.35404" participant="f1038">
      <nite:child href="IB4010.A.words.xml#id(IB4010.A.sil9638)..id(IB4010.A.sil9653)"/>
   </segment>
   <segment nite:id="IB4010.A.asg.35405" participant="f1038">
      <nite:child href="IB4010.A.words.xml#id(IB4010.A.sil9654)..id(IB4010.A.sil9662)"/>
   </segment>
   <segment nite:id="IB4010.A.asg.35406" participant="f1038">
      <nite:child href="IB4010.A.words.xml#id(IB4010.A.sil9663)..id(IB4010.A.sil9678)"/>
   </segment>
   <segment nite:id="IB4010.A.asg.35407" participant="f1038">
      <nite:child href="IB4010.A.words.xml#id(IB4010.A.sil9679)..id(IB4010.A.sil9692)"/>
   </segment>
   <segment nite:id="IB4010.A.asg.35408" participant="f1038">
      <nite:child href="IB4010.A.words.xml#id(IB4010.A.sil9693)..id(IB4010.A.sil9712)"/>
   </segment>
   <segment nite:id="IB4010.A.asg.35409" participant="f1038">
      <nite:child href="IB4010.A.words.xml#id(IB4010.A.sil9713)..id(IB4010.A.sil9722)"/>
   </segment>
   <segment nite:id="IB4010.A.asg.35410" participant="f1038">
      <nite:child href="IB4010.A.words.xml#id(IB4010.A.sil9723)..id(IB4010.A.sil9730)"/>
   </segment>
   <segment nite:id="IB4010.A.asg.35411" participant="f1038">
      <nite:child href="IB4010.A.words.xml#id(IB4010.A.sil9731)..id(IB4010.A.sil9738)"/>
   </segment>
   <segment nite:id="IB4010.A.asg.35412" participant="f1038">
      <nite:child href="IB4010.A.words.xml#id(IB4010.A.sil9739)..id(IB4010.A.sil9748)"/>
   </segment>
   <segment nite:id="IB4010.A.asg.35413" participant="f1038">
      <nite:child href="IB4010.A.words.xml#id(IB4010.A.sil9749)..id(IB4010.A.sil9779)"/>
   </segment>
   <segment nite:id="IB4010.A.asg.35414" participant="f1038">
      <nite:child href="IB4010.A.words.xml#id(IB4010.A.sil9780)..id(IB4010.A.sil9802)"/>
   </segment>
   <segment nite:id="IB4010.A.asg.35415" participant="f1038">
      <nite:child href="IB4010.A.words.xml#id(IB4010.A.sil9803)..id(IB4010.A.sil9818)"/>
   </segment>
   <segment nite:id="IB4010.A.asg.35416" participant="f1038">
      <nite:child href="IB4010.A.words.xml#id(IB4010.A.sil9819)..id(IB4010.A.sil9832)"/>
   </segment>
   <segment nite:id="IB4010.A.asg.35417" participant="f1038">
      <nite:child href="IB4010.A.words.xml#id(IB4010.A.sil9833)..id(IB4010.A.sil9848)"/>
   </segment>
   <segment nite:id="IB4010.A.asg.35418" participant="f1038">
      <nite:child href="IB4010.A.words.xml#id(IB4010.A.sil9849)..id(IB4010.A.sil9851)"/>
   </segment>
   <segment nite:id="IB4010.A.asg.35419" participant="f1038">
      <nite:child href="IB4010.A.words.xml#id(IB4010.A.sil9852)..id(IB4010.A.sil9862)"/>
   </segment>
   <segment nite:id="IB4010.A.asg.35420" participant="f1038">
      <nite:child href="IB4010.A.words.xml#id(IB4010.A.sil9863)..id(IB4010.A.sil9881)"/>
   </segment>
   <segment nite:id="IB4010.A.asg.35421" participant="f1038">
      <nite:child href="IB4010.A.words.xml#id(IB4010.A.sil9882)..id(IB4010.A.sil9884)"/>
   </segment>
   <segment nite:id="IB4010.A.asg.35422" participant="f1038">
      <nite:child href="IB4010.A.words.xml#id(IB4010.A.sil9885)..id(IB4010.A.sil9888)"/>
   </segment>
   <segment nite:id="IB4010.A.asg.35423" participant="f1038">
      <nite:child href="IB4010.A.words.xml#id(IB4010.A.sil9889)..id(IB4010.A.sil9908)"/>
   </segment>
   <segment nite:id="IB4010.A.asg.35424" participant="f1038">
      <nite:child href="IB4010.A.words.xml#id(IB4010.A.sil9909)..id(IB4010.A.sil9925)"/>
   </segment>
   <segment nite:id="IB4010.A.asg.35425" participant="f1038">
      <nite:child href="IB4010.A.words.xml#id(IB4010.A.sil9926)..id(IB4010.A.sil9939)"/>
   </segment>
   <segment nite:id="IB4010.A.asg.35426" participant="f1038">
      <nite:child href="IB4010.A.words.xml#id(IB4010.A.sil9940)..id(IB4010.A.sil9947)"/>
   </segment>
   <segment nite:id="IB4010.A.asg.35427" participant="f1038">
      <nite:child href="IB4010.A.words.xml#id(IB4010.A.sil9948)..id(IB4010.A.sil9967)"/>
   </segment>
   <segment nite:id="IB4010.A.asg.35428" participant="f1038">
      <nite:child href="IB4010.A.words.xml#id(IB4010.A.sil9968)..id(IB4010.A.sil9980)"/>
   </segment>
   <segment nite:id="IB4010.A.asg.35429" participant="f1038">
      <nite:child href="IB4010.A.words.xml#id(IB4010.A.sil9981)..id(IB4010.A.sil10000)"/>
   </segment>
   <segment nite:id="IB4010.A.asg.35430" participant="f1038">
      <nite:child href="IB4010.A.words.xml#id(IB4010.A.sil10001)..id(IB4010.A.sil10010)"/>
   </segment>
   <segment nite:id="IB4010.A.asg.35431" participant="f1038">
      <nite:child href="IB4010.A.words.xml#id(IB4010.A.sil10011)..id(IB4010.A.sil10013)"/>
   </segment>
   <segment nite:id="IB4010.A.asg.35432" participant="f1038">
      <nite:child href="IB4010.A.words.xml#id(IB4010.A.sil10014)..id(IB4010.A.sil10028)"/>
   </segment>
   <segment nite:id="IB4010.A.asg.35433" participant="f1038">
      <nite:child href="IB4010.A.words.xml#id(IB4010.A.sil10029)..id(IB4010.A.sil10047)"/>
   </segment>
   <segment nite:id="IB4010.A.asg.35434" participant="f1038">
      <nite:child href="IB4010.A.words.xml#id(IB4010.A.sil10048)..id(IB4010.A.sil10051)"/>
   </segment>
   <segment nite:id="IB4010.A.asg.35435" participant="f1038">
      <nite:child href="IB4010.A.words.xml#id(IB4010.A.sil10052)..id(IB4010.A.sil10069)"/>
   </segment>
   <segment nite:id="IB4010.A.asg.35436" participant="f1038">
      <nite:child href="IB4010.A.words.xml#id(IB4010.A.sil10070)..id(IB4010.A.sil10078)"/>
   </segment>
   <segment nite:id="IB4010.A.asg.35437" participant="f1038">
      <nite:child href="IB4010.A.words.xml#id(IB4010.A.sil10079)..id(IB4010.A.sil10089)"/>
   </segment>
   <segment nite:id="IB4010.A.asg.35438" participant="f1038">
      <nite:child href="IB4010.A.words.xml#id(IB4010.A.sil10090)..id(IB4010.A.sil10103)"/>
   </segment>
   <segment nite:id="IB4010.A.asg.35439" participant="f1038">
      <nite:child href="IB4010.A.words.xml#id(IB4010.A.sil10104)..id(IB4010.A.sil10120)"/>
   </segment>
   <segment nite:id="IB4010.A.asg.35440" participant="f1038">
      <nite:child href="IB4010.A.words.xml#id(IB4010.A.sil10121)..id(IB4010.A.sil10134)"/>
   </segment>
   <segment nite:id="IB4010.A.asg.35441" participant="f1038">
      <nite:child href="IB4010.A.words.xml#id(IB4010.A.sil10135)..id(IB4010.A.sil10148)"/>
   </segment>
   <segment nite:id="IB4010.A.asg.35442" participant="f1038">
      <nite:child href="IB4010.A.words.xml#id(IB4010.A.sil10149)..id(IB4010.A.sil10153)"/>
   </segment>
   <segment nite:id="IB4010.A.asg.35443" participant="f1038">
      <nite:child href="IB4010.A.words.xml#id(IB4010.A.sil10154)..id(IB4010.A.sil10161)"/>
   </segment>
   <segment nite:id="IB4010.A.asg.35444" participant="f1038">
      <nite:child href="IB4010.A.words.xml#id(IB4010.A.sil10162)..id(IB4010.A.sil10164)"/>
   </segment>
   <segment nite:id="IB4010.A.asg.35445" participant="f1038">
      <nite:child href="IB4010.A.words.xml#id(IB4010.A.sil10165)..id(IB4010.A.sil10167)"/>
   </segment>
   <segment nite:id="IB4010.A.asg.35446" participant="f1038">
      <nite:child href="IB4010.A.words.xml#id(IB4010.A.sil10168)..id(IB4010.A.sil10173)"/>
   </segment>
   <segment nite:id="IB4010.A.asg.35447" participant="f1038">
      <nite:child href="IB4010.A.words.xml#id(IB4010.A.sil10174)..id(IB4010.A.sil10177)"/>
   </segment>
   <segment nite:id="IB4010.A.asg.35448" participant="f1038">
      <nite:child href="IB4010.A.words.xml#id(IB4010.A.sil10178)..id(IB4010.A.sil10182)"/>
   </segment>
   <segment nite:id="IB4010.A.asg.35449" participant="f1038">
      <nite:child href="IB4010.A.words.xml#id(IB4010.A.sil10183)..id(IB4010.A.sil10190)"/>
   </segment>
   <segment nite:id="IB4010.A.asg.35450" participant="f1038">
      <nite:child href="IB4010.A.words.xml#id(IB4010.A.sil10191)..id(IB4010.A.sil10197)"/>
   </segment>
   <segment nite:id="IB4010.A.asg.35451" participant="f1038">
      <nite:child href="IB4010.A.words.xml#id(IB4010.A.sil10198)..id(IB4010.A.sil10202)"/>
   </segment>
   <segment nite:id="IB4010.A.asg.35452" participant="f1038">
      <nite:child href="IB4010.A.words.xml#id(IB4010.A.sil10203)..id(IB4010.A.sil10205)"/>
   </segment>
   <segment nite:id="IB4010.A.asg.35453" participant="f1038">
      <nite:child href="IB4010.A.words.xml#id(IB4010.A.sil10206)..id(IB4010.A.sil10209)"/>
   </segment>
   <segment nite:id="IB4010.A.asg.35454" participant="f1038">
      <nite:child href="IB4010.A.words.xml#id(IB4010.A.sil10210)..id(IB4010.A.sil10221)"/>
   </segment>
   <segment nite:id="IB4010.A.asg.35455" participant="f1038">
      <nite:child href="IB4010.A.words.xml#id(IB4010.A.sil10222)..id(IB4010.A.sil10250)"/>
   </segment>
   <segment nite:id="IB4010.A.asg.35456" participant="f1038">
      <nite:child href="IB4010.A.words.xml#id(IB4010.A.sil10251)..id(IB4010.A.sil10262)"/>
   </segment>
   <segment nite:id="IB4010.A.asg.35457" participant="f1038">
      <nite:child href="IB4010.A.words.xml#id(IB4010.A.sil10263)..id(IB4010.A.sil10269)"/>
   </segment>
   <segment nite:id="IB4010.A.asg.35458" participant="f1038">
      <nite:child href="IB4010.A.words.xml#id(IB4010.A.sil10270)..id(IB4010.A.sil10272)"/>
   </segment>
   <segment nite:id="IB4010.A.asg.35459" participant="f1038">
      <nite:child href="IB4010.A.words.xml#id(IB4010.A.sil10273)..id(IB4010.A.sil10275)"/>
   </segment>
   <segment nite:id="IB4010.A.asg.35460" participant="f1038">
      <nite:child href="IB4010.A.words.xml#id(IB4010.A.sil10276)..id(IB4010.A.sil10284)"/>
   </segment>
   <segment nite:id="IB4010.A.asg.35461" participant="f1038">
      <nite:child href="IB4010.A.words.xml#id(IB4010.A.sil10285)..id(IB4010.A.sil10296)"/>
   </segment>
   <segment nite:id="IB4010.A.asg.35462" participant="f1038">
      <nite:child href="IB4010.A.words.xml#id(IB4010.A.sil10297)..id(IB4010.A.sil10318)"/>
   </segment>
   <segment nite:id="IB4010.A.asg.35463" participant="f1038">
      <nite:child href="IB4010.A.words.xml#id(IB4010.A.sil10319)..id(IB4010.A.sil10325)"/>
   </segment>
   <segment nite:id="IB4010.A.asg.35464" participant="f1038">
      <nite:child href="IB4010.A.words.xml#id(IB4010.A.sil10326)..id(IB4010.A.sil10343)"/>
   </segment>
   <segment nite:id="IB4010.A.asg.35465" participant="f1038">
      <nite:child href="IB4010.A.words.xml#id(IB4010.A.sil10344)..id(IB4010.A.sil10348)"/>
   </segment>
   <segment nite:id="IB4010.A.asg.35466" participant="f1038">
      <nite:child href="IB4010.A.words.xml#id(IB4010.A.sil10349)..id(IB4010.A.sil10358)"/>
   </segment>
   <segment nite:id="IB4010.A.asg.35467" participant="f1038">
      <nite:child href="IB4010.A.words.xml#id(IB4010.A.sil10359)..id(IB4010.A.sil10366)"/>
   </segment>
   <segment nite:id="IB4010.A.asg.35468" participant="f1038">
      <nite:child href="IB4010.A.words.xml#id(IB4010.A.sil10367)..id(IB4010.A.sil10374)"/>
   </segment>
   <segment nite:id="IB4010.A.asg.35469" participant="f1038">
      <nite:child href="IB4010.A.words.xml#id(IB4010.A.sil10375)..id(IB4010.A.sil10379)"/>
   </segment>
   <segment nite:id="IB4010.A.asg.35470" participant="f1038">
      <nite:child href="IB4010.A.words.xml#id(IB4010.A.sil10380)..id(IB4010.A.sil10398)"/>
   </segment>
   <segment nite:id="IB4010.A.asg.35471" participant="f1038">
      <nite:child href="IB4010.A.words.xml#id(IB4010.A.sil10399)..id(IB4010.A.sil10402)"/>
   </segment>
   <segment nite:id="IB4010.A.asg.35472" participant="f1038">
      <nite:child href="IB4010.A.words.xml#id(IB4010.A.sil10403)..id(IB4010.A.sil10411)"/>
   </segment>
   <segment nite:id="IB4010.A.asg.35473" participant="f1038">
      <nite:child href="IB4010.A.words.xml#id(IB4010.A.sil10412)..id(IB4010.A.sil10420)"/>
   </segment>
   <segment nite:id="IB4010.A.asg.35474" participant="f1038">
      <nite:child href="IB4010.A.words.xml#id(IB4010.A.sil10421)..id(IB4010.A.sil10465)"/>
   </segment>
   <segment nite:id="IB4010.A.asg.35475" participant="f1038">
      <nite:child href="IB4010.A.words.xml#id(IB4010.A.sil10466)..id(IB4010.A.sil10470)"/>
   </segment>
   <segment nite:id="IB4010.A.asg.35476" participant="f1038">
      <nite:child href="IB4010.A.words.xml#id(IB4010.A.sil10471)..id(IB4010.A.sil10473)"/>
   </segment>
   <segment nite:id="IB4010.A.asg.35477" participant="f1038">
      <nite:child href="IB4010.A.words.xml#id(IB4010.A.sil10474)..id(IB4010.A.sil10497)"/>
   </segment>
   <segment nite:id="IB4010.A.asg.35478" participant="f1038">
      <nite:child href="IB4010.A.words.xml#id(IB4010.A.sil10498)..id(IB4010.A.sil10504)"/>
   </segment>
   <segment nite:id="IB4010.A.asg.35479" participant="f1038">
      <nite:child href="IB4010.A.words.xml#id(IB4010.A.sil10505)..id(IB4010.A.sil10507)"/>
   </segment>
   <segment nite:id="IB4010.A.asg.35480" participant="f1038">
      <nite:child href="IB4010.A.words.xml#id(IB4010.A.sil10508)..id(IB4010.A.sil10523)"/>
   </segment>
   <segment nite:id="IB4010.A.asg.35481" participant="f1038">
      <nite:child href="IB4010.A.words.xml#id(IB4010.A.sil10524)..id(IB4010.A.sil10533)"/>
   </segment>
   <segment nite:id="IB4010.A.asg.35482" participant="f1038">
      <nite:child href="IB4010.A.words.xml#id(IB4010.A.sil10534)..id(IB4010.A.sil10542)"/>
   </segment>
   <segment nite:id="IB4010.A.asg.35483" participant="f1038">
      <nite:child href="IB4010.A.words.xml#id(IB4010.A.sil10543)..id(IB4010.A.sil10559)"/>
   </segment>
   <segment nite:id="IB4010.A.asg.35484" participant="f1038">
      <nite:child href="IB4010.A.words.xml#id(IB4010.A.sil10560)..id(IB4010.A.sil10575)"/>
   </segment>
   <segment nite:id="IB4010.A.asg.35485" participant="f1038">
      <nite:child href="IB4010.A.words.xml#id(IB4010.A.sil10576)..id(IB4010.A.sil10589)"/>
   </segment>
   <segment nite:id="IB4010.A.asg.35486" participant="f1038">
      <nite:child href="IB4010.A.words.xml#id(IB4010.A.sil10590)..id(IB4010.A.sil10604)"/>
   </segment>
   <segment nite:id="IB4010.A.asg.35487" participant="f1038">
      <nite:child href="IB4010.A.words.xml#id(IB4010.A.sil10605)..id(IB4010.A.sil10611)"/>
   </segment>
   <segment nite:id="IB4010.A.asg.35488" participant="f1038">
      <nite:child href="IB4010.A.words.xml#id(IB4010.A.sil10612)..id(IB4010.A.sil10628)"/>
   </segment>
   <segment nite:id="IB4010.A.asg.35489" participant="f1038">
      <nite:child href="IB4010.A.words.xml#id(IB4010.A.sil10629)..id(IB4010.A.sil10635)"/>
   </segment>
   <segment nite:id="IB4010.A.asg.35490" participant="f1038">
      <nite:child href="IB4010.A.words.xml#id(IB4010.A.sil10636)..id(IB4010.A.sil10641)"/>
   </segment>
   <segment nite:id="IB4010.A.asg.35491" participant="f1038">
      <nite:child href="IB4010.A.words.xml#id(IB4010.A.sil10642)..id(IB4010.A.sil10644)"/>
   </segment>
   <segment nite:id="IB4010.A.asg.35492" participant="f1038">
      <nite:child href="IB4010.A.words.xml#id(IB4010.A.sil10645)..id(IB4010.A.sil10647)"/>
   </segment>
   <segment nite:id="IB4010.A.asg.35493" participant="f1038">
      <nite:child href="IB4010.A.words.xml#id(IB4010.A.sil10648)..id(IB4010.A.sil10653)"/>
   </segment>
   <segment nite:id="IB4010.A.asg.35494" participant="f1038">
      <nite:child href="IB4010.A.words.xml#id(IB4010.A.sil10654)..id(IB4010.A.sil10665)"/>
   </segment>
   <segment nite:id="IB4010.A.asg.35495" participant="f1038">
      <nite:child href="IB4010.A.words.xml#id(IB4010.A.sil10666)..id(IB4010.A.sil10679)"/>
   </segment>
   <segment nite:id="IB4010.A.asg.35496" participant="f1038">
      <nite:child href="IB4010.A.words.xml#id(IB4010.A.sil10680)..id(IB4010.A.sil10693)"/>
   </segment>
   <segment nite:id="IB4010.A.asg.35497" participant="f1038">
      <nite:child href="IB4010.A.words.xml#id(IB4010.A.sil10694)..id(IB4010.A.sil10696)"/>
   </segment>
   <segment nite:id="IB4010.A.asg.35498" participant="f1038">
      <nite:child href="IB4010.A.words.xml#id(IB4010.A.sil10697)..id(IB4010.A.sil10704)"/>
   </segment>
   <segment nite:id="IB4010.A.asg.35499" participant="f1038">
      <nite:child href="IB4010.A.words.xml#id(IB4010.A.sil10705)..id(IB4010.A.sil10707)"/>
   </segment>
   <segment nite:id="IB4010.A.asg.35500" participant="f1038">
      <nite:child href="IB4010.A.words.xml#id(IB4010.A.sil10708)..id(IB4010.A.sil10710)"/>
   </segment>
   <segment nite:id="IB4010.A.asg.35501" participant="f1038">
      <nite:child href="IB4010.A.words.xml#id(IB4010.A.sil10711)..id(IB4010.A.sil10719)"/>
   </segment>
   <segment nite:id="IB4010.A.asg.35502" participant="f1038">
      <nite:child href="IB4010.A.words.xml#id(IB4010.A.sil10720)..id(IB4010.A.sil10722)"/>
   </segment>
   <segment nite:id="IB4010.A.asg.35503" participant="f1038">
      <nite:child href="IB4010.A.words.xml#id(IB4010.A.sil10723)..id(IB4010.A.sil10726)"/>
   </segment>
   <segment nite:id="IB4010.A.asg.35504" participant="f1038">
      <nite:child href="IB4010.A.words.xml#id(IB4010.A.sil10727)..id(IB4010.A.sil10734)"/>
   </segment>
   <segment nite:id="IB4010.A.asg.35505" participant="f1038">
      <nite:child href="IB4010.A.words.xml#id(IB4010.A.sil10735)..id(IB4010.A.sil10753)"/>
   </segment>
   <segment nite:id="IB4010.A.asg.35506" participant="f1038">
      <nite:child href="IB4010.A.words.xml#id(IB4010.A.sil10754)..id(IB4010.A.sil10759)"/>
   </segment>
   <segment nite:id="IB4010.A.asg.35507" participant="f1038">
      <nite:child href="IB4010.A.words.xml#id(IB4010.A.sil10760)..id(IB4010.A.sil10762)"/>
   </segment>
   <segment nite:id="IB4010.A.asg.35508" participant="f1038">
      <nite:child href="IB4010.A.words.xml#id(IB4010.A.sil10763)..id(IB4010.A.sil10767)"/>
   </segment>
   <segment nite:id="IB4010.A.asg.35509" participant="f1038">
      <nite:child href="IB4010.A.words.xml#id(IB4010.A.sil10768)..id(IB4010.A.sil10791)"/>
   </segment>
   <segment nite:id="IB4010.A.asg.35510" participant="f1038">
      <nite:child href="IB4010.A.words.xml#id(IB4010.A.sil10792)..id(IB4010.A.sil10802)"/>
   </segment>
   <segment nite:id="IB4010.A.asg.35511" participant="f1038">
      <nite:child href="IB4010.A.words.xml#id(IB4010.A.sil10803)..id(IB4010.A.sil10808)"/>
   </segment>
   <segment nite:id="IB4010.A.asg.35512" participant="f1038">
      <nite:child href="IB4010.A.words.xml#id(IB4010.A.sil10809)..id(IB4010.A.sil10813)"/>
   </segment>
   <segment nite:id="IB4010.A.asg.35513" participant="f1038">
      <nite:child href="IB4010.A.words.xml#id(IB4010.A.sil10814)..id(IB4010.A.sil10817)"/>
   </segment>
   <segment nite:id="IB4010.A.asg.35514" participant="f1038">
      <nite:child href="IB4010.A.words.xml#id(IB4010.A.sil10818)..id(IB4010.A.sil10825)"/>
   </segment>
   <segment nite:id="IB4010.A.asg.35515" participant="f1038">
      <nite:child href="IB4010.A.words.xml#id(IB4010.A.sil10826)..id(IB4010.A.sil10852)"/>
   </segment>
   <segment nite:id="IB4010.A.asg.35516" participant="f1038">
      <nite:child href="IB4010.A.words.xml#id(IB4010.A.sil10853)..id(IB4010.A.sil10855)"/>
   </segment>
   <segment nite:id="IB4010.A.asg.35517" participant="f1038">
      <nite:child href="IB4010.A.words.xml#id(IB4010.A.sil10856)..id(IB4010.A.sil10864)"/>
   </segment>
   <segment nite:id="IB4010.A.asg.35518" participant="f1038">
      <nite:child href="IB4010.A.words.xml#id(IB4010.A.sil10865)..id(IB4010.A.sil10873)"/>
   </segment>
   <segment nite:id="IB4010.A.asg.35519" participant="f1038">
      <nite:child href="IB4010.A.words.xml#id(IB4010.A.sil10874)..id(IB4010.A.sil10880)"/>
   </segment>
   <segment nite:id="IB4010.A.asg.35520" participant="f1038">
      <nite:child href="IB4010.A.words.xml#id(IB4010.A.sil10881)..id(IB4010.A.sil10884)"/>
   </segment>
   <segment nite:id="IB4010.A.asg.35521" participant="f1038">
      <nite:child href="IB4010.A.words.xml#id(IB4010.A.sil10885)..id(IB4010.A.sil10900)"/>
   </segment>
   <segment nite:id="IB4010.A.asg.35522" participant="f1038">
      <nite:child href="IB4010.A.words.xml#id(IB4010.A.sil10901)..id(IB4010.A.sil10905)"/>
   </segment>
   <segment nite:id="IB4010.A.asg.35523" participant="f1038">
      <nite:child href="IB4010.A.words.xml#id(IB4010.A.sil10906)..id(IB4010.A.sil10919)"/>
   </segment>
   <segment nite:id="IB4010.A.asg.35524" participant="f1038">
      <nite:child href="IB4010.A.words.xml#id(IB4010.A.sil10920)..id(IB4010.A.sil10925)"/>
   </segment>
   <segment nite:id="IB4010.A.asg.35525" participant="f1038">
      <nite:child href="IB4010.A.words.xml#id(IB4010.A.sil10926)..id(IB4010.A.sil10928)"/>
   </segment>
   <segment nite:id="IB4010.A.asg.35526" participant="f1038">
      <nite:child href="IB4010.A.words.xml#id(IB4010.A.sil10929)..id(IB4010.A.sil10933)"/>
   </segment>
   <segment nite:id="IB4010.A.asg.35527" participant="f1038">
      <nite:child href="IB4010.A.words.xml#id(IB4010.A.sil10934)..id(IB4010.A.sil10936)"/>
   </segment>
   <segment nite:id="IB4010.A.asg.35528" participant="f1038">
      <nite:child href="IB4010.A.words.xml#id(IB4010.A.sil10937)..id(IB4010.A.sil10940)"/>
   </segment>
   <segment nite:id="IB4010.A.asg.35529" participant="f1038">
      <nite:child href="IB4010.A.words.xml#id(IB4010.A.sil10941)..id(IB4010.A.sil10948)"/>
   </segment>
   <segment nite:id="IB4010.A.asg.35530" participant="f1038">
      <nite:child href="IB4010.A.words.xml#id(IB4010.A.sil10949)..id(IB4010.A.sil10951)"/>
   </segment>
   <segment nite:id="IB4010.A.asg.35531" participant="f1038">
      <nite:child href="IB4010.A.words.xml#id(IB4010.A.sil10952)..id(IB4010.A.sil10961)"/>
   </segment>
   <segment nite:id="IB4010.A.asg.35532" participant="f1038">
      <nite:child href="IB4010.A.words.xml#id(IB4010.A.sil10962)..id(IB4010.A.sil10987)"/>
   </segment>
   <segment nite:id="IB4010.A.asg.35533" participant="f1038">
      <nite:child href="IB4010.A.words.xml#id(IB4010.A.sil10988)..id(IB4010.A.sil10991)"/>
   </segment>
   <segment nite:id="IB4010.A.asg.35534" participant="f1038">
      <nite:child href="IB4010.A.words.xml#id(IB4010.A.sil10992)..id(IB4010.A.sil10998)"/>
   </segment>
   <segment nite:id="IB4010.A.asg.35535" participant="f1038">
      <nite:child href="IB4010.A.words.xml#id(IB4010.A.sil10999)..id(IB4010.A.sil11001)"/>
   </segment>
   <segment nite:id="IB4010.A.asg.35536" participant="f1038">
      <nite:child href="IB4010.A.words.xml#id(IB4010.A.sil11002)..id(IB4010.A.sil11004)"/>
   </segment>
   <segment nite:id="IB4010.A.asg.35537" participant="f1038">
      <nite:child href="IB4010.A.words.xml#id(IB4010.A.sil11005)..id(IB4010.A.sil11010)"/>
   </segment>
   <segment nite:id="IB4010.A.asg.35538" participant="f1038">
      <nite:child href="IB4010.A.words.xml#id(IB4010.A.sil11011)..id(IB4010.A.sil11014)"/>
   </segment>
   <segment nite:id="IB4010.A.asg.35539" participant="f1038">
      <nite:child href="IB4010.A.words.xml#id(IB4010.A.sil11015)..id(IB4010.A.sil11026)"/>
   </segment>
   <segment nite:id="IB4010.A.asg.35540" participant="f1038">
      <nite:child href="IB4010.A.words.xml#id(IB4010.A.sil11027)..id(IB4010.A.sil11030)"/>
   </segment>
   <segment nite:id="IB4010.A.asg.35541" participant="f1038">
      <nite:child href="IB4010.A.words.xml#id(IB4010.A.sil11031)..id(IB4010.A.sil11036)"/>
   </segment>
   <segment nite:id="IB4010.A.asg.35542" participant="f1038">
      <nite:child href="IB4010.A.words.xml#id(IB4010.A.sil11037)..id(IB4010.A.sil11042)"/>
   </segment>
   <segment nite:id="IB4010.A.asg.35543" participant="f1038">
      <nite:child href="IB4010.A.words.xml#id(IB4010.A.sil11043)..id(IB4010.A.sil11045)"/>
   </segment>
   <segment nite:id="IB4010.A.asg.35544" participant="f1038">
      <nite:child href="IB4010.A.words.xml#id(IB4010.A.sil11046)..id(IB4010.A.sil11052)"/>
   </segment>
   <segment nite:id="IB4010.A.asg.35545" participant="f1038">
      <nite:child href="IB4010.A.words.xml#id(IB4010.A.sil11053)..id(IB4010.A.sil11066)"/>
   </segment>
   <segment nite:id="IB4010.A.asg.35546" participant="f1038">
      <nite:child href="IB4010.A.words.xml#id(IB4010.A.sil11067)..id(IB4010.A.sil11071)"/>
   </segment>
   <segment nite:id="IB4010.A.asg.35547" participant="f1038">
      <nite:child href="IB4010.A.words.xml#id(IB4010.A.sil11072)..id(IB4010.A.sil11077)"/>
   </segment>
   <segment nite:id="IB4010.A.asg.35548" participant="f1038">
      <nite:child href="IB4010.A.words.xml#id(IB4010.A.sil11078)..id(IB4010.A.sil11091)"/>
   </segment>
   <segment nite:id="IB4010.A.asg.35549" participant="f1038">
      <nite:child href="IB4010.A.words.xml#id(IB4010.A.sil11092)..id(IB4010.A.sil11100)"/>
   </segment>
   <segment nite:id="IB4010.A.asg.35550" participant="f1038">
      <nite:child href="IB4010.A.words.xml#id(IB4010.A.sil11101)..id(IB4010.A.sil11106)"/>
   </segment>
   <segment nite:id="IB4010.A.asg.35551" participant="f1038">
      <nite:child href="IB4010.A.words.xml#id(IB4010.A.sil11107)..id(IB4010.A.sil11114)"/>
   </segment>
   <segment nite:id="IB4010.A.asg.35552" participant="f1038">
      <nite:child href="IB4010.A.words.xml#id(IB4010.A.sil11115)..id(IB4010.A.sil11117)"/>
   </segment>
   <segment nite:id="IB4010.A.asg.35553" participant="f1038">
      <nite:child href="IB4010.A.words.xml#id(IB4010.A.sil11118)..id(IB4010.A.sil11124)"/>
   </segment>
   <segment nite:id="IB4010.A.asg.35554" participant="f1038">
      <nite:child href="IB4010.A.words.xml#id(IB4010.A.sil11125)..id(IB4010.A.sil11130)"/>
   </segment>
   <segment nite:id="IB4010.A.asg.35555" participant="f1038">
      <nite:child href="IB4010.A.words.xml#id(IB4010.A.sil11131)..id(IB4010.A.sil11141)"/>
   </segment>
   <segment nite:id="IB4010.A.asg.35556" participant="f1038">
      <nite:child href="IB4010.A.words.xml#id(IB4010.A.sil11142)..id(IB4010.A.sil11144)"/>
   </segment>
   <segment nite:id="IB4010.A.asg.35557" participant="f1038">
      <nite:child href="IB4010.A.words.xml#id(IB4010.A.sil11145)..id(IB4010.A.sil11160)"/>
   </segment>
   <segment nite:id="IB4010.A.asg.35558" participant="f1038">
      <nite:child href="IB4010.A.words.xml#id(IB4010.A.sil11161)..id(IB4010.A.sil11164)"/>
   </segment>
   <segment nite:id="IB4010.A.asg.35559" participant="f1038">
      <nite:child href="IB4010.A.words.xml#id(IB4010.A.sil11165)..id(IB4010.A.sil11169)"/>
   </segment>
   <segment nite:id="IB4010.A.asg.35560" participant="f1038">
      <nite:child href="IB4010.A.words.xml#id(IB4010.A.sil11170)..id(IB4010.A.sil11172)"/>
   </segment>
   <segment nite:id="IB4010.A.asg.35561" participant="f1038">
      <nite:child href="IB4010.A.words.xml#id(IB4010.A.sil11173)..id(IB4010.A.sil11189)"/>
   </segment>
   <segment nite:id="IB4010.A.asg.35562" participant="f1038">
      <nite:child href="IB4010.A.words.xml#id(IB4010.A.sil11190)..id(IB4010.A.sil11198)"/>
   </segment>
   <segment nite:id="IB4010.A.asg.35563" participant="f1038">
      <nite:child href="IB4010.A.words.xml#id(IB4010.A.sil11199)..id(IB4010.A.sil11201)"/>
   </segment>
   <segment nite:id="IB4010.A.asg.35564" participant="f1038">
      <nite:child href="IB4010.A.words.xml#id(IB4010.A.sil11202)..id(IB4010.A.sil11209)"/>
   </segment>
   <segment nite:id="IB4010.A.asg.35565" participant="f1038">
      <nite:child href="IB4010.A.words.xml#id(IB4010.A.sil11210)..id(IB4010.A.sil11222)"/>
   </segment>
   <segment nite:id="IB4010.A.asg.35566" participant="f1038">
      <nite:child href="IB4010.A.words.xml#id(IB4010.A.sil11223)..id(IB4010.A.sil11243)"/>
   </segment>
   <segment nite:id="IB4010.A.asg.35567" participant="f1038">
      <nite:child href="IB4010.A.words.xml#id(IB4010.A.sil11244)..id(IB4010.A.sil11254)"/>
   </segment>
   <segment nite:id="IB4010.A.asg.35568" participant="f1038">
      <nite:child href="IB4010.A.words.xml#id(IB4010.A.sil11255)..id(IB4010.A.sil11263)"/>
   </segment>
   <segment nite:id="IB4010.A.asg.35569" participant="f1038">
      <nite:child href="IB4010.A.words.xml#id(IB4010.A.sil11264)..id(IB4010.A.sil11266)"/>
   </segment>
   <segment nite:id="IB4010.A.asg.35570" participant="f1038">
      <nite:child href="IB4010.A.words.xml#id(IB4010.A.sil11267)..id(IB4010.A.sil11269)"/>
   </segment>
   <segment nite:id="IB4010.A.asg.35571" participant="f1038">
      <nite:child href="IB4010.A.words.xml#id(IB4010.A.sil11270)..id(IB4010.A.sil11277)"/>
   </segment>
   <segment nite:id="IB4010.A.asg.35572" participant="f1038">
      <nite:child href="IB4010.A.words.xml#id(IB4010.A.sil11278)..id(IB4010.A.sil11280)"/>
   </segment>
   <segment nite:id="IB4010.A.asg.35573" participant="f1038">
      <nite:child href="IB4010.A.words.xml#id(IB4010.A.sil11281)..id(IB4010.A.sil11283)"/>
   </segment>
   <segment nite:id="IB4010.A.asg.35574" participant="f1038">
      <nite:child href="IB4010.A.words.xml#id(IB4010.A.sil11284)..id(IB4010.A.sil11288)"/>
   </segment>
   <segment nite:id="IB4010.A.asg.35575" participant="f1038">
      <nite:child href="IB4010.A.words.xml#id(IB4010.A.sil11289)..id(IB4010.A.sil11292)"/>
   </segment>
   <segment nite:id="IB4010.A.asg.35576" participant="f1038">
      <nite:child href="IB4010.A.words.xml#id(IB4010.A.sil11293)..id(IB4010.A.sil11299)"/>
   </segment>
   <segment nite:id="IB4010.A.asg.35577" participant="f1038">
      <nite:child href="IB4010.A.words.xml#id(IB4010.A.sil11300)..id(IB4010.A.sil11302)"/>
   </segment>
   <segment nite:id="IB4010.A.asg.35578" participant="f1038">
      <nite:child href="IB4010.A.words.xml#id(IB4010.A.sil11303)..id(IB4010.A.sil11311)"/>
   </segment>
   <segment nite:id="IB4010.A.asg.35579" participant="f1038">
      <nite:child href="IB4010.A.words.xml#id(IB4010.A.sil11312)..id(IB4010.A.sil11319)"/>
   </segment>
   <segment nite:id="IB4010.A.asg.35580" participant="f1038">
      <nite:child href="IB4010.A.words.xml#id(IB4010.A.sil11320)..id(IB4010.A.sil11324)"/>
   </segment>
   <segment nite:id="IB4010.A.asg.35581" participant="f1038">
      <nite:child href="IB4010.A.words.xml#id(IB4010.A.sil11325)..id(IB4010.A.sil11331)"/>
   </segment>
   <segment nite:id="IB4010.A.asg.35582" participant="f1038">
      <nite:child href="IB4010.A.words.xml#id(IB4010.A.sil11332)..id(IB4010.A.sil11355)"/>
   </segment>
   <segment nite:id="IB4010.A.asg.35583" participant="f1038">
      <nite:child href="IB4010.A.words.xml#id(IB4010.A.sil11356)..id(IB4010.A.sil11358)"/>
   </segment>
   <segment nite:id="IB4010.A.asg.35584" participant="f1038">
      <nite:child href="IB4010.A.words.xml#id(IB4010.A.sil11359)..id(IB4010.A.sil11362)"/>
   </segment>
   <segment nite:id="IB4010.A.asg.35585" participant="f1038">
      <nite:child href="IB4010.A.words.xml#id(IB4010.A.sil11363)..id(IB4010.A.sil11369)"/>
   </segment>
   <segment nite:id="IB4010.A.asg.35586" participant="f1038">
      <nite:child href="IB4010.A.words.xml#id(IB4010.A.sil11370)..id(IB4010.A.sil11379)"/>
   </segment>
   <segment nite:id="IB4010.A.asg.35587" participant="f1038">
      <nite:child href="IB4010.A.words.xml#id(IB4010.A.sil11380)..id(IB4010.A.sil11382)"/>
   </segment>
   <segment nite:id="IB4010.A.asg.35588" participant="f1038">
      <nite:child href="IB4010.A.words.xml#id(IB4010.A.sil11383)..id(IB4010.A.sil11385)"/>
   </segment>
   <segment nite:id="IB4010.A.asg.35589" participant="f1038">
      <nite:child href="IB4010.A.words.xml#id(IB4010.A.sil11386)..id(IB4010.A.sil11397)"/>
   </segment>
   <segment nite:id="IB4010.A.asg.35590" participant="f1038">
      <nite:child href="IB4010.A.words.xml#id(IB4010.A.sil11398)..id(IB4010.A.sil11409)"/>
   </segment>
   <segment nite:id="IB4010.A.asg.35591" participant="f1038">
      <nite:child href="IB4010.A.words.xml#id(IB4010.A.sil11410)..id(IB4010.A.sil11415)"/>
   </segment>
   <segment nite:id="IB4010.A.asg.35592" participant="f1038">
      <nite:child href="IB4010.A.words.xml#id(IB4010.A.sil11416)..id(IB4010.A.sil11419)"/>
   </segment>
   <segment nite:id="IB4010.A.asg.35593" participant="f1038">
      <nite:child href="IB4010.A.words.xml#id(IB4010.A.sil11420)..id(IB4010.A.sil11427)"/>
   </segment>
   <segment nite:id="IB4010.A.asg.35594" participant="f1038">
      <nite:child href="IB4010.A.words.xml#id(IB4010.A.sil11428)..id(IB4010.A.sil11434)"/>
   </segment>
   <segment nite:id="IB4010.A.asg.35595" participant="f1038">
      <nite:child href="IB4010.A.words.xml#id(IB4010.A.sil11435)..id(IB4010.A.sil11457)"/>
   </segment>
   <segment nite:id="IB4010.A.asg.35596" participant="f1038">
      <nite:child href="IB4010.A.words.xml#id(IB4010.A.sil11458)..id(IB4010.A.sil11460)"/>
   </segment>
   <segment nite:id="IB4010.A.asg.35597" participant="f1038">
      <nite:child href="IB4010.A.words.xml#id(IB4010.A.sil11461)..id(IB4010.A.sil11465)"/>
   </segment>
   <segment nite:id="IB4010.A.asg.35598" participant="f1038">
      <nite:child href="IB4010.A.words.xml#id(IB4010.A.sil11466)..id(IB4010.A.sil11469)"/>
   </segment>
   <segment nite:id="IB4010.A.asg.35599" participant="f1038">
      <nite:child href="IB4010.A.words.xml#id(IB4010.A.sil11470)..id(IB4010.A.sil11476)"/>
   </segment>
   <segment nite:id="IB4010.A.asg.35600" participant="f1038">
      <nite:child href="IB4010.A.words.xml#id(IB4010.A.sil11477)..id(IB4010.A.sil11483)"/>
   </segment>
   <segment nite:id="IB4010.A.asg.35601" participant="f1038">
      <nite:child href="IB4010.A.words.xml#id(IB4010.A.sil11484)..id(IB4010.A.sil11486)"/>
   </segment>
   <segment nite:id="IB4010.A.asg.35602" participant="f1038">
      <nite:child href="IB4010.A.words.xml#id(IB4010.A.sil11487)..id(IB4010.A.sil11492)"/>
   </segment>
   <segment nite:id="IB4010.A.asg.35603" participant="f1038">
      <nite:child href="IB4010.A.words.xml#id(IB4010.A.sil11493)..id(IB4010.A.sil11495)"/>
   </segment>
   <segment nite:id="IB4010.A.asg.35604" participant="f1038">
      <nite:child href="IB4010.A.words.xml#id(IB4010.A.sil11496)..id(IB4010.A.sil11502)"/>
   </segment>
   <segment nite:id="IB4010.A.asg.35605" participant="f1038">
      <nite:child href="IB4010.A.words.xml#id(IB4010.A.sil11503)..id(IB4010.A.sil11505)"/>
   </segment>
   <segment nite:id="IB4010.A.asg.35606" participant="f1038">
      <nite:child href="IB4010.A.words.xml#id(IB4010.A.sil11506)..id(IB4010.A.sil11508)"/>
   </segment>
   <segment nite:id="IB4010.A.asg.35607" participant="f1038">
      <nite:child href="IB4010.A.words.xml#id(IB4010.A.sil11509)..id(IB4010.A.sil11515)"/>
   </segment>
   <segment nite:id="IB4010.A.asg.35608" participant="f1038">
      <nite:child href="IB4010.A.words.xml#id(IB4010.A.sil11516)..id(IB4010.A.sil11523)"/>
   </segment>
   <segment nite:id="IB4010.A.asg.35609" participant="f1038">
      <nite:child href="IB4010.A.words.xml#id(IB4010.A.sil11524)..id(IB4010.A.sil11532)"/>
   </segment>
   <segment nite:id="IB4010.A.asg.35610" participant="f1038">
      <nite:child href="IB4010.A.words.xml#id(IB4010.A.sil11533)..id(IB4010.A.sil11541)"/>
   </segment>
   <segment nite:id="IB4010.A.asg.35611" participant="f1038">
      <nite:child href="IB4010.A.words.xml#id(IB4010.A.sil11542)..id(IB4010.A.sil11552)"/>
   </segment>
   <segment nite:id="IB4010.A.asg.35612" participant="f1038">
      <nite:child href="IB4010.A.words.xml#id(IB4010.A.sil11553)..id(IB4010.A.sil11565)"/>
   </segment>
   <segment nite:id="IB4010.A.asg.35613" participant="f1038">
      <nite:child href="IB4010.A.words.xml#id(IB4010.A.sil11566)..id(IB4010.A.sil11580)"/>
   </segment>
   <segment nite:id="IB4010.A.asg.35614" participant="f1038">
      <nite:child href="IB4010.A.words.xml#id(IB4010.A.sil11581)..id(IB4010.A.sil11587)"/>
   </segment>
   <segment nite:id="IB4010.A.asg.35615" participant="f1038">
      <nite:child href="IB4010.A.words.xml#id(IB4010.A.sil11588)..id(IB4010.A.sil11608)"/>
   </segment>
   <segment nite:id="IB4010.A.asg.35616" participant="f1038">
      <nite:child href="IB4010.A.words.xml#id(IB4010.A.sil11609)..id(IB4010.A.sil11625)"/>
   </segment>
   <segment nite:id="IB4010.A.asg.35617" participant="f1038">
      <nite:child href="IB4010.A.words.xml#id(IB4010.A.sil11626)..id(IB4010.A.sil11629)"/>
   </segment>
   <segment nite:id="IB4010.A.asg.35618" participant="f1038">
      <nite:child href="IB4010.A.words.xml#id(IB4010.A.sil11630)..id(IB4010.A.sil11652)"/>
   </segment>
   <segment nite:id="IB4010.A.asg.35619" participant="f1038">
      <nite:child href="IB4010.A.words.xml#id(IB4010.A.sil11653)..id(IB4010.A.sil11655)"/>
   </segment>
   <segment nite:id="IB4010.A.asg.35620" participant="f1038">
      <nite:child href="IB4010.A.words.xml#id(IB4010.A.sil11656)..id(IB4010.A.sil11664)"/>
   </segment>
   <segment nite:id="IB4010.A.asg.35621" participant="f1038">
      <nite:child href="IB4010.A.words.xml#id(IB4010.A.sil11665)..id(IB4010.A.sil11671)"/>
   </segment>
   <segment nite:id="IB4010.A.asg.35622" participant="f1038">
      <nite:child href="IB4010.A.words.xml#id(IB4010.A.sil11672)..id(IB4010.A.sil11690)"/>
   </segment>
   <segment nite:id="IB4010.A.asg.35623" participant="f1038">
      <nite:child href="IB4010.A.words.xml#id(IB4010.A.sil11691)..id(IB4010.A.sil11699)"/>
   </segment>
   <segment nite:id="IB4010.A.asg.35624" participant="f1038">
      <nite:child href="IB4010.A.words.xml#id(IB4010.A.sil11700)..id(IB4010.A.sil11703)"/>
   </segment>
   <segment nite:id="IB4010.A.asg.35625" participant="f1038">
      <nite:child href="IB4010.A.words.xml#id(IB4010.A.sil11704)..id(IB4010.A.sil11731)"/>
   </segment>
   <segment nite:id="IB4010.A.asg.35626" participant="f1038">
      <nite:child href="IB4010.A.words.xml#id(IB4010.A.sil11732)..id(IB4010.A.sil11736)"/>
   </segment>
   <segment nite:id="IB4010.A.asg.35627" participant="f1038">
      <nite:child href="IB4010.A.words.xml#id(IB4010.A.sil11737)..id(IB4010.A.sil11746)"/>
   </segment>
   <segment nite:id="IB4010.A.asg.35628" participant="f1038">
      <nite:child href="IB4010.A.words.xml#id(IB4010.A.sil11747)..id(IB4010.A.sil11751)"/>
   </segment>
   <segment nite:id="IB4010.A.asg.35629" participant="f1038">
      <nite:child href="IB4010.A.words.xml#id(IB4010.A.sil11752)..id(IB4010.A.sil11761)"/>
   </segment>
   <segment nite:id="IB4010.A.asg.35630" participant="f1038">
      <nite:child href="IB4010.A.words.xml#id(IB4010.A.sil11762)..id(IB4010.A.sil11767)"/>
   </segment>
   <segment nite:id="IB4010.A.asg.35631" participant="f1038">
      <nite:child href="IB4010.A.words.xml#id(IB4010.A.sil11768)..id(IB4010.A.sil11772)"/>
   </segment>
   <segment nite:id="IB4010.A.asg.35632" participant="f1038">
      <nite:child href="IB4010.A.words.xml#id(IB4010.A.sil11773)..id(IB4010.A.sil11776)"/>
   </segment>
   <segment nite:id="IB4010.A.asg.35633" participant="f1038">
      <nite:child href="IB4010.A.words.xml#id(IB4010.A.sil11777)..id(IB4010.A.sil11788)"/>
   </segment>
   <segment nite:id="IB4010.A.asg.35634" participant="f1038">
      <nite:child href="IB4010.A.words.xml#id(IB4010.A.sil11789)..id(IB4010.A.sil11796)"/>
   </segment>
   <segment nite:id="IB4010.A.asg.35635" participant="f1038">
      <nite:child href="IB4010.A.words.xml#id(IB4010.A.sil11797)..id(IB4010.A.sil11810)"/>
   </segment>
   <segment nite:id="IB4010.A.asg.35636" participant="f1038">
      <nite:child href="IB4010.A.words.xml#id(IB4010.A.sil11811)..id(IB4010.A.sil11815)"/>
   </segment>
   <segment nite:id="IB4010.A.asg.35637" participant="f1038">
      <nite:child href="IB4010.A.words.xml#id(IB4010.A.sil11816)..id(IB4010.A.sil11819)"/>
   </segment>
   <segment nite:id="IB4010.A.asg.35638" participant="f1038">
      <nite:child href="IB4010.A.words.xml#id(IB4010.A.sil11820)..id(IB4010.A.sil11832)"/>
   </segment>
   <segment nite:id="IB4010.A.asg.35639" participant="f1038">
      <nite:child href="IB4010.A.words.xml#id(IB4010.A.sil11833)..id(IB4010.A.sil11835)"/>
   </segment>
   <segment nite:id="IB4010.A.asg.35640" participant="f1038">
      <nite:child href="IB4010.A.words.xml#id(IB4010.A.sil11836)..id(IB4010.A.sil11839)"/>
   </segment>
   <segment nite:id="IB4010.A.asg.35641" participant="f1038">
      <nite:child href="IB4010.A.words.xml#id(IB4010.A.sil11840)..id(IB4010.A.sil11846)"/>
   </segment>
   <segment nite:id="IB4010.A.asg.35642" participant="f1038">
      <nite:child href="IB4010.A.words.xml#id(IB4010.A.sil11847)..id(IB4010.A.sil11849)"/>
   </segment>
   <segment nite:id="IB4010.A.asg.35643" participant="f1038">
      <nite:child href="IB4010.A.words.xml#id(IB4010.A.sil11850)..id(IB4010.A.sil11853)"/>
   </segment>
   <segment nite:id="IB4010.A.asg.35644" participant="f1038">
      <nite:child href="IB4010.A.words.xml#id(IB4010.A.sil11854)..id(IB4010.A.sil11861)"/>
   </segment>
   <segment nite:id="IB4010.A.asg.35645" participant="f1038">
      <nite:child href="IB4010.A.words.xml#id(IB4010.A.sil11862)..id(IB4010.A.sil11870)"/>
   </segment>
   <segment nite:id="IB4010.A.asg.35646" participant="f1038">
      <nite:child href="IB4010.A.words.xml#id(IB4010.A.sil11871)..id(IB4010.A.sil11873)"/>
   </segment>
   <segment nite:id="IB4010.A.asg.35647" participant="f1038">
      <nite:child href="IB4010.A.words.xml#id(IB4010.A.sil11874)..id(IB4010.A.sil11876)"/>
   </segment>
   <segment nite:id="IB4010.A.asg.35648" participant="f1038">
      <nite:child href="IB4010.A.words.xml#id(IB4010.A.sil11877)..id(IB4010.A.sil11879)"/>
   </segment>
   <segment nite:id="IB4010.A.asg.35649" participant="f1038">
      <nite:child href="IB4010.A.words.xml#id(IB4010.A.sil11880)..id(IB4010.A.sil11883)"/>
   </segment>
</nite:root>