<?xml version="1.0" encoding="ISO-8859-1" standalone="yes"?>
<nite:root nite:id="IB4010.C.aseg" xmlns:nite="http://nite.sourceforge.net/">
   <segment nite:id="IB4010.C.asg.34777" participant="m4095">
      <nite:child href="IB4010.C.words.xml#id(IB4010.C.sil3512)..id(IB4010.C.sil3514)"/>
   </segment>
   <segment nite:id="IB4010.C.asg.34778" participant="m4095">
      <nite:child href="IB4010.C.words.xml#id(IB4010.C.sil3515)..id(IB4010.C.sil3519)"/>
   </segment>
   <segment nite:id="IB4010.C.asg.34779" participant="m4095">
      <nite:child href="IB4010.C.words.xml#id(IB4010.C.sil3520)..id(IB4010.C.sil3523)"/>
   </segment>
   <segment nite:id="IB4010.C.asg.34780" participant="m4095">
      <nite:child href="IB4010.C.words.xml#id(IB4010.C.sil3524)..id(IB4010.C.sil3551)"/>
   </segment>
   <segment nite:id="IB4010.C.asg.34781" participant="m4095">
      <nite:child href="IB4010.C.words.xml#id(IB4010.C.sil3552)..id(IB4010.C.sil3556)"/>
   </segment>
   <segment nite:id="IB4010.C.asg.34782" participant="m4095">
      <nite:child href="IB4010.C.words.xml#id(IB4010.C.sil3557)..id(IB4010.C.sil3560)"/>
   </segment>
   <segment nite:id="IB4010.C.asg.34783" participant="m4095">
      <nite:child href="IB4010.C.words.xml#id(IB4010.C.sil3561)..id(IB4010.C.sil3564)"/>
   </segment>
   <segment nite:id="IB4010.C.asg.34784" participant="m4095">
      <nite:child href="IB4010.C.words.xml#id(IB4010.C.sil3565)..id(IB4010.C.sil3572)"/>
   </segment>
   <segment nite:id="IB4010.C.asg.34785" participant="m4095">
      <nite:child href="IB4010.C.words.xml#id(IB4010.C.sil3573)..id(IB4010.C.sil3580)"/>
   </segment>
   <segment nite:id="IB4010.C.asg.34786" participant="m4095">
      <nite:child href="IB4010.C.words.xml#id(IB4010.C.sil3581)..id(IB4010.C.sil3586)"/>
   </segment>
   <segment nite:id="IB4010.C.asg.34787" participant="m4095">
      <nite:child href="IB4010.C.words.xml#id(IB4010.C.sil3587)..id(IB4010.C.sil3591)"/>
   </segment>
   <segment nite:id="IB4010.C.asg.34788" participant="m4095">
      <nite:child href="IB4010.C.words.xml#id(IB4010.C.sil3592)..id(IB4010.C.sil3615)"/>
   </segment>
   <segment nite:id="IB4010.C.asg.34789" participant="m4095">
      <nite:child href="IB4010.C.words.xml#id(IB4010.C.sil3616)..id(IB4010.C.sil3621)"/>
   </segment>
   <segment nite:id="IB4010.C.asg.34790" participant="m4095">
      <nite:child href="IB4010.C.words.xml#id(IB4010.C.sil3622)..id(IB4010.C.sil3626)"/>
   </segment>
   <segment nite:id="IB4010.C.asg.34791" participant="m4095">
      <nite:child href="IB4010.C.words.xml#id(IB4010.C.sil3627)..id(IB4010.C.sil3629)"/>
   </segment>
   <segment nite:id="IB4010.C.asg.34792" participant="m4095">
      <nite:child href="IB4010.C.words.xml#id(IB4010.C.sil3630)..id(IB4010.C.sil3632)"/>
   </segment>
   <segment nite:id="IB4010.C.asg.34793" participant="m4095">
      <nite:child href="IB4010.C.words.xml#id(IB4010.C.sil3633)..id(IB4010.C.sil3644)"/>
   </segment>
   <segment nite:id="IB4010.C.asg.34794" participant="m4095">
      <nite:child href="IB4010.C.words.xml#id(IB4010.C.sil3645)..id(IB4010.C.sil3647)"/>
   </segment>
   <segment nite:id="IB4010.C.asg.34795" participant="m4095">
      <nite:child href="IB4010.C.words.xml#id(IB4010.C.sil3648)..id(IB4010.C.sil3651)"/>
   </segment>
   <segment nite:id="IB4010.C.asg.34796" participant="m4095">
      <nite:child href="IB4010.C.words.xml#id(IB4010.C.sil3652)..id(IB4010.C.sil3658)"/>
   </segment>
   <segment nite:id="IB4010.C.asg.34797" participant="m4095">
      <nite:child href="IB4010.C.words.xml#id(IB4010.C.sil3659)..id(IB4010.C.sil3700)"/>
   </segment>
   <segment nite:id="IB4010.C.asg.34798" participant="m4095">
      <nite:child href="IB4010.C.words.xml#id(IB4010.C.sil3701)..id(IB4010.C.sil3731)"/>
   </segment>
   <segment nite:id="IB4010.C.asg.34799" participant="m4095">
      <nite:child href="IB4010.C.words.xml#id(IB4010.C.sil3732)..id(IB4010.C.sil3746)"/>
   </segment>
   <segment nite:id="IB4010.C.asg.34800" participant="m4095">
      <nite:child href="IB4010.C.words.xml#id(IB4010.C.sil3747)..id(IB4010.C.sil3750)"/>
   </segment>
   <segment nite:id="IB4010.C.asg.34801" participant="m4095">
      <nite:child href="IB4010.C.words.xml#id(IB4010.C.sil3751)..id(IB4010.C.sil3754)"/>
   </segment>
   <segment nite:id="IB4010.C.asg.34802" participant="m4095">
      <nite:child href="IB4010.C.words.xml#id(IB4010.C.sil3755)..id(IB4010.C.sil3775)"/>
   </segment>
   <segment nite:id="IB4010.C.asg.34803" participant="m4095">
      <nite:child href="IB4010.C.words.xml#id(IB4010.C.sil3776)..id(IB4010.C.sil3784)"/>
   </segment>
   <segment nite:id="IB4010.C.asg.34804" participant="m4095">
      <nite:child href="IB4010.C.words.xml#id(IB4010.C.sil3785)..id(IB4010.C.sil3787)"/>
   </segment>
   <segment nite:id="IB4010.C.asg.34805" participant="m4095">
      <nite:child href="IB4010.C.words.xml#id(IB4010.C.sil3788)..id(IB4010.C.sil3809)"/>
   </segment>
   <segment nite:id="IB4010.C.asg.34806" participant="m4095">
      <nite:child href="IB4010.C.words.xml#id(IB4010.C.sil3810)..id(IB4010.C.sil3815)"/>
   </segment>
   <segment nite:id="IB4010.C.asg.34807" participant="m4095">
      <nite:child href="IB4010.C.words.xml#id(IB4010.C.sil3816)..id(IB4010.C.sil3823)"/>
   </segment>
   <segment nite:id="IB4010.C.asg.34808" participant="m4095">
      <nite:child href="IB4010.C.words.xml#id(IB4010.C.sil3824)..id(IB4010.C.sil3826)"/>
   </segment>
   <segment nite:id="IB4010.C.asg.34809" participant="m4095">
      <nite:child href="IB4010.C.words.xml#id(IB4010.C.sil3827)..id(IB4010.C.sil3874)"/>
   </segment>
   <segment nite:id="IB4010.C.asg.34810" participant="m4095">
      <nite:child href="IB4010.C.words.xml#id(IB4010.C.sil3875)..id(IB4010.C.sil3884)"/>
   </segment>
   <segment nite:id="IB4010.C.asg.34811" participant="m4095">
      <nite:child href="IB4010.C.words.xml#id(IB4010.C.sil3885)..id(IB4010.C.sil3910)"/>
   </segment>
   <segment nite:id="IB4010.C.asg.34812" participant="m4095">
      <nite:child href="IB4010.C.words.xml#id(IB4010.C.sil3911)..id(IB4010.C.sil3918)"/>
   </segment>
   <segment nite:id="IB4010.C.asg.34813" participant="m4095">
      <nite:child href="IB4010.C.words.xml#id(IB4010.C.sil3919)..id(IB4010.C.sil3931)"/>
   </segment>
   <segment nite:id="IB4010.C.asg.34814" participant="m4095">
      <nite:child href="IB4010.C.words.xml#id(IB4010.C.sil3932)..id(IB4010.C.sil3935)"/>
   </segment>
   <segment nite:id="IB4010.C.asg.34815" participant="m4095">
      <nite:child href="IB4010.C.words.xml#id(IB4010.C.sil3936)..id(IB4010.C.sil3948)"/>
   </segment>
   <segment nite:id="IB4010.C.asg.34816" participant="m4095">
      <nite:child href="IB4010.C.words.xml#id(IB4010.C.sil3949)..id(IB4010.C.sil3951)"/>
   </segment>
   <segment nite:id="IB4010.C.asg.34817" participant="m4095">
      <nite:child href="IB4010.C.words.xml#id(IB4010.C.sil3952)..id(IB4010.C.sil3954)"/>
   </segment>
   <segment nite:id="IB4010.C.asg.34818" participant="m4095">
      <nite:child href="IB4010.C.words.xml#id(IB4010.C.sil3955)..id(IB4010.C.sil3989)"/>
   </segment>
   <segment nite:id="IB4010.C.asg.34819" participant="m4095">
      <nite:child href="IB4010.C.words.xml#id(IB4010.C.sil3990)..id(IB4010.C.sil4000)"/>
   </segment>
   <segment nite:id="IB4010.C.asg.34820" participant="m4095">
      <nite:child href="IB4010.C.words.xml#id(IB4010.C.sil4001)..id(IB4010.C.sil4031)"/>
   </segment>
   <segment nite:id="IB4010.C.asg.34821" participant="m4095">
      <nite:child href="IB4010.C.words.xml#id(IB4010.C.sil4032)..id(IB4010.C.sil4034)"/>
   </segment>
   <segment nite:id="IB4010.C.asg.34822" participant="m4095">
      <nite:child href="IB4010.C.words.xml#id(IB4010.C.sil4035)..id(IB4010.C.sil4066)"/>
   </segment>
   <segment nite:id="IB4010.C.asg.34823" participant="m4095">
      <nite:child href="IB4010.C.words.xml#id(IB4010.C.sil4067)..id(IB4010.C.sil4079)"/>
   </segment>
   <segment nite:id="IB4010.C.asg.34824" participant="m4095">
      <nite:child href="IB4010.C.words.xml#id(IB4010.C.sil4080)..id(IB4010.C.sil4092)"/>
   </segment>
   <segment nite:id="IB4010.C.asg.34825" participant="m4095">
      <nite:child href="IB4010.C.words.xml#id(IB4010.C.sil4093)..id(IB4010.C.sil4095)"/>
   </segment>
   <segment nite:id="IB4010.C.asg.34826" participant="m4095">
      <nite:child href="IB4010.C.words.xml#id(IB4010.C.sil4096)..id(IB4010.C.sil4099)"/>
   </segment>
   <segment nite:id="IB4010.C.asg.34827" participant="m4095">
      <nite:child href="IB4010.C.words.xml#id(IB4010.C.sil4100)..id(IB4010.C.sil4107)"/>
   </segment>
   <segment nite:id="IB4010.C.asg.34828" participant="m4095">
      <nite:child href="IB4010.C.words.xml#id(IB4010.C.sil4108)..id(IB4010.C.sil4110)"/>
   </segment>
   <segment nite:id="IB4010.C.asg.34829" participant="m4095">
      <nite:child href="IB4010.C.words.xml#id(IB4010.C.sil4111)..id(IB4010.C.sil4113)"/>
   </segment>
   <segment nite:id="IB4010.C.asg.34830" participant="m4095">
      <nite:child href="IB4010.C.words.xml#id(IB4010.C.sil4114)..id(IB4010.C.sil4117)"/>
   </segment>
   <segment nite:id="IB4010.C.asg.34831" participant="m4095">
      <nite:child href="IB4010.C.words.xml#id(IB4010.C.sil4118)..id(IB4010.C.sil4120)"/>
   </segment>
   <segment nite:id="IB4010.C.asg.34832" participant="m4095">
      <nite:child href="IB4010.C.words.xml#id(IB4010.C.sil4121)..id(IB4010.C.sil4146)"/>
   </segment>
   <segment nite:id="IB4010.C.asg.34833" participant="m4095">
      <nite:child href="IB4010.C.words.xml#id(IB4010.C.sil4147)..id(IB4010.C.sil4149)"/>
   </segment>
   <segment nite:id="IB4010.C.asg.34834" participant="m4095">
      <nite:child href="IB4010.C.words.xml#id(IB4010.C.sil4150)..id(IB4010.C.sil4170)"/>
   </segment>
   <segment nite:id="IB4010.C.asg.34835" participant="m4095">
      <nite:child href="IB4010.C.words.xml#id(IB4010.C.sil4171)..id(IB4010.C.sil4184)"/>
   </segment>
   <segment nite:id="IB4010.C.asg.34836" participant="m4095">
      <nite:child href="IB4010.C.words.xml#id(IB4010.C.sil4185)..id(IB4010.C.sil4201)"/>
   </segment>
   <segment nite:id="IB4010.C.asg.34837" participant="m4095">
      <nite:child href="IB4010.C.words.xml#id(IB4010.C.sil4202)..id(IB4010.C.sil4213)"/>
   </segment>
   <segment nite:id="IB4010.C.asg.34838" participant="m4095">
      <nite:child href="IB4010.C.words.xml#id(IB4010.C.sil4214)..id(IB4010.C.sil4216)"/>
   </segment>
   <segment nite:id="IB4010.C.asg.34839" participant="m4095">
      <nite:child href="IB4010.C.words.xml#id(IB4010.C.sil4217)..id(IB4010.C.sil4219)"/>
   </segment>
   <segment nite:id="IB4010.C.asg.34840" participant="m4095">
      <nite:child href="IB4010.C.words.xml#id(IB4010.C.sil4220)..id(IB4010.C.sil4231)"/>
   </segment>
   <segment nite:id="IB4010.C.asg.34841" participant="m4095">
      <nite:child href="IB4010.C.words.xml#id(IB4010.C.sil4232)..id(IB4010.C.sil4235)"/>
   </segment>
   <segment nite:id="IB4010.C.asg.34842" participant="m4095">
      <nite:child href="IB4010.C.words.xml#id(IB4010.C.sil4236)..id(IB4010.C.sil4244)"/>
   </segment>
   <segment nite:id="IB4010.C.asg.34843" participant="m4095">
      <nite:child href="IB4010.C.words.xml#id(IB4010.C.sil4245)..id(IB4010.C.sil4250)"/>
   </segment>
   <segment nite:id="IB4010.C.asg.34844" participant="m4095">
      <nite:child href="IB4010.C.words.xml#id(IB4010.C.sil4251)..id(IB4010.C.sil4254)"/>
   </segment>
   <segment nite:id="IB4010.C.asg.34845" participant="m4095">
      <nite:child href="IB4010.C.words.xml#id(IB4010.C.sil4255)..id(IB4010.C.sil4259)"/>
   </segment>
   <segment nite:id="IB4010.C.asg.34846" participant="m4095">
      <nite:child href="IB4010.C.words.xml#id(IB4010.C.sil4260)..id(IB4010.C.sil4271)"/>
   </segment>
   <segment nite:id="IB4010.C.asg.34847" participant="m4095">
      <nite:child href="IB4010.C.words.xml#id(IB4010.C.sil4272)..id(IB4010.C.sil4274)"/>
   </segment>
   <segment nite:id="IB4010.C.asg.34848" participant="m4095">
      <nite:child href="IB4010.C.words.xml#id(IB4010.C.sil4275)..id(IB4010.C.sil4283)"/>
   </segment>
   <segment nite:id="IB4010.C.asg.34849" participant="m4095">
      <nite:child href="IB4010.C.words.xml#id(IB4010.C.sil4284)..id(IB4010.C.sil4296)"/>
   </segment>
   <segment nite:id="IB4010.C.asg.34850" participant="m4095">
      <nite:child href="IB4010.C.words.xml#id(IB4010.C.sil4297)..id(IB4010.C.sil4300)"/>
   </segment>
   <segment nite:id="IB4010.C.asg.34851" participant="m4095">
      <nite:child href="IB4010.C.words.xml#id(IB4010.C.sil4301)..id(IB4010.C.sil4306)"/>
   </segment>
   <segment nite:id="IB4010.C.asg.34852" participant="m4095">
      <nite:child href="IB4010.C.words.xml#id(IB4010.C.sil4307)..id(IB4010.C.sil4324)"/>
   </segment>
   <segment nite:id="IB4010.C.asg.34853" participant="m4095">
      <nite:child href="IB4010.C.words.xml#id(IB4010.C.sil4325)..id(IB4010.C.sil4332)"/>
   </segment>
   <segment nite:id="IB4010.C.asg.34854" participant="m4095">
      <nite:child href="IB4010.C.words.xml#id(IB4010.C.sil4333)..id(IB4010.C.sil4366)"/>
   </segment>
   <segment nite:id="IB4010.C.asg.34855" participant="m4095">
      <nite:child href="IB4010.C.words.xml#id(IB4010.C.sil4367)..id(IB4010.C.sil4398)"/>
   </segment>
   <segment nite:id="IB4010.C.asg.34856" participant="m4095">
      <nite:child href="IB4010.C.words.xml#id(IB4010.C.sil4399)..id(IB4010.C.sil4412)"/>
   </segment>
   <segment nite:id="IB4010.C.asg.34857" participant="m4095">
      <nite:child href="IB4010.C.words.xml#id(IB4010.C.sil4413)..id(IB4010.C.sil4426)"/>
   </segment>
   <segment nite:id="IB4010.C.asg.34858" participant="m4095">
      <nite:child href="IB4010.C.words.xml#id(IB4010.C.sil4427)..id(IB4010.C.sil4430)"/>
   </segment>
   <segment nite:id="IB4010.C.asg.34859" participant="m4095">
      <nite:child href="IB4010.C.words.xml#id(IB4010.C.sil4431)..id(IB4010.C.sil4456)"/>
   </segment>
   <segment nite:id="IB4010.C.asg.34860" participant="m4095">
      <nite:child href="IB4010.C.words.xml#id(IB4010.C.sil4457)..id(IB4010.C.sil4488)"/>
   </segment>
   <segment nite:id="IB4010.C.asg.34861" participant="m4095">
      <nite:child href="IB4010.C.words.xml#id(IB4010.C.sil4489)..id(IB4010.C.sil4491)"/>
   </segment>
   <segment nite:id="IB4010.C.asg.34862" participant="m4095">
      <nite:child href="IB4010.C.words.xml#id(IB4010.C.sil4492)..id(IB4010.C.sil4495)"/>
   </segment>
   <segment nite:id="IB4010.C.asg.34863" participant="m4095">
      <nite:child href="IB4010.C.words.xml#id(IB4010.C.sil4496)..id(IB4010.C.sil4498)"/>
   </segment>
   <segment nite:id="IB4010.C.asg.34864" participant="m4095">
      <nite:child href="IB4010.C.words.xml#id(IB4010.C.sil4499)..id(IB4010.C.sil4501)"/>
   </segment>
   <segment nite:id="IB4010.C.asg.34865" participant="m4095">
      <nite:child href="IB4010.C.words.xml#id(IB4010.C.sil4502)..id(IB4010.C.sil4520)"/>
   </segment>
   <segment nite:id="IB4010.C.asg.34866" participant="m4095">
      <nite:child href="IB4010.C.words.xml#id(IB4010.C.sil4521)..id(IB4010.C.sil4523)"/>
   </segment>
   <segment nite:id="IB4010.C.asg.34867" participant="m4095">
      <nite:child href="IB4010.C.words.xml#id(IB4010.C.sil4524)..id(IB4010.C.sil4530)"/>
   </segment>
   <segment nite:id="IB4010.C.asg.34868" participant="m4095">
      <nite:child href="IB4010.C.words.xml#id(IB4010.C.sil4531)..id(IB4010.C.sil4552)"/>
   </segment>
   <segment nite:id="IB4010.C.asg.34869" participant="m4095">
      <nite:child href="IB4010.C.words.xml#id(IB4010.C.sil4553)..id(IB4010.C.sil4562)"/>
   </segment>
   <segment nite:id="IB4010.C.asg.34870" participant="m4095">
      <nite:child href="IB4010.C.words.xml#id(IB4010.C.sil4563)..id(IB4010.C.sil4586)"/>
   </segment>
   <segment nite:id="IB4010.C.asg.34871" participant="m4095">
      <nite:child href="IB4010.C.words.xml#id(IB4010.C.sil4587)..id(IB4010.C.sil4604)"/>
   </segment>
   <segment nite:id="IB4010.C.asg.34872" participant="m4095">
      <nite:child href="IB4010.C.words.xml#id(IB4010.C.sil4605)..id(IB4010.C.sil4608)"/>
   </segment>
   <segment nite:id="IB4010.C.asg.34873" participant="m4095">
      <nite:child href="IB4010.C.words.xml#id(IB4010.C.sil4609)..id(IB4010.C.sil4616)"/>
   </segment>
   <segment nite:id="IB4010.C.asg.34874" participant="m4095">
      <nite:child href="IB4010.C.words.xml#id(IB4010.C.sil4617)..id(IB4010.C.sil4624)"/>
   </segment>
   <segment nite:id="IB4010.C.asg.34875" participant="m4095">
      <nite:child href="IB4010.C.words.xml#id(IB4010.C.sil4625)..id(IB4010.C.sil4632)"/>
   </segment>
   <segment nite:id="IB4010.C.asg.34876" participant="m4095">
      <nite:child href="IB4010.C.words.xml#id(IB4010.C.sil4633)..id(IB4010.C.sil4642)"/>
   </segment>
   <segment nite:id="IB4010.C.asg.34877" participant="m4095">
      <nite:child href="IB4010.C.words.xml#id(IB4010.C.sil4643)..id(IB4010.C.sil4649)"/>
   </segment>
   <segment nite:id="IB4010.C.asg.34878" participant="m4095">
      <nite:child href="IB4010.C.words.xml#id(IB4010.C.sil4650)..id(IB4010.C.sil4671)"/>
   </segment>
   <segment nite:id="IB4010.C.asg.34879" participant="m4095">
      <nite:child href="IB4010.C.words.xml#id(IB4010.C.sil4672)..id(IB4010.C.sil4679)"/>
   </segment>
   <segment nite:id="IB4010.C.asg.34880" participant="m4095">
      <nite:child href="IB4010.C.words.xml#id(IB4010.C.sil4680)..id(IB4010.C.sil4696)"/>
   </segment>
   <segment nite:id="IB4010.C.asg.34881" participant="m4095">
      <nite:child href="IB4010.C.words.xml#id(IB4010.C.sil4697)..id(IB4010.C.sil4699)"/>
   </segment>
   <segment nite:id="IB4010.C.asg.34882" participant="m4095">
      <nite:child href="IB4010.C.words.xml#id(IB4010.C.sil4700)..id(IB4010.C.sil4709)"/>
   </segment>
   <segment nite:id="IB4010.C.asg.34883" participant="m4095">
      <nite:child href="IB4010.C.words.xml#id(IB4010.C.sil4710)..id(IB4010.C.sil4724)"/>
   </segment>
   <segment nite:id="IB4010.C.asg.34884" participant="m4095">
      <nite:child href="IB4010.C.words.xml#id(IB4010.C.sil4725)..id(IB4010.C.sil4727)"/>
   </segment>
   <segment nite:id="IB4010.C.asg.34885" participant="m4095">
      <nite:child href="IB4010.C.words.xml#id(IB4010.C.sil4728)..id(IB4010.C.sil4752)"/>
   </segment>
   <segment nite:id="IB4010.C.asg.34886" participant="m4095">
      <nite:child href="IB4010.C.words.xml#id(IB4010.C.sil4753)..id(IB4010.C.sil4756)"/>
   </segment>
   <segment nite:id="IB4010.C.asg.34887" participant="m4095">
      <nite:child href="IB4010.C.words.xml#id(IB4010.C.sil4757)..id(IB4010.C.sil4775)"/>
   </segment>
   <segment nite:id="IB4010.C.asg.34888" participant="m4095">
      <nite:child href="IB4010.C.words.xml#id(IB4010.C.sil4776)..id(IB4010.C.sil4796)"/>
   </segment>
   <segment nite:id="IB4010.C.asg.34889" participant="m4095">
      <nite:child href="IB4010.C.words.xml#id(IB4010.C.sil4797)..id(IB4010.C.sil4801)"/>
   </segment>
   <segment nite:id="IB4010.C.asg.34890" participant="m4095">
      <nite:child href="IB4010.C.words.xml#id(IB4010.C.sil4802)..id(IB4010.C.sil4804)"/>
   </segment>
   <segment nite:id="IB4010.C.asg.34891" participant="m4095">
      <nite:child href="IB4010.C.words.xml#id(IB4010.C.sil4805)..id(IB4010.C.sil4808)"/>
   </segment>
   <segment nite:id="IB4010.C.asg.34892" participant="m4095">
      <nite:child href="IB4010.C.words.xml#id(IB4010.C.sil4809)..id(IB4010.C.sil4811)"/>
   </segment>
   <segment nite:id="IB4010.C.asg.34893" participant="m4095">
      <nite:child href="IB4010.C.words.xml#id(IB4010.C.sil4812)..id(IB4010.C.sil4819)"/>
   </segment>
   <segment nite:id="IB4010.C.asg.34894" participant="m4095">
      <nite:child href="IB4010.C.words.xml#id(IB4010.C.sil4820)..id(IB4010.C.sil4835)"/>
   </segment>
   <segment nite:id="IB4010.C.asg.34895" participant="m4095">
      <nite:child href="IB4010.C.words.xml#id(IB4010.C.sil4836)..id(IB4010.C.sil4838)"/>
   </segment>
   <segment nite:id="IB4010.C.asg.34896" participant="m4095">
      <nite:child href="IB4010.C.words.xml#id(IB4010.C.sil4839)..id(IB4010.C.sil4855)"/>
   </segment>
   <segment nite:id="IB4010.C.asg.34897" participant="m4095">
      <nite:child href="IB4010.C.words.xml#id(IB4010.C.sil4856)..id(IB4010.C.sil4858)"/>
   </segment>
   <segment nite:id="IB4010.C.asg.34898" participant="m4095">
      <nite:child href="IB4010.C.words.xml#id(IB4010.C.sil4859)..id(IB4010.C.sil4868)"/>
   </segment>
   <segment nite:id="IB4010.C.asg.34899" participant="m4095">
      <nite:child href="IB4010.C.words.xml#id(IB4010.C.sil4869)..id(IB4010.C.sil4874)"/>
   </segment>
   <segment nite:id="IB4010.C.asg.34900" participant="m4095">
      <nite:child href="IB4010.C.words.xml#id(IB4010.C.sil4875)..id(IB4010.C.sil4877)"/>
   </segment>
   <segment nite:id="IB4010.C.asg.34901" participant="m4095">
      <nite:child href="IB4010.C.words.xml#id(IB4010.C.sil4878)..id(IB4010.C.sil4889)"/>
   </segment>
   <segment nite:id="IB4010.C.asg.34902" participant="m4095">
      <nite:child href="IB4010.C.words.xml#id(IB4010.C.sil4890)..id(IB4010.C.sil4892)"/>
   </segment>
   <segment nite:id="IB4010.C.asg.34903" participant="m4095">
      <nite:child href="IB4010.C.words.xml#id(IB4010.C.sil4893)..id(IB4010.C.sil4896)"/>
   </segment>
   <segment nite:id="IB4010.C.asg.34904" participant="m4095">
      <nite:child href="IB4010.C.words.xml#id(IB4010.C.sil4897)..id(IB4010.C.sil4905)"/>
   </segment>
   <segment nite:id="IB4010.C.asg.34905" participant="m4095">
      <nite:child href="IB4010.C.words.xml#id(IB4010.C.sil4906)..id(IB4010.C.sil4917)"/>
   </segment>
   <segment nite:id="IB4010.C.asg.34906" participant="m4095">
      <nite:child href="IB4010.C.words.xml#id(IB4010.C.sil4918)..id(IB4010.C.sil4921)"/>
   </segment>
   <segment nite:id="IB4010.C.asg.34907" participant="m4095">
      <nite:child href="IB4010.C.words.xml#id(IB4010.C.sil4922)..id(IB4010.C.sil4945)"/>
   </segment>
   <segment nite:id="IB4010.C.asg.34908" participant="m4095">
      <nite:child href="IB4010.C.words.xml#id(IB4010.C.sil4946)..id(IB4010.C.sil4948)"/>
   </segment>
   <segment nite:id="IB4010.C.asg.34909" participant="m4095">
      <nite:child href="IB4010.C.words.xml#id(IB4010.C.sil4949)..id(IB4010.C.sil4982)"/>
   </segment>
   <segment nite:id="IB4010.C.asg.34910" participant="m4095">
      <nite:child href="IB4010.C.words.xml#id(IB4010.C.sil4983)..id(IB4010.C.sil4993)"/>
   </segment>
   <segment nite:id="IB4010.C.asg.34911" participant="m4095">
      <nite:child href="IB4010.C.words.xml#id(IB4010.C.sil4994)..id(IB4010.C.sil5008)"/>
   </segment>
   <segment nite:id="IB4010.C.asg.34912" participant="m4095">
      <nite:child href="IB4010.C.words.xml#id(IB4010.C.sil5009)..id(IB4010.C.sil5011)"/>
   </segment>
   <segment nite:id="IB4010.C.asg.34913" participant="m4095">
      <nite:child href="IB4010.C.words.xml#id(IB4010.C.sil5012)..id(IB4010.C.sil5021)"/>
   </segment>
   <segment nite:id="IB4010.C.asg.34914" participant="m4095">
      <nite:child href="IB4010.C.words.xml#id(IB4010.C.sil5022)..id(IB4010.C.sil5028)"/>
   </segment>
   <segment nite:id="IB4010.C.asg.34915" participant="m4095">
      <nite:child href="IB4010.C.words.xml#id(IB4010.C.sil5029)..id(IB4010.C.sil5031)"/>
   </segment>
   <segment nite:id="IB4010.C.asg.34916" participant="m4095">
      <nite:child href="IB4010.C.words.xml#id(IB4010.C.sil5032)..id(IB4010.C.sil5043)"/>
   </segment>
   <segment nite:id="IB4010.C.asg.34917" participant="m4095">
      <nite:child href="IB4010.C.words.xml#id(IB4010.C.sil5044)..id(IB4010.C.sil5061)"/>
   </segment>
   <segment nite:id="IB4010.C.asg.34918" participant="m4095">
      <nite:child href="IB4010.C.words.xml#id(IB4010.C.sil5062)..id(IB4010.C.sil5068)"/>
   </segment>
   <segment nite:id="IB4010.C.asg.34919" participant="m4095">
      <nite:child href="IB4010.C.words.xml#id(IB4010.C.sil5069)..id(IB4010.C.sil5072)"/>
   </segment>
   <segment nite:id="IB4010.C.asg.34920" participant="m4095">
      <nite:child href="IB4010.C.words.xml#id(IB4010.C.sil5073)..id(IB4010.C.sil5077)"/>
   </segment>
   <segment nite:id="IB4010.C.asg.34921" participant="m4095">
      <nite:child href="IB4010.C.words.xml#id(IB4010.C.sil5078)..id(IB4010.C.sil5111)"/>
   </segment>
   <segment nite:id="IB4010.C.asg.34922" participant="m4095">
      <nite:child href="IB4010.C.words.xml#id(IB4010.C.sil5112)..id(IB4010.C.sil5127)"/>
   </segment>
   <segment nite:id="IB4010.C.asg.34923" participant="m4095">
      <nite:child href="IB4010.C.words.xml#id(IB4010.C.sil5128)..id(IB4010.C.sil5143)"/>
   </segment>
   <segment nite:id="IB4010.C.asg.34924" participant="m4095">
      <nite:child href="IB4010.C.words.xml#id(IB4010.C.sil5144)..id(IB4010.C.sil5146)"/>
   </segment>
   <segment nite:id="IB4010.C.asg.34925" participant="m4095">
      <nite:child href="IB4010.C.words.xml#id(IB4010.C.sil5147)..id(IB4010.C.sil5152)"/>
   </segment>
   <segment nite:id="IB4010.C.asg.34926" participant="m4095">
      <nite:child href="IB4010.C.words.xml#id(IB4010.C.sil5153)..id(IB4010.C.sil5162)"/>
   </segment>
   <segment nite:id="IB4010.C.asg.34927" participant="m4095">
      <nite:child href="IB4010.C.words.xml#id(IB4010.C.sil5163)..id(IB4010.C.sil5168)"/>
   </segment>
   <segment nite:id="IB4010.C.asg.34928" participant="m4095">
      <nite:child href="IB4010.C.words.xml#id(IB4010.C.sil5169)..id(IB4010.C.sil5185)"/>
   </segment>
   <segment nite:id="IB4010.C.asg.34929" participant="m4095">
      <nite:child href="IB4010.C.words.xml#id(IB4010.C.sil5186)..id(IB4010.C.sil5192)"/>
   </segment>
   <segment nite:id="IB4010.C.asg.34930" participant="m4095">
      <nite:child href="IB4010.C.words.xml#id(IB4010.C.sil5193)..id(IB4010.C.sil5199)"/>
   </segment>
   <segment nite:id="IB4010.C.asg.34931" participant="m4095">
      <nite:child href="IB4010.C.words.xml#id(IB4010.C.sil5200)..id(IB4010.C.sil5219)"/>
   </segment>
   <segment nite:id="IB4010.C.asg.34932" participant="m4095">
      <nite:child href="IB4010.C.words.xml#id(IB4010.C.sil5220)..id(IB4010.C.sil5231)"/>
   </segment>
   <segment nite:id="IB4010.C.asg.34933" participant="m4095">
      <nite:child href="IB4010.C.words.xml#id(IB4010.C.sil5232)..id(IB4010.C.sil5235)"/>
   </segment>
   <segment nite:id="IB4010.C.asg.34934" participant="m4095">
      <nite:child href="IB4010.C.words.xml#id(IB4010.C.sil5236)..id(IB4010.C.sil5240)"/>
   </segment>
   <segment nite:id="IB4010.C.asg.34935" participant="m4095">
      <nite:child href="IB4010.C.words.xml#id(IB4010.C.sil5241)..id(IB4010.C.sil5269)"/>
   </segment>
   <segment nite:id="IB4010.C.asg.34936" participant="m4095">
      <nite:child href="IB4010.C.words.xml#id(IB4010.C.sil5270)..id(IB4010.C.sil5277)"/>
   </segment>
   <segment nite:id="IB4010.C.asg.34937" participant="m4095">
      <nite:child href="IB4010.C.words.xml#id(IB4010.C.sil5278)..id(IB4010.C.sil5288)"/>
   </segment>
   <segment nite:id="IB4010.C.asg.34938" participant="m4095">
      <nite:child href="IB4010.C.words.xml#id(IB4010.C.sil5289)..id(IB4010.C.sil5291)"/>
   </segment>
   <segment nite:id="IB4010.C.asg.34939" participant="m4095">
      <nite:child href="IB4010.C.words.xml#id(IB4010.C.sil5292)..id(IB4010.C.sil5309)"/>
   </segment>
   <segment nite:id="IB4010.C.asg.34940" participant="m4095">
      <nite:child href="IB4010.C.words.xml#id(IB4010.C.sil5310)..id(IB4010.C.sil5316)"/>
   </segment>
   <segment nite:id="IB4010.C.asg.34941" participant="m4095">
      <nite:child href="IB4010.C.words.xml#id(IB4010.C.sil5317)..id(IB4010.C.sil5320)"/>
   </segment>
   <segment nite:id="IB4010.C.asg.34942" participant="m4095">
      <nite:child href="IB4010.C.words.xml#id(IB4010.C.sil5321)..id(IB4010.C.sil5333)"/>
   </segment>
   <segment nite:id="IB4010.C.asg.34943" participant="m4095">
      <nite:child href="IB4010.C.words.xml#id(IB4010.C.sil5334)..id(IB4010.C.sil5360)"/>
   </segment>
   <segment nite:id="IB4010.C.asg.34944" participant="m4095">
      <nite:child href="IB4010.C.words.xml#id(IB4010.C.sil5361)..id(IB4010.C.sil5369)"/>
   </segment>
   <segment nite:id="IB4010.C.asg.34945" participant="m4095">
      <nite:child href="IB4010.C.words.xml#id(IB4010.C.sil5370)..id(IB4010.C.sil5373)"/>
   </segment>
   <segment nite:id="IB4010.C.asg.34946" participant="m4095">
      <nite:child href="IB4010.C.words.xml#id(IB4010.C.sil5374)..id(IB4010.C.sil5376)"/>
   </segment>
   <segment nite:id="IB4010.C.asg.34947" participant="m4095">
      <nite:child href="IB4010.C.words.xml#id(IB4010.C.sil5377)..id(IB4010.C.sil5386)"/>
   </segment>
   <segment nite:id="IB4010.C.asg.34948" participant="m4095">
      <nite:child href="IB4010.C.words.xml#id(IB4010.C.sil5387)..id(IB4010.C.sil5390)"/>
   </segment>
   <segment nite:id="IB4010.C.asg.34949" participant="m4095">
      <nite:child href="IB4010.C.words.xml#id(IB4010.C.sil5391)..id(IB4010.C.sil5401)"/>
   </segment>
   <segment nite:id="IB4010.C.asg.34950" participant="m4095">
      <nite:child href="IB4010.C.words.xml#id(IB4010.C.sil5402)..id(IB4010.C.sil5407)"/>
   </segment>
   <segment nite:id="IB4010.C.asg.34951" participant="m4095">
      <nite:child href="IB4010.C.words.xml#id(IB4010.C.sil5408)..id(IB4010.C.sil5411)"/>
   </segment>
   <segment nite:id="IB4010.C.asg.34952" participant="m4095">
      <nite:child href="IB4010.C.words.xml#id(IB4010.C.sil5412)..id(IB4010.C.sil5414)"/>
   </segment>
   <segment nite:id="IB4010.C.asg.34953" participant="m4095">
      <nite:child href="IB4010.C.words.xml#id(IB4010.C.sil5415)..id(IB4010.C.sil5425)"/>
   </segment>
   <segment nite:id="IB4010.C.asg.34954" participant="m4095">
      <nite:child href="IB4010.C.words.xml#id(IB4010.C.sil5426)..id(IB4010.C.sil5428)"/>
   </segment>
   <segment nite:id="IB4010.C.asg.34955" participant="m4095">
      <nite:child href="IB4010.C.words.xml#id(IB4010.C.sil5429)..id(IB4010.C.sil5440)"/>
   </segment>
   <segment nite:id="IB4010.C.asg.34956" participant="m4095">
      <nite:child href="IB4010.C.words.xml#id(IB4010.C.sil5441)..id(IB4010.C.sil5444)"/>
   </segment>
   <segment nite:id="IB4010.C.asg.34957" participant="m4095">
      <nite:child href="IB4010.C.words.xml#id(IB4010.C.sil5445)..id(IB4010.C.sil5455)"/>
   </segment>
   <segment nite:id="IB4010.C.asg.34958" participant="m4095">
      <nite:child href="IB4010.C.words.xml#id(IB4010.C.sil5456)..id(IB4010.C.sil5466)"/>
   </segment>
   <segment nite:id="IB4010.C.asg.34959" participant="m4095">
      <nite:child href="IB4010.C.words.xml#id(IB4010.C.sil5467)..id(IB4010.C.sil5473)"/>
   </segment>
   <segment nite:id="IB4010.C.asg.34960" participant="m4095">
      <nite:child href="IB4010.C.words.xml#id(IB4010.C.sil5474)..id(IB4010.C.sil5476)"/>
   </segment>
   <segment nite:id="IB4010.C.asg.34961" participant="m4095">
      <nite:child href="IB4010.C.words.xml#id(IB4010.C.sil5477)..id(IB4010.C.sil5482)"/>
   </segment>
   <segment nite:id="IB4010.C.asg.34962" participant="m4095">
      <nite:child href="IB4010.C.words.xml#id(IB4010.C.sil5483)..id(IB4010.C.sil5486)"/>
   </segment>
   <segment nite:id="IB4010.C.asg.34963" participant="m4095">
      <nite:child href="IB4010.C.words.xml#id(IB4010.C.sil5487)..id(IB4010.C.sil5510)"/>
   </segment>
   <segment nite:id="IB4010.C.asg.34964" participant="m4095">
      <nite:child href="IB4010.C.words.xml#id(IB4010.C.sil5511)..id(IB4010.C.sil5528)"/>
   </segment>
   <segment nite:id="IB4010.C.asg.34965" participant="m4095">
      <nite:child href="IB4010.C.words.xml#id(IB4010.C.sil5529)..id(IB4010.C.sil5535)"/>
   </segment>
   <segment nite:id="IB4010.C.asg.34966" participant="m4095">
      <nite:child href="IB4010.C.words.xml#id(IB4010.C.sil5536)..id(IB4010.C.sil5557)"/>
   </segment>
   <segment nite:id="IB4010.C.asg.34967" participant="m4095">
      <nite:child href="IB4010.C.words.xml#id(IB4010.C.sil5558)..id(IB4010.C.sil5573)"/>
   </segment>
   <segment nite:id="IB4010.C.asg.34968" participant="m4095">
      <nite:child href="IB4010.C.words.xml#id(IB4010.C.sil5574)..id(IB4010.C.sil5593)"/>
   </segment>
   <segment nite:id="IB4010.C.asg.34969" participant="m4095">
      <nite:child href="IB4010.C.words.xml#id(IB4010.C.sil5594)..id(IB4010.C.sil5598)"/>
   </segment>
   <segment nite:id="IB4010.C.asg.34970" participant="m4095">
      <nite:child href="IB4010.C.words.xml#id(IB4010.C.sil5599)..id(IB4010.C.sil5619)"/>
   </segment>
   <segment nite:id="IB4010.C.asg.34971" participant="m4095">
      <nite:child href="IB4010.C.words.xml#id(IB4010.C.sil5620)..id(IB4010.C.sil5627)"/>
   </segment>
   <segment nite:id="IB4010.C.asg.34972" participant="m4095">
      <nite:child href="IB4010.C.words.xml#id(IB4010.C.sil5628)..id(IB4010.C.sil5630)"/>
   </segment>
   <segment nite:id="IB4010.C.asg.34973" participant="m4095">
      <nite:child href="IB4010.C.words.xml#id(IB4010.C.sil5631)..id(IB4010.C.sil5643)"/>
   </segment>
   <segment nite:id="IB4010.C.asg.34974" participant="m4095">
      <nite:child href="IB4010.C.words.xml#id(IB4010.C.sil5644)..id(IB4010.C.sil5653)"/>
   </segment>
   <segment nite:id="IB4010.C.asg.34975" participant="m4095">
      <nite:child href="IB4010.C.words.xml#id(IB4010.C.sil5654)..id(IB4010.C.sil5656)"/>
   </segment>
   <segment nite:id="IB4010.C.asg.34976" participant="m4095">
      <nite:child href="IB4010.C.words.xml#id(IB4010.C.sil5657)..id(IB4010.C.sil5662)"/>
   </segment>
   <segment nite:id="IB4010.C.asg.34977" participant="m4095">
      <nite:child href="IB4010.C.words.xml#id(IB4010.C.sil5663)..id(IB4010.C.sil5667)"/>
   </segment>
   <segment nite:id="IB4010.C.asg.34978" participant="m4095">
      <nite:child href="IB4010.C.words.xml#id(IB4010.C.sil5668)..id(IB4010.C.sil5670)"/>
   </segment>
   <segment nite:id="IB4010.C.asg.34979" participant="m4095">
      <nite:child href="IB4010.C.words.xml#id(IB4010.C.sil5671)..id(IB4010.C.sil5681)"/>
   </segment>
   <segment nite:id="IB4010.C.asg.34980" participant="m4095">
      <nite:child href="IB4010.C.words.xml#id(IB4010.C.sil5682)..id(IB4010.C.sil5701)"/>
   </segment>
   <segment nite:id="IB4010.C.asg.34981" participant="m4095">
      <nite:child href="IB4010.C.words.xml#id(IB4010.C.sil5702)..id(IB4010.C.sil5709)"/>
   </segment>
   <segment nite:id="IB4010.C.asg.34982" participant="m4095">
      <nite:child href="IB4010.C.words.xml#id(IB4010.C.sil5710)..id(IB4010.C.sil5719)"/>
   </segment>
   <segment nite:id="IB4010.C.asg.34983" participant="m4095">
      <nite:child href="IB4010.C.words.xml#id(IB4010.C.sil5720)..id(IB4010.C.sil5741)"/>
   </segment>
   <segment nite:id="IB4010.C.asg.34984" participant="m4095">
      <nite:child href="IB4010.C.words.xml#id(IB4010.C.sil5742)..id(IB4010.C.sil5762)"/>
   </segment>
   <segment nite:id="IB4010.C.asg.34985" participant="m4095">
      <nite:child href="IB4010.C.words.xml#id(IB4010.C.sil5763)..id(IB4010.C.sil5772)"/>
   </segment>
   <segment nite:id="IB4010.C.asg.34986" participant="m4095">
      <nite:child href="IB4010.C.words.xml#id(IB4010.C.sil5773)..id(IB4010.C.sil5794)"/>
   </segment>
   <segment nite:id="IB4010.C.asg.34987" participant="m4095">
      <nite:child href="IB4010.C.words.xml#id(IB4010.C.sil5795)..id(IB4010.C.sil5811)"/>
   </segment>
   <segment nite:id="IB4010.C.asg.34988" participant="m4095">
      <nite:child href="IB4010.C.words.xml#id(IB4010.C.sil5812)..id(IB4010.C.sil5834)"/>
   </segment>
   <segment nite:id="IB4010.C.asg.34989" participant="m4095">
      <nite:child href="IB4010.C.words.xml#id(IB4010.C.sil5835)..id(IB4010.C.sil5839)"/>
   </segment>
   <segment nite:id="IB4010.C.asg.34990" participant="m4095">
      <nite:child href="IB4010.C.words.xml#id(IB4010.C.sil5840)..id(IB4010.C.sil5843)"/>
   </segment>
   <segment nite:id="IB4010.C.asg.34991" participant="m4095">
      <nite:child href="IB4010.C.words.xml#id(IB4010.C.sil5844)..id(IB4010.C.sil5848)"/>
   </segment>
   <segment nite:id="IB4010.C.asg.34992" participant="m4095">
      <nite:child href="IB4010.C.words.xml#id(IB4010.C.sil5849)..id(IB4010.C.sil5854)"/>
   </segment>
   <segment nite:id="IB4010.C.asg.34993" participant="m4095">
      <nite:child href="IB4010.C.words.xml#id(IB4010.C.sil5855)..id(IB4010.C.sil5858)"/>
   </segment>
   <segment nite:id="IB4010.C.asg.34994" participant="m4095">
      <nite:child href="IB4010.C.words.xml#id(IB4010.C.sil5859)..id(IB4010.C.sil5862)"/>
   </segment>
   <segment nite:id="IB4010.C.asg.34995" participant="m4095">
      <nite:child href="IB4010.C.words.xml#id(IB4010.C.sil5863)..id(IB4010.C.sil5866)"/>
   </segment>
   <segment nite:id="IB4010.C.asg.34996" participant="m4095">
      <nite:child href="IB4010.C.words.xml#id(IB4010.C.sil5867)..id(IB4010.C.sil5869)"/>
   </segment>
   <segment nite:id="IB4010.C.asg.34997" participant="m4095">
      <nite:child href="IB4010.C.words.xml#id(IB4010.C.sil5870)..id(IB4010.C.sil5876)"/>
   </segment>
   <segment nite:id="IB4010.C.asg.34998" participant="m4095">
      <nite:child href="IB4010.C.words.xml#id(IB4010.C.sil5877)..id(IB4010.C.sil5891)"/>
   </segment>
   <segment nite:id="IB4010.C.asg.34999" participant="m4095">
      <nite:child href="IB4010.C.words.xml#id(IB4010.C.sil5892)..id(IB4010.C.sil5895)"/>
   </segment>
   <segment nite:id="IB4010.C.asg.35000" participant="m4095">
      <nite:child href="IB4010.C.words.xml#id(IB4010.C.sil5896)..id(IB4010.C.sil5901)"/>
   </segment>
   <segment nite:id="IB4010.C.asg.35001" participant="m4095">
      <nite:child href="IB4010.C.words.xml#id(IB4010.C.sil5902)..id(IB4010.C.sil5909)"/>
   </segment>
   <segment nite:id="IB4010.C.asg.35002" participant="m4095">
      <nite:child href="IB4010.C.words.xml#id(IB4010.C.sil5910)..id(IB4010.C.sil5914)"/>
   </segment>
   <segment nite:id="IB4010.C.asg.35003" participant="m4095">
      <nite:child href="IB4010.C.words.xml#id(IB4010.C.sil5915)..id(IB4010.C.sil5921)"/>
   </segment>
   <segment nite:id="IB4010.C.asg.35004" participant="m4095">
      <nite:child href="IB4010.C.words.xml#id(IB4010.C.sil5922)..id(IB4010.C.sil5924)"/>
   </segment>
   <segment nite:id="IB4010.C.asg.35005" participant="m4095">
      <nite:child href="IB4010.C.words.xml#id(IB4010.C.sil5925)..id(IB4010.C.sil5934)"/>
   </segment>
   <segment nite:id="IB4010.C.asg.35006" participant="m4095">
      <nite:child href="IB4010.C.words.xml#id(IB4010.C.sil5935)..id(IB4010.C.sil5937)"/>
   </segment>
   <segment nite:id="IB4010.C.asg.35007" participant="m4095">
      <nite:child href="IB4010.C.words.xml#id(IB4010.C.sil5938)..id(IB4010.C.sil5946)"/>
   </segment>
   <segment nite:id="IB4010.C.asg.35008" participant="m4095">
      <nite:child href="IB4010.C.words.xml#id(IB4010.C.sil5947)..id(IB4010.C.sil5951)"/>
   </segment>
   <segment nite:id="IB4010.C.asg.35009" participant="m4095">
      <nite:child href="IB4010.C.words.xml#id(IB4010.C.sil5952)..id(IB4010.C.sil5971)"/>
   </segment>
   <segment nite:id="IB4010.C.asg.35010" participant="m4095">
      <nite:child href="IB4010.C.words.xml#id(IB4010.C.sil5972)..id(IB4010.C.sil5975)"/>
   </segment>
   <segment nite:id="IB4010.C.asg.35011" participant="m4095">
      <nite:child href="IB4010.C.words.xml#id(IB4010.C.sil5976)..id(IB4010.C.sil5981)"/>
   </segment>
   <segment nite:id="IB4010.C.asg.35012" participant="m4095">
      <nite:child href="IB4010.C.words.xml#id(IB4010.C.sil5982)..id(IB4010.C.sil5985)"/>
   </segment>
   <segment nite:id="IB4010.C.asg.35013" participant="m4095">
      <nite:child href="IB4010.C.words.xml#id(IB4010.C.sil5986)..id(IB4010.C.sil5990)"/>
   </segment>
   <segment nite:id="IB4010.C.asg.35014" participant="m4095">
      <nite:child href="IB4010.C.words.xml#id(IB4010.C.sil5991)..id(IB4010.C.sil5997)"/>
   </segment>
</nite:root>