<nite:root xmlns:nite="http://nite.sourceforge.net/" nite:id="IS1008c.A.asr">
<sil nite:id="IS1008c.A.sil0" starttime="26.56" endtime="26.58"/>
<w nite:id="IS1008c.A.aw1" starttime="26.58" endtime="26.63">I</w>
<w nite:id="IS1008c.A.aw2" starttime="26.63" endtime="27.16">haven't</w>
<w nite:id="IS1008c.A.aw3" starttime="27.16" endtime="27.3">come</w>
<w nite:id="IS1008c.A.aw4" starttime="27.3" endtime="27.5">back</w>
<w nite:id="IS1008c.A.aw5" starttime="27.5" endtime="27.99">of</w>
<w nite:id="IS1008c.A.aw6" starttime="27.99" endtime="28.11">the</w>
<w nite:id="IS1008c.A.aw7" starttime="28.11" endtime="28.54">lunch</w>
<sil nite:id="IS1008c.A.sil8" starttime="28.54" endtime="28.56"/>
<sil nite:id="IS1008c.A.sil9" starttime="28.83" endtime="28.92"/>
<w nite:id="IS1008c.A.aw10" starttime="28.92" endtime="29.04">I</w>
<w nite:id="IS1008c.A.aw11" starttime="29.04" endtime="29.38">hope</w>
<w nite:id="IS1008c.A.aw12" starttime="29.38" endtime="29.75">a</w>
<w nite:id="IS1008c.A.aw13" starttime="29.75" endtime="30.13">very</w>
<w nite:id="IS1008c.A.aw14" starttime="30.13" endtime="30.31">good</w>
<w nite:id="IS1008c.A.aw15" starttime="30.31" endtime="30.84">lunch</w>
<sil nite:id="IS1008c.A.sil16" starttime="30.84" endtime="30.93"/>
<sil nite:id="IS1008c.A.sil17" starttime="32.24" endtime="32.34"/>
<w nite:id="IS1008c.A.aw18" starttime="32.34" endtime="32.49">To</w>
<w nite:id="IS1008c.A.aw19" starttime="32.49" endtime="32.61">do</w>
<w nite:id="IS1008c.A.aw20" starttime="32.61" endtime="32.78">that</w>
<sil nite:id="IS1008c.A.sil21" starttime="32.78" endtime="33.02"/>
<sil nite:id="IS1008c.A.sil22" starttime="35.54" endtime="35.56"/>
<w nite:id="IS1008c.A.aw23" starttime="35.56" endtime="36.05">For</w>
<w nite:id="IS1008c.A.aw24" starttime="36.05" endtime="36.36">uh</w>
<w nite:id="IS1008c.A.aw25" starttime="36.36" endtime="36.61">this</w>
<w nite:id="IS1008c.A.aw26" starttime="36.61" endtime="36.96">meeting</w>
<w nite:id="IS1008c.A.aw27" starttime="36.96" endtime="37.41">domain</w>
<w nite:id="IS1008c.A.aw28" starttime="37.41" endtime="37.5">i</w>
<w nite:id="IS1008c.A.aw29" starttime="37.5" endtime="37.8">didn't</w>
<w nite:id="IS1008c.A.aw30" starttime="37.8" endtime="38.42">okay</w>
<w nite:id="IS1008c.A.aw31" starttime="38.42" endtime="38.88">uh</w>
<w nite:id="IS1008c.A.aw32" starttime="38.88" endtime="39.34">to</w>
<w nite:id="IS1008c.A.aw33" starttime="39.34" endtime="39.74">discuss</w>
<w nite:id="IS1008c.A.aw34" starttime="39.74" endtime="40.12">about</w>
<w nite:id="IS1008c.A.aw35" starttime="40.12" endtime="40.47">the</w>
<sil nite:id="IS1008c.A.sil36" starttime="40.47" endtime="40.61"/>
<sil nite:id="IS1008c.A.sil37" starttime="41.79" endtime="41.88"/>
<w nite:id="IS1008c.A.aw38" starttime="41.88" endtime="42.98">Conceptual</w>
<w nite:id="IS1008c.A.aw39" starttime="42.98" endtime="43.64">design</w>
<w nite:id="IS1008c.A.aw40" starttime="43.64" endtime="44.17">meeting</w>
<sil nite:id="IS1008c.A.sil41" starttime="44.17" endtime="44.19"/>
<sil nite:id="IS1008c.A.sil42" starttime="46.8" endtime="46.89"/>
<w nite:id="IS1008c.A.aw43" starttime="46.89" endtime="47.33">Okay</w>
<w nite:id="IS1008c.A.aw44" starttime="47.33" endtime="47.58">and</w>
<w nite:id="IS1008c.A.aw45" starttime="47.58" endtime="48.44">the</w>
<w nite:id="IS1008c.A.aw46" starttime="48.44" endtime="48.92">agenda</w>
<w nite:id="IS1008c.A.aw47" starttime="48.92" endtime="49.13">will</w>
<w nite:id="IS1008c.A.aw48" starttime="49.13" endtime="49.51">be</w>
<sil nite:id="IS1008c.A.sil49" starttime="49.51" endtime="49.62"/>
<sil nite:id="IS1008c.A.sil50" starttime="52.51" endtime="52.67"/>
<w nite:id="IS1008c.A.aw51" starttime="52.67" endtime="52.92">Double</w>
<w nite:id="IS1008c.A.aw52" starttime="52.92" endtime="53.54">opening</w>
<w nite:id="IS1008c.A.aw53" starttime="53.54" endtime="53.98">and</w>
<w nite:id="IS1008c.A.aw54" starttime="53.98" endtime="54.55">uh</w>
<w nite:id="IS1008c.A.aw55" starttime="54.55" endtime="54.92">that's</w>
<w nite:id="IS1008c.A.aw56" starttime="54.92" endtime="55.68">uh</w>
<w nite:id="IS1008c.A.aw57" starttime="55.68" endtime="55.78">the</w>
<w nite:id="IS1008c.A.aw58" starttime="55.78" endtime="56.12">project</w>
<w nite:id="IS1008c.A.aw59" starttime="56.12" endtime="56.63">manager</w>
<w nite:id="IS1008c.A.aw60" starttime="56.63" endtime="56.75">or</w>
<w nite:id="IS1008c.A.aw61" starttime="56.75" endtime="57.32">secretary</w>
<w nite:id="IS1008c.A.aw62" starttime="57.32" endtime="57.54">that's</w>
<w nite:id="IS1008c.A.aw63" starttime="57.54" endtime="57.92">me</w>
<w nite:id="IS1008c.A.aw64" starttime="57.92" endtime="58.2">and</w>
<w nite:id="IS1008c.A.aw65" starttime="58.2" endtime="58.35">the</w>
<w nite:id="IS1008c.A.aw66" starttime="58.35" endtime="58.55">the</w>
<w nite:id="IS1008c.A.aw67" starttime="58.55" endtime="58.63">the</w>
<w nite:id="IS1008c.A.aw68" starttime="58.63" endtime="59.55">presentations</w>
<w nite:id="IS1008c.A.aw69" starttime="59.55" endtime="59.75">from</w>
<w nite:id="IS1008c.A.aw70" starttime="59.75" endtime="59.86">the</w>
<w nite:id="IS1008c.A.aw71" starttime="59.86" endtime="60.55">christian</w>
<sil nite:id="IS1008c.A.sil72" starttime="60.55" endtime="60.67"/>
<sil nite:id="IS1008c.A.sil73" starttime="61.14" endtime="61.25"/>
<w nite:id="IS1008c.A.aw74" starttime="61.25" endtime="61.54">And</w>
<w nite:id="IS1008c.A.aw75" starttime="61.54" endtime="62.01">the</w>
<sil nite:id="IS1008c.A.sil76" starttime="62.01" endtime="62.14"/>
<sil nite:id="IS1008c.A.sil77" starttime="64.09" endtime="64.18"/>
<w nite:id="IS1008c.A.aw78" starttime="64.18" endtime="64.93">Agnes</w>
<sil nite:id="IS1008c.A.sil79" starttime="64.93" endtime="65"/>
<sil nite:id="IS1008c.A.sil80" starttime="65.75" endtime="65.83"/>
<w nite:id="IS1008c.A.aw81" starttime="65.83" endtime="66.07">And</w>
<w nite:id="IS1008c.A.aw82" starttime="66.07" endtime="66.26">then</w>
<w nite:id="IS1008c.A.aw83" starttime="66.26" endtime="66.34">you</w>
<w nite:id="IS1008c.A.aw84" starttime="66.34" endtime="66.55">see</w>
<w nite:id="IS1008c.A.aw85" starttime="66.55" endtime="66.87">it</w>
<sil nite:id="IS1008c.A.sil86" starttime="66.87" endtime="67.03"/>
<sil nite:id="IS1008c.A.sil87" starttime="68.79" endtime="68.89"/>
<w nite:id="IS1008c.A.aw88" starttime="68.89" endtime="69.07">And</w>
<w nite:id="IS1008c.A.aw89" starttime="69.07" endtime="69.73">finally</w>
<w nite:id="IS1008c.A.aw90" starttime="69.73" endtime="69.84">in</w>
<w nite:id="IS1008c.A.aw91" starttime="69.84" endtime="70.06">this</w>
<w nite:id="IS1008c.A.aw92" starttime="70.06" endtime="70.4">meeting</w>
<w nite:id="IS1008c.A.aw93" starttime="70.4" endtime="70.67">we</w>
<w nite:id="IS1008c.A.aw94" starttime="70.67" endtime="71">have</w>
<w nite:id="IS1008c.A.aw95" starttime="71" endtime="71.19">to</w>
<w nite:id="IS1008c.A.aw96" starttime="71.19" endtime="72.05">decide</w>
<sil nite:id="IS1008c.A.sil97" starttime="72.05" endtime="72.14"/>
<sil nite:id="IS1008c.A.sil98" starttime="73.47" endtime="73.55"/>
<w nite:id="IS1008c.A.aw99" starttime="73.55" endtime="73.88">And</w>
<w nite:id="IS1008c.A.aw100" starttime="73.88" endtime="73.97">we</w>
<w nite:id="IS1008c.A.aw101" starttime="73.97" endtime="74.14">have</w>
<w nite:id="IS1008c.A.aw102" starttime="74.14" endtime="74.39">to</w>
<w nite:id="IS1008c.A.aw103" starttime="74.39" endtime="74.61">take</w>
<w nite:id="IS1008c.A.aw104" starttime="74.61" endtime="74.7">a</w>
<w nite:id="IS1008c.A.aw105" starttime="74.7" endtime="75.54">decision</w>
<w nite:id="IS1008c.A.aw106" starttime="75.54" endtime="75.84">on</w>
<w nite:id="IS1008c.A.aw107" starttime="75.84" endtime="76.06">the</w>
<w nite:id="IS1008c.A.aw108" starttime="76.06" endtime="76.43">remote</w>
<w nite:id="IS1008c.A.aw109" starttime="76.43" endtime="77.16">control</w>
<sil nite:id="IS1008c.A.sil110" starttime="77.16" endtime="77.33"/>
<sil nite:id="IS1008c.A.sil111" starttime="78.75" endtime="78.81"/>
<w nite:id="IS1008c.A.aw112" starttime="78.81" endtime="79.6">Concepts</w>
<sil nite:id="IS1008c.A.sil113" starttime="79.6" endtime="79.72"/>
<sil nite:id="IS1008c.A.sil114" starttime="80.33" endtime="80.42"/>
<w nite:id="IS1008c.A.aw115" starttime="80.42" endtime="80.76">And</w>
<w nite:id="IS1008c.A.aw116" starttime="80.76" endtime="81.01">uh</w>
<w nite:id="IS1008c.A.aw117" starttime="81.01" endtime="81.59">oh</w>
<w nite:id="IS1008c.A.aw118" starttime="81.59" endtime="81.69">the</w>
<w nite:id="IS1008c.A.aw119" starttime="81.69" endtime="82.23">functional</w>
<w nite:id="IS1008c.A.aw120" starttime="82.23" endtime="82.76">design</w>
<sil nite:id="IS1008c.A.sil121" starttime="82.76" endtime="82.89"/>
<sil nite:id="IS1008c.A.sil122" starttime="83.58" endtime="83.66"/>
<w nite:id="IS1008c.A.aw123" starttime="83.66" endtime="83.83">So</w>
<w nite:id="IS1008c.A.aw124" starttime="83.83" endtime="83.97">we</w>
<w nite:id="IS1008c.A.aw125" starttime="83.97" endtime="84.14">all</w>
<w nite:id="IS1008c.A.aw126" starttime="84.14" endtime="84.54">forty</w>
<w nite:id="IS1008c.A.aw127" starttime="84.54" endtime="85.15">minutes</w>
<sil nite:id="IS1008c.A.sil128" starttime="85.15" endtime="85.23"/>
<sil nite:id="IS1008c.A.sil129" starttime="85.86" endtime="85.93"/>
<w nite:id="IS1008c.A.aw130" starttime="85.93" endtime="86.02">I</w>
<w nite:id="IS1008c.A.aw131" starttime="86.02" endtime="86.26">think</w>
<w nite:id="IS1008c.A.aw132" starttime="86.26" endtime="86.56">it's</w>
<w nite:id="IS1008c.A.aw133" starttime="86.56" endtime="87.23">uh</w>
<sil nite:id="IS1008c.A.sil134" starttime="87.23" endtime="87.39"/>
<sil nite:id="IS1008c.A.sil135" starttime="89.16" endtime="89.26"/>
<w nite:id="IS1008c.A.aw136" starttime="89.26" endtime="89.47">It</w>
<w nite:id="IS1008c.A.aw137" starttime="89.47" endtime="89.53">a</w>
<w nite:id="IS1008c.A.aw138" starttime="89.53" endtime="89.84">bit</w>
<w nite:id="IS1008c.A.aw139" starttime="89.84" endtime="90.36">uh</w>
<w nite:id="IS1008c.A.aw140" starttime="90.36" endtime="90.83">no</w>
<w nite:id="IS1008c.A.aw141" starttime="90.83" endtime="91.1">but</w>
<w nite:id="IS1008c.A.aw142" starttime="91.1" endtime="91.29">i</w>
<w nite:id="IS1008c.A.aw143" starttime="91.29" endtime="91.45">i</w>
<w nite:id="IS1008c.A.aw144" starttime="91.45" endtime="91.65">hope</w>
<w nite:id="IS1008c.A.aw145" starttime="91.65" endtime="91.9">we</w>
<w nite:id="IS1008c.A.aw146" starttime="91.9" endtime="92.1">can</w>
<w nite:id="IS1008c.A.aw147" starttime="92.1" endtime="92.39">finish</w>
<w nite:id="IS1008c.A.aw148" starttime="92.39" endtime="92.55">it</w>
<w nite:id="IS1008c.A.aw149" starttime="92.55" endtime="92.73">up</w>
<sil nite:id="IS1008c.A.sil150" starttime="92.73" endtime="92.86"/>
<sil nite:id="IS1008c.A.sil151" starttime="93.39" endtime="93.48"/>
<w nite:id="IS1008c.A.aw152" starttime="93.48" endtime="93.82">So</w>
<w nite:id="IS1008c.A.aw153" starttime="93.82" endtime="94.22">i'll</w>
<w nite:id="IS1008c.A.aw154" starttime="94.22" endtime="94.47">hand</w>
<w nite:id="IS1008c.A.aw155" starttime="94.47" endtime="94.65">go</w>
<w nite:id="IS1008c.A.aw156" starttime="94.65" endtime="94.84">to</w>
<w nite:id="IS1008c.A.aw157" starttime="94.84" endtime="95.36">the</w>
<sil nite:id="IS1008c.A.sil158" starttime="95.36" endtime="95.5"/>
<sil nite:id="IS1008c.A.sil159" starttime="97.08" endtime="97.17"/>
<w nite:id="IS1008c.A.aw160" starttime="97.17" endtime="97.37">The</w>
<w nite:id="IS1008c.A.aw161" starttime="97.37" endtime="98.03">functionality</w>
<w nite:id="IS1008c.A.aw162" starttime="98.03" endtime="98.27">into</w>
<w nite:id="IS1008c.A.aw163" starttime="98.27" endtime="98.35">the</w>
<w nite:id="IS1008c.A.aw164" starttime="98.35" endtime="99.19">christian</w>
<w nite:id="IS1008c.A.aw165" starttime="99.19" endtime="99.65">okay</w>
<w nite:id="IS1008c.A.aw166" starttime="99.65" endtime="100.11">to</w>
<w nite:id="IS1008c.A.aw167" starttime="100.11" endtime="100.47">discuss</w>
<w nite:id="IS1008c.A.aw168" starttime="100.47" endtime="100.87">about</w>
<w nite:id="IS1008c.A.aw169" starttime="100.87" endtime="101.21">the</w>
<w nite:id="IS1008c.A.aw170" starttime="101.21" endtime="101.34">the</w>
<w nite:id="IS1008c.A.aw171" starttime="101.34" endtime="102.17">components</w>
<sil nite:id="IS1008c.A.sil172" starttime="102.17" endtime="102.19"/>
<sil nite:id="IS1008c.A.sil173" starttime="102.46" endtime="102.52"/>
<w nite:id="IS1008c.A.aw174" starttime="102.52" endtime="103.13">Concept</w>
<sil nite:id="IS1008c.A.sil175" starttime="103.13" endtime="103.15"/>
<sil nite:id="IS1008c.A.sil176" starttime="111.58" endtime="111.67"/>
<w nite:id="IS1008c.A.aw177" starttime="111.67" endtime="112.24">Mm</w>
<w nite:id="IS1008c.A.aw178" starttime="112.24" endtime="112.47">but</w>
<w nite:id="IS1008c.A.aw179" starttime="112.47" endtime="112.95">to</w>
<sil nite:id="IS1008c.A.sil180" starttime="112.95" endtime="113.11"/>
<sil nite:id="IS1008c.A.sil181" starttime="117.29" endtime="117.43"/>
<w nite:id="IS1008c.A.aw182" starttime="117.43" endtime="117.73">"'kay"</w>
<sil nite:id="IS1008c.A.sil183" starttime="117.73" endtime="117.98"/>
<sil nite:id="IS1008c.A.sil184" starttime="130.91" endtime="131.01"/>
<w nite:id="IS1008c.A.aw185" starttime="131.01" endtime="131.19">The</w>
<w nite:id="IS1008c.A.aw186" starttime="131.19" endtime="131.5">next</w>
<w nite:id="IS1008c.A.aw187" starttime="131.5" endtime="131.83">alright</w>
<sil nite:id="IS1008c.A.sil188" starttime="131.83" endtime="131.96"/>
<sil nite:id="IS1008c.A.sil189" starttime="416.23" endtime="416.33"/>
<w nite:id="IS1008c.A.aw190" starttime="416.33" endtime="416.53">Can</w>
<w nite:id="IS1008c.A.aw191" starttime="416.53" endtime="416.66">you</w>
<w nite:id="IS1008c.A.aw192" starttime="416.66" endtime="416.79">go</w>
<w nite:id="IS1008c.A.aw193" starttime="416.79" endtime="417.19">back</w>
<w nite:id="IS1008c.A.aw194" starttime="417.19" endtime="417.5">uh</w>
<w nite:id="IS1008c.A.aw195" starttime="417.5" endtime="417.78">one</w>
<w nite:id="IS1008c.A.aw196" starttime="417.78" endtime="418.29">slide</w>
<sil nite:id="IS1008c.A.sil197" starttime="418.29" endtime="418.41"/>
<sil nite:id="IS1008c.A.sil198" starttime="422.72" endtime="422.82"/>
<w nite:id="IS1008c.A.aw199" starttime="422.82" endtime="422.97">Yeah</w>
<w nite:id="IS1008c.A.aw200" starttime="422.97" endtime="423.22">it's</w>
<w nite:id="IS1008c.A.aw201" starttime="423.22" endtime="423.83">uh</w>
<w nite:id="IS1008c.A.aw202" starttime="423.83" endtime="423.97">our</w>
<w nite:id="IS1008c.A.aw203" starttime="423.97" endtime="424.32">costs</w>
<w nite:id="IS1008c.A.aw204" starttime="424.32" endtime="424.56">and</w>
<w nite:id="IS1008c.A.aw205" starttime="424.56" endtime="425.08">uh</w>
<w nite:id="IS1008c.A.aw206" starttime="425.08" endtime="425.25">uh</w>
<sil nite:id="IS1008c.A.sil207" starttime="425.25" endtime="425.36"/>
<sil nite:id="IS1008c.A.sil208" starttime="426.13" endtime="426.22"/>
<w nite:id="IS1008c.A.aw209" starttime="426.22" endtime="426.46">What's</w>
<w nite:id="IS1008c.A.aw210" starttime="426.46" endtime="426.73">mean</w>
<w nite:id="IS1008c.A.aw211" starttime="426.73" endtime="427.45">exactly</w>
<w nite:id="IS1008c.A.aw212" starttime="427.45" endtime="427.73">a</w>
<w nite:id="IS1008c.A.aw213" starttime="427.73" endtime="427.94">a</w>
<w nite:id="IS1008c.A.aw214" starttime="427.94" endtime="428.33">once</w>
<w nite:id="IS1008c.A.aw215" starttime="428.33" endtime="428.43">a</w>
<w nite:id="IS1008c.A.aw216" starttime="428.43" endtime="428.84">chip</w>
<w nite:id="IS1008c.A.aw217" starttime="428.84" endtime="429.24">on</w>
<w nite:id="IS1008c.A.aw218" starttime="429.24" endtime="429.71">print</w>
<w nite:id="IS1008c.A.aw219" starttime="429.71" endtime="429.92">what's</w>
<w nite:id="IS1008c.A.aw220" starttime="429.92" endtime="430.16">meaning</w>
<w nite:id="IS1008c.A.aw221" starttime="430.16" endtime="430.4">of</w>
<w nite:id="IS1008c.A.aw222" starttime="430.4" endtime="430.64">that</w>
<sil nite:id="IS1008c.A.sil223" starttime="430.64" endtime="430.78"/>
<sil nite:id="IS1008c.A.sil224" starttime="444.39" endtime="444.47"/>
<w nite:id="IS1008c.A.aw225" starttime="444.47" endtime="444.77">Is</w>
<w nite:id="IS1008c.A.aw226" starttime="444.77" endtime="444.94">it</w>
<w nite:id="IS1008c.A.aw227" starttime="444.94" endtime="445.23">means</w>
<w nite:id="IS1008c.A.aw228" starttime="445.23" endtime="445.45">it's</w>
<w nite:id="IS1008c.A.aw229" starttime="445.45" endtime="445.65">on</w>
<w nite:id="IS1008c.A.aw230" starttime="445.65" endtime="445.9">this</w>
<sil nite:id="IS1008c.A.sil231" starttime="445.9" endtime="446.01"/>
<sil nite:id="IS1008c.A.sil232" starttime="446.76" endtime="446.85"/>
<w nite:id="IS1008c.A.aw233" starttime="446.85" endtime="447.02">Yeah</w>
<w nite:id="IS1008c.A.aw234" starttime="447.02" endtime="447.21">is</w>
<w nite:id="IS1008c.A.aw235" starttime="447.21" endtime="447.36">it</w>
<w nite:id="IS1008c.A.aw236" starttime="447.36" endtime="447.6">on</w>
<w nite:id="IS1008c.A.aw237" starttime="447.6" endtime="447.67">uh</w>
<w nite:id="IS1008c.A.aw238" starttime="447.67" endtime="447.98">michael</w>
<w nite:id="IS1008c.A.aw239" starttime="447.98" endtime="448.36">was</w>
<w nite:id="IS1008c.A.aw240" starttime="448.36" endtime="448.49">my</w>
<w nite:id="IS1008c.A.aw241" starttime="448.49" endtime="448.9">control</w>
<w nite:id="IS1008c.A.aw242" starttime="448.9" endtime="449.15">set</w>
<w nite:id="IS1008c.A.aw243" starttime="449.15" endtime="449.49">based</w>
<w nite:id="IS1008c.A.aw244" starttime="449.49" endtime="449.77">or</w>
<w nite:id="IS1008c.A.aw245" starttime="449.77" endtime="449.99">or</w>
<w nite:id="IS1008c.A.aw246" starttime="449.99" endtime="450.44">uh</w>
<sil nite:id="IS1008c.A.sil247" starttime="450.44" endtime="450.55"/>
<sil nite:id="IS1008c.A.sil248" starttime="454.71" endtime="454.86"/>
<w nite:id="IS1008c.A.aw249" starttime="454.86" endtime="455.2">Okay</w>
<w nite:id="IS1008c.A.aw250" starttime="455.2" endtime="455.41">that</w>
<w nite:id="IS1008c.A.aw251" starttime="455.41" endtime="455.56">that</w>
<w nite:id="IS1008c.A.aw252" starttime="455.56" endtime="455.67">would</w>
<w nite:id="IS1008c.A.aw253" starttime="455.67" endtime="455.75">be</w>
<w nite:id="IS1008c.A.aw254" starttime="455.75" endtime="456.13">great</w>
<w nite:id="IS1008c.A.aw255" starttime="456.13" endtime="456.38">so</w>
<w nite:id="IS1008c.A.aw256" starttime="456.38" endtime="456.48">if</w>
<w nite:id="IS1008c.A.aw257" starttime="456.48" endtime="456.57">you</w>
<w nite:id="IS1008c.A.aw258" starttime="456.57" endtime="456.85">find</w>
<w nite:id="IS1008c.A.aw259" starttime="456.85" endtime="457.06">out</w>
<w nite:id="IS1008c.A.aw260" starttime="457.06" endtime="457.4">know</w>
<w nite:id="IS1008c.A.aw261" starttime="457.4" endtime="457.94">technology</w>
<w nite:id="IS1008c.A.aw262" starttime="457.94" endtime="458.45">background</w>
<w nite:id="IS1008c.A.aw263" starttime="458.45" endtime="458.73">okay</w>
<w nite:id="IS1008c.A.aw264" starttime="458.73" endtime="458.88">so</w>
<w nite:id="IS1008c.A.aw265" starttime="458.88" endtime="459.08">that</w>
<w nite:id="IS1008c.A.aw266" starttime="459.08" endtime="459.21">would</w>
<w nite:id="IS1008c.A.aw267" starttime="459.21" endtime="459.32">be</w>
<w nite:id="IS1008c.A.aw268" starttime="459.32" endtime="459.77">cord</w>
<sil nite:id="IS1008c.A.sil269" starttime="459.77" endtime="459.8"/>
<sil nite:id="IS1008c.A.sil270" starttime="507.02" endtime="507.1"/>
<w nite:id="IS1008c.A.aw271" starttime="507.1" endtime="507.37">See</w>
<w nite:id="IS1008c.A.aw272" starttime="507.37" endtime="507.53">on</w>
<w nite:id="IS1008c.A.aw273" starttime="507.53" endtime="507.59">a</w>
<w nite:id="IS1008c.A.aw274" starttime="507.59" endtime="508.14">comment</w>
<w nite:id="IS1008c.A.aw275" starttime="508.14" endtime="508.52">about</w>
<w nite:id="IS1008c.A.aw276" starttime="508.52" endtime="508.7">the</w>
<sil nite:id="IS1008c.A.sil277" starttime="508.7" endtime="508.72"/>
<sil nite:id="IS1008c.A.sil278" starttime="552.32" endtime="552.41"/>
<w nite:id="IS1008c.A.aw279" starttime="552.41" endtime="552.75">Yeah</w>
<w nite:id="IS1008c.A.aw280" starttime="552.75" endtime="552.99">so</w>
<w nite:id="IS1008c.A.aw281" starttime="552.99" endtime="553.33">it's</w>
<w nite:id="IS1008c.A.aw282" starttime="553.33" endtime="553.54">it's</w>
<w nite:id="IS1008c.A.aw283" starttime="553.54" endtime="553.87">looks</w>
<w nite:id="IS1008c.A.aw284" starttime="553.87" endtime="554.15">got</w>
<w nite:id="IS1008c.A.aw285" starttime="554.15" endtime="554.52">the</w>
<w nite:id="IS1008c.A.aw286" starttime="554.52" endtime="554.63">the</w>
<w nite:id="IS1008c.A.aw287" starttime="554.63" endtime="555.13">design</w>
<w nite:id="IS1008c.A.aw288" starttime="555.13" endtime="555.26">the</w>
<w nite:id="IS1008c.A.aw289" starttime="555.26" endtime="555.6">function</w>
<w nite:id="IS1008c.A.aw290" starttime="555.6" endtime="556.24">design</w>
<w nite:id="IS1008c.A.aw291" starttime="556.24" endtime="556.57">uh</w>
<w nite:id="IS1008c.A.aw292" starttime="556.57" endtime="556.8">what</w>
<w nite:id="IS1008c.A.aw293" starttime="556.8" endtime="557.13">about</w>
<w nite:id="IS1008c.A.aw294" starttime="557.13" endtime="557.2">a</w>
<w nite:id="IS1008c.A.aw295" starttime="557.2" endtime="557.62">year</w>
<w nite:id="IS1008c.A.aw296" starttime="557.62" endtime="557.72">you</w>
<w nite:id="IS1008c.A.aw297" starttime="557.72" endtime="557.87">know</w>
<sil nite:id="IS1008c.A.sil298" starttime="557.87" endtime="558.07"/>
<sil nite:id="IS1008c.A.sil299" starttime="562.16" endtime="562.28"/>
<w nite:id="IS1008c.A.aw300" starttime="562.28" endtime="562.91">Yes</w>
<w nite:id="IS1008c.A.aw301" starttime="562.91" endtime="563.42">yes</w>
<w nite:id="IS1008c.A.aw302" starttime="563.42" endtime="563.93">yes</w>
<sil nite:id="IS1008c.A.sil303" starttime="563.93" endtime="563.95"/>
<sil nite:id="IS1008c.A.sil304" starttime="564.99" endtime="565.01"/>
<w nite:id="IS1008c.A.aw305" starttime="565.01" endtime="565.11">In</w>
<w nite:id="IS1008c.A.aw306" starttime="565.11" endtime="565.37">terms</w>
<w nite:id="IS1008c.A.aw307" starttime="565.37" endtime="565.51">of</w>
<w nite:id="IS1008c.A.aw308" starttime="565.51" endtime="566.06">comments</w>
<w nite:id="IS1008c.A.aw309" starttime="566.06" endtime="566.58">cost</w>
<sil nite:id="IS1008c.A.sil310" starttime="566.58" endtime="566.6"/>
<sil nite:id="IS1008c.A.sil311" starttime="616.74" endtime="616.83"/>
<w nite:id="IS1008c.A.aw312" starttime="616.83" endtime="617.14">Okay</w>
<w nite:id="IS1008c.A.aw313" starttime="617.14" endtime="617.43">then</w>
<w nite:id="IS1008c.A.aw314" starttime="617.43" endtime="617.66">uh</w>
<w nite:id="IS1008c.A.aw315" starttime="617.66" endtime="617.95">let's</w>
<w nite:id="IS1008c.A.aw316" starttime="617.95" endtime="618.13">more</w>
<w nite:id="IS1008c.A.aw317" starttime="618.13" endtime="618.39">to</w>
<w nite:id="IS1008c.A.aw318" starttime="618.39" endtime="618.84">uh</w>
<w nite:id="IS1008c.A.aw319" starttime="618.84" endtime="619.28">acne</w>
<sil nite:id="IS1008c.A.sil320" starttime="619.28" endtime="619.39"/>
<sil nite:id="IS1008c.A.sil321" starttime="630.02" endtime="630.05"/>
<w nite:id="IS1008c.A.aw322" starttime="630.05" endtime="630.56">So</w>
<w nite:id="IS1008c.A.aw323" starttime="630.56" endtime="631.25">mm</w>
<sil nite:id="IS1008c.A.sil324" starttime="631.25" endtime="631.4"/>
<sil nite:id="IS1008c.A.sil325" starttime="638.78" endtime="638.87"/>
<w nite:id="IS1008c.A.aw326" starttime="638.87" endtime="638.97">You</w>
<w nite:id="IS1008c.A.aw327" starttime="638.97" endtime="639.11">know</w>
<w nite:id="IS1008c.A.aw328" starttime="639.11" endtime="639.29">in</w>
<w nite:id="IS1008c.A.aw329" starttime="639.29" endtime="639.59">parts</w>
<w nite:id="IS1008c.A.aw330" starttime="639.59" endtime="639.81">bin</w>
<w nite:id="IS1008c.A.aw331" starttime="639.81" endtime="639.98">to</w>
<w nite:id="IS1008c.A.aw332" starttime="639.98" endtime="640.17">it</w>
<sil nite:id="IS1008c.A.sil333" starttime="640.17" endtime="640.24"/>
<sil nite:id="IS1008c.A.sil334" starttime="643.44" endtime="643.58"/>
<w nite:id="IS1008c.A.aw335" starttime="643.58" endtime="643.86">So</w>
<sil nite:id="IS1008c.A.sil336" starttime="643.86" endtime="644.13"/>
<sil nite:id="IS1008c.A.sil337" starttime="904.51" endtime="904.59"/>
<w nite:id="IS1008c.A.aw338" starttime="904.59" endtime="904.82">So</w>
<w nite:id="IS1008c.A.aw339" starttime="904.82" endtime="905.06">what's</w>
<w nite:id="IS1008c.A.aw340" starttime="905.06" endtime="905.35">your</w>
<w nite:id="IS1008c.A.aw341" starttime="905.35" endtime="905.8">yeah</w>
<sil nite:id="IS1008c.A.sil342" starttime="905.8" endtime="905.88"/>
<sil nite:id="IS1008c.A.sil343" starttime="906.69" endtime="906.83"/>
<w nite:id="IS1008c.A.aw344" starttime="906.83" endtime="906.97">The</w>
<w nite:id="IS1008c.A.aw345" starttime="906.97" endtime="907.46">comments</w>
<w nite:id="IS1008c.A.aw346" starttime="907.46" endtime="907.82">or</w>
<w nite:id="IS1008c.A.aw347" starttime="907.82" endtime="908.26">uh</w>
<sil nite:id="IS1008c.A.sil348" starttime="908.26" endtime="908.36"/>
<sil nite:id="IS1008c.A.sil349" starttime="913.07" endtime="913.25"/>
<w nite:id="IS1008c.A.aw350" starttime="913.25" endtime="913.59">Okay</w>
<sil nite:id="IS1008c.A.sil351" starttime="913.59" endtime="913.76"/>
<sil nite:id="IS1008c.A.sil352" starttime="928.71" endtime="928.81"/>
<w nite:id="IS1008c.A.aw353" starttime="928.81" endtime="928.94">Yeah</w>
<sil nite:id="IS1008c.A.sil354" starttime="928.94" endtime="929.4"/>
<sil nite:id="IS1008c.A.sil355" starttime="1150.47" endtime="1150.6"/>
<w nite:id="IS1008c.A.aw356" starttime="1150.6" endtime="1150.68">I</w>
<w nite:id="IS1008c.A.aw357" starttime="1150.68" endtime="1150.87">hope</w>
<w nite:id="IS1008c.A.aw358" starttime="1150.87" endtime="1151.04">so</w>
<sil nite:id="IS1008c.A.sil359" starttime="1151.04" endtime="1151.19"/>
<sil nite:id="IS1008c.A.sil360" starttime="1223.34" endtime="1223.43"/>
<w nite:id="IS1008c.A.aw361" starttime="1223.43" endtime="1223.57">Yeah</w>
<w nite:id="IS1008c.A.aw362" starttime="1223.57" endtime="1223.75">but</w>
<w nite:id="IS1008c.A.aw363" starttime="1223.75" endtime="1223.88">we</w>
<w nite:id="IS1008c.A.aw364" starttime="1223.88" endtime="1224.06">can</w>
<w nite:id="IS1008c.A.aw365" starttime="1224.06" endtime="1224.19">get</w>
<w nite:id="IS1008c.A.aw366" starttime="1224.19" endtime="1224.28">the</w>
<w nite:id="IS1008c.A.aw367" starttime="1224.28" endtime="1224.76">production</w>
<w nite:id="IS1008c.A.aw368" starttime="1224.76" endtime="1225.13">and</w>
<w nite:id="IS1008c.A.aw369" starttime="1225.13" endtime="1226.04">uh</w>
<sil nite:id="IS1008c.A.sil370" starttime="1226.04" endtime="1226.18"/>
<sil nite:id="IS1008c.A.sil371" starttime="1226.65" endtime="1226.82"/>
<w nite:id="IS1008c.A.aw372" starttime="1226.82" endtime="1227.36">Confuse</w>
<w nite:id="IS1008c.A.aw373" starttime="1227.36" endtime="1227.71">like</w>
<w nite:id="IS1008c.A.aw374" starttime="1227.71" endtime="1228.21">uh</w>
<w nite:id="IS1008c.A.aw375" starttime="1228.21" endtime="1228.47">in</w>
<w nite:id="IS1008c.A.aw376" starttime="1228.47" endtime="1228.67">the</w>
<w nite:id="IS1008c.A.aw377" starttime="1228.67" endtime="1228.73">uh</w>
<w nite:id="IS1008c.A.aw378" starttime="1228.73" endtime="1229.25">yes</w>
<w nite:id="IS1008c.A.aw379" starttime="1229.25" endtime="1229.82">yes</w>
<w nite:id="IS1008c.A.aw380" starttime="1229.82" endtime="1229.97">and</w>
<w nite:id="IS1008c.A.aw381" starttime="1229.97" endtime="1230.47">disliking</w>
<w nite:id="IS1008c.A.aw382" starttime="1230.47" endtime="1230.67">d.</w>
<w nite:id="IS1008c.A.aw383" starttime="1230.67" endtime="1231.01">or</w>
<w nite:id="IS1008c.A.aw384" starttime="1231.01" endtime="1231.09">a</w>
<w nite:id="IS1008c.A.aw385" starttime="1231.09" endtime="1231.4">chain</w>
<w nite:id="IS1008c.A.aw386" starttime="1231.4" endtime="1231.86">or</w>
<w nite:id="IS1008c.A.aw387" starttime="1231.86" endtime="1231.92">a</w>
<w nite:id="IS1008c.A.aw388" starttime="1231.92" endtime="1232.12">mono</w>
<w nite:id="IS1008c.A.aw389" starttime="1232.12" endtime="1232.5">ratio</w>
<w nite:id="IS1008c.A.aw390" starttime="1232.5" endtime="1232.84">so</w>
<sil nite:id="IS1008c.A.sil391" starttime="1232.84" endtime="1233"/>
<sil nite:id="IS1008c.A.sil392" starttime="1233.49" endtime="1233.56"/>
<w nite:id="IS1008c.A.aw393" starttime="1233.56" endtime="1233.7">You</w>
<w nite:id="IS1008c.A.aw394" starttime="1233.7" endtime="1233.84">can</w>
<w nite:id="IS1008c.A.aw395" starttime="1233.84" endtime="1234.03">go</w>
<w nite:id="IS1008c.A.aw396" starttime="1234.03" endtime="1234.13">a</w>
<w nite:id="IS1008c.A.aw397" starttime="1234.13" endtime="1234.31">bit</w>
<w nite:id="IS1008c.A.aw398" starttime="1234.31" endtime="1234.41">of</w>
<w nite:id="IS1008c.A.aw399" starttime="1234.41" endtime="1234.9">features</w>
<w nite:id="IS1008c.A.aw400" starttime="1234.9" endtime="1235.11">then</w>
<w nite:id="IS1008c.A.aw401" starttime="1235.11" endtime="1235.26">but</w>
<w nite:id="IS1008c.A.aw402" starttime="1235.26" endtime="1235.34">the</w>
<w nite:id="IS1008c.A.aw403" starttime="1235.34" endtime="1235.8">price</w>
<w nite:id="IS1008c.A.aw404" starttime="1235.8" endtime="1236">any</w>
<w nite:id="IS1008c.A.aw405" starttime="1236" endtime="1236.17">kind</w>
<w nite:id="IS1008c.A.aw406" starttime="1236.17" endtime="1236.36">some</w>
<w nite:id="IS1008c.A.aw407" starttime="1236.36" endtime="1236.65">more</w>
<sil nite:id="IS1008c.A.sil408" starttime="1236.65" endtime="1236.81"/>
<sil nite:id="IS1008c.A.sil409" starttime="1237.55" endtime="1237.65"/>
<w nite:id="IS1008c.A.aw410" starttime="1237.65" endtime="1238.07">So</w>
<sil nite:id="IS1008c.A.sil411" starttime="1238.07" endtime="1238.26"/>
<sil nite:id="IS1008c.A.sil412" starttime="1244.29" endtime="1244.54"/>
<w nite:id="IS1008c.A.aw413" starttime="1244.54" endtime="1244.77">Yeah</w>
<sil nite:id="IS1008c.A.sil414" starttime="1244.77" endtime="1244.98"/>
<sil nite:id="IS1008c.A.sil415" starttime="1245.25" endtime="1245.36"/>
<w nite:id="IS1008c.A.aw416" starttime="1245.36" endtime="1245.54">Yeah</w>
<w nite:id="IS1008c.A.aw417" starttime="1245.54" endtime="1245.89">so</w>
<sil nite:id="IS1008c.A.sil418" starttime="1245.89" endtime="1246.07"/>
<sil nite:id="IS1008c.A.sil419" starttime="1251.49" endtime="1251.59"/>
<w nite:id="IS1008c.A.aw420" starttime="1251.59" endtime="1251.83">Yeah</w>
<w nite:id="IS1008c.A.aw421" starttime="1251.83" endtime="1252.09">so</w>
<sil nite:id="IS1008c.A.sil422" starttime="1252.09" endtime="1252.22"/>
<sil nite:id="IS1008c.A.sil423" starttime="1253.11" endtime="1253.2"/>
<w nite:id="IS1008c.A.aw424" starttime="1253.2" endtime="1253.57">Yes</w>
<w nite:id="IS1008c.A.aw425" starttime="1253.57" endtime="1253.78">uh</w>
<w nite:id="IS1008c.A.aw426" starttime="1253.78" endtime="1254.08">but</w>
<w nite:id="IS1008c.A.aw427" starttime="1254.08" endtime="1254.31">uh</w>
<w nite:id="IS1008c.A.aw428" starttime="1254.31" endtime="1254.45">but</w>
<w nite:id="IS1008c.A.aw429" starttime="1254.45" endtime="1254.63">that</w>
<w nite:id="IS1008c.A.aw430" starttime="1254.63" endtime="1254.88">that</w>
<w nite:id="IS1008c.A.aw431" starttime="1254.88" endtime="1255.03">they</w>
<w nite:id="IS1008c.A.aw432" starttime="1255.03" endtime="1255.28">can't</w>
<w nite:id="IS1008c.A.aw433" starttime="1255.28" endtime="1255.46">that</w>
<w nite:id="IS1008c.A.aw434" starttime="1255.46" endtime="1255.57">we</w>
<w nite:id="IS1008c.A.aw435" starttime="1255.57" endtime="1255.72">can</w>
<w nite:id="IS1008c.A.aw436" starttime="1255.72" endtime="1255.97">talk</w>
<w nite:id="IS1008c.A.aw437" starttime="1255.97" endtime="1256.27">about</w>
<w nite:id="IS1008c.A.aw438" starttime="1256.27" endtime="1256.38">the</w>
<w nite:id="IS1008c.A.aw439" starttime="1256.38" endtime="1256.82">production</w>
<w nite:id="IS1008c.A.aw440" starttime="1256.82" endtime="1257.37">later</w>
<w nite:id="IS1008c.A.aw441" starttime="1257.37" endtime="1257.59">okay</w>
<w nite:id="IS1008c.A.aw442" starttime="1257.59" endtime="1257.96">depends</w>
<w nite:id="IS1008c.A.aw443" starttime="1257.96" endtime="1258.08">on</w>
<w nite:id="IS1008c.A.aw444" starttime="1258.08" endtime="1258.41">the</w>
<w nite:id="IS1008c.A.aw445" starttime="1258.41" endtime="1258.52">the</w>
<w nite:id="IS1008c.A.aw446" starttime="1258.52" endtime="1259.18">quantity</w>
<w nite:id="IS1008c.A.aw447" starttime="1259.18" endtime="1259.65">okay</w>
<sil nite:id="IS1008c.A.sil448" starttime="1259.65" endtime="1259.76"/>
<sil nite:id="IS1008c.A.sil449" starttime="1260.03" endtime="1260.12"/>
<w nite:id="IS1008c.A.aw450" starttime="1260.12" endtime="1260.34">So</w>
<w nite:id="IS1008c.A.aw451" starttime="1260.34" endtime="1260.49">we</w>
<w nite:id="IS1008c.A.aw452" starttime="1260.49" endtime="1260.69">don't</w>
<w nite:id="IS1008c.A.aw453" starttime="1260.69" endtime="1260.85">need</w>
<w nite:id="IS1008c.A.aw454" starttime="1260.85" endtime="1261.01">to</w>
<w nite:id="IS1008c.A.aw455" starttime="1261.01" endtime="1261.37">have</w>
<w nite:id="IS1008c.A.aw456" starttime="1261.37" endtime="1261.51">uh</w>
<w nite:id="IS1008c.A.aw457" starttime="1261.51" endtime="1261.81">well</w>
<w nite:id="IS1008c.A.aw458" starttime="1261.81" endtime="1262.14">one</w>
<w nite:id="IS1008c.A.aw459" starttime="1262.14" endtime="1262.33">uh</w>
<w nite:id="IS1008c.A.aw460" starttime="1262.33" endtime="1262.77">fabric</w>
<w nite:id="IS1008c.A.aw461" starttime="1262.77" endtime="1263.11">factor</w>
<w nite:id="IS1008c.A.aw462" starttime="1263.11" endtime="1263.22">or</w>
<w nite:id="IS1008c.A.aw463" starttime="1263.22" endtime="1263.62">something</w>
<w nite:id="IS1008c.A.aw464" starttime="1263.62" endtime="1263.79">so</w>
<w nite:id="IS1008c.A.aw465" starttime="1263.79" endtime="1263.88">we</w>
<w nite:id="IS1008c.A.aw466" starttime="1263.88" endtime="1264.1">can</w>
<w nite:id="IS1008c.A.aw467" starttime="1264.1" endtime="1264.27">have</w>
<w nite:id="IS1008c.A.aw468" starttime="1264.27" endtime="1264.4">a</w>
<w nite:id="IS1008c.A.aw469" starttime="1264.4" endtime="1264.72">have</w>
<w nite:id="IS1008c.A.aw470" starttime="1264.72" endtime="1264.86">it</w>
<w nite:id="IS1008c.A.aw471" starttime="1264.86" endtime="1265.19">will</w>
<sil nite:id="IS1008c.A.sil472" starttime="1265.19" endtime="1265.38"/>
<sil nite:id="IS1008c.A.sil473" starttime="1265.8" endtime="1265.91"/>
<w nite:id="IS1008c.A.aw474" starttime="1265.91" endtime="1266.13">There</w>
<w nite:id="IS1008c.A.aw475" starttime="1266.13" endtime="1266.24">are</w>
<w nite:id="IS1008c.A.aw476" starttime="1266.24" endtime="1266.37">do</w>
<w nite:id="IS1008c.A.aw477" starttime="1266.37" endtime="1266.48">the</w>
<w nite:id="IS1008c.A.aw478" starttime="1266.48" endtime="1267.14">fabric</w>
<w nite:id="IS1008c.A.aw479" starttime="1267.14" endtime="1267.52">okay</w>
<w nite:id="IS1008c.A.aw480" starttime="1267.52" endtime="1267.68">but</w>
<w nite:id="IS1008c.A.aw481" starttime="1267.68" endtime="1267.79">the</w>
<w nite:id="IS1008c.A.aw482" starttime="1267.79" endtime="1268.29">different</w>
<w nite:id="IS1008c.A.aw483" starttime="1268.29" endtime="1268.71">uh</w>
<w nite:id="IS1008c.A.aw484" starttime="1268.71" endtime="1269.23">electronics</w>
<w nite:id="IS1008c.A.aw485" starttime="1269.23" endtime="1269.83">items</w>
<w nite:id="IS1008c.A.aw486" starttime="1269.83" endtime="1269.99">then</w>
<w nite:id="IS1008c.A.aw487" starttime="1269.99" endtime="1270.09">we</w>
<w nite:id="IS1008c.A.aw488" starttime="1270.09" endtime="1270.22">can</w>
<w nite:id="IS1008c.A.aw489" starttime="1270.22" endtime="1270.44">have</w>
<w nite:id="IS1008c.A.aw490" starttime="1270.44" endtime="1271.07">a</w>
<w nite:id="IS1008c.A.aw491" starttime="1271.07" endtime="1271.42">business</w>
<w nite:id="IS1008c.A.aw492" starttime="1271.42" endtime="1272.05">step</w>
<w nite:id="IS1008c.A.aw493" starttime="1272.05" endtime="1272.42">and</w>
<w nite:id="IS1008c.A.aw494" starttime="1272.42" endtime="1272.56">the</w>
<w nite:id="IS1008c.A.aw495" starttime="1272.56" endtime="1273.03">the</w>
<w nite:id="IS1008c.A.aw496" starttime="1273.03" endtime="1273.26">good</w>
<w nite:id="IS1008c.A.aw497" starttime="1273.26" endtime="1273.35">the</w>
<w nite:id="IS1008c.A.aw498" starttime="1273.35" endtime="1274.11">cost</w>
<w nite:id="IS1008c.A.aw499" starttime="1274.11" endtime="1274.72">okay</w>
<w nite:id="IS1008c.A.aw500" starttime="1274.72" endtime="1274.83">to</w>
<w nite:id="IS1008c.A.aw501" starttime="1274.83" endtime="1275.04">sell</w>
<w nite:id="IS1008c.A.aw502" starttime="1275.04" endtime="1275.4">more</w>
<sil nite:id="IS1008c.A.sil503" starttime="1275.4" endtime="1275.48"/>
<sil nite:id="IS1008c.A.sil504" starttime="1276.57" endtime="1276.65"/>
<w nite:id="IS1008c.A.aw505" starttime="1276.65" endtime="1277.33">So</w>
<w nite:id="IS1008c.A.aw506" starttime="1277.33" endtime="1277.51">that</w>
<w nite:id="IS1008c.A.aw507" starttime="1277.51" endtime="1277.6">the</w>
<w nite:id="IS1008c.A.aw508" starttime="1277.6" endtime="1277.84">led</w>
<w nite:id="IS1008c.A.aw509" starttime="1277.84" endtime="1278.06">lights</w>
<w nite:id="IS1008c.A.aw510" starttime="1278.06" endtime="1278.15">to</w>
<w nite:id="IS1008c.A.aw511" starttime="1278.15" endtime="1278.55">decide</w>
<w nite:id="IS1008c.A.aw512" starttime="1278.55" endtime="1278.95">foster</w>
<w nite:id="IS1008c.A.aw513" starttime="1278.95" endtime="1279.29">board</w>
<w nite:id="IS1008c.A.aw514" starttime="1279.29" endtime="1279.74">uh</w>
<w nite:id="IS1008c.A.aw515" starttime="1279.74" endtime="1279.98">oh</w>
<w nite:id="IS1008c.A.aw516" starttime="1279.98" endtime="1280.53">components</w>
<w nite:id="IS1008c.A.aw517" starttime="1280.53" endtime="1281.11">concept</w>
<w nite:id="IS1008c.A.aw518" starttime="1281.11" endtime="1281.43">and</w>
<w nite:id="IS1008c.A.aw519" starttime="1281.43" endtime="1281.79">uh</w>
<w nite:id="IS1008c.A.aw520" starttime="1281.79" endtime="1282.34">interface</w>
<w nite:id="IS1008c.A.aw521" starttime="1282.34" endtime="1282.97">concept</w>
<sil nite:id="IS1008c.A.sil522" starttime="1282.97" endtime="1282.99"/>
<sil nite:id="IS1008c.A.sil523" starttime="1283.36" endtime="1283.49"/>
<w nite:id="IS1008c.A.aw524" starttime="1283.49" endtime="1283.74">Okay</w>
<w nite:id="IS1008c.A.aw525" starttime="1283.74" endtime="1283.89">if</w>
<w nite:id="IS1008c.A.aw526" starttime="1283.89" endtime="1284.06">it</w>
<w nite:id="IS1008c.A.aw527" starttime="1284.06" endtime="1284.6">is</w>
<sil nite:id="IS1008c.A.sil528" starttime="1284.6" endtime="1284.7"/>
<sil nite:id="IS1008c.A.sil529" starttime="1285.07" endtime="1285.16"/>
<w nite:id="IS1008c.A.aw530" starttime="1285.16" endtime="1285.4">Picks</w>
<w nite:id="IS1008c.A.aw531" starttime="1285.4" endtime="1285.49">up</w>
<w nite:id="IS1008c.A.aw532" starttime="1285.49" endtime="1285.66">the</w>
<w nite:id="IS1008c.A.aw533" starttime="1285.66" endtime="1285.86">phone</w>
<w nite:id="IS1008c.A.aw534" starttime="1285.86" endtime="1286.04">for</w>
<w nite:id="IS1008c.A.aw535" starttime="1286.04" endtime="1286.24">both</w>
<w nite:id="IS1008c.A.aw536" starttime="1286.24" endtime="1286.48">of</w>
<w nite:id="IS1008c.A.aw537" starttime="1286.48" endtime="1286.56">you</w>
<w nite:id="IS1008c.A.aw538" starttime="1286.56" endtime="1286.98">what</w>
<w nite:id="IS1008c.A.aw539" starttime="1286.98" endtime="1287.7">uh</w>
<w nite:id="IS1008c.A.aw540" starttime="1287.7" endtime="1287.94">it</w>
<w nite:id="IS1008c.A.aw541" starttime="1287.94" endtime="1288.14">was</w>
<w nite:id="IS1008c.A.aw542" starttime="1288.14" endtime="1288.62">talking</w>
<sil nite:id="IS1008c.A.sil543" starttime="1288.62" endtime="1288.71"/>
<sil nite:id="IS1008c.A.sil544" starttime="1290.51" endtime="1290.61"/>
<w nite:id="IS1008c.A.aw545" starttime="1290.61" endtime="1290.83">And</w>
<w nite:id="IS1008c.A.aw546" starttime="1290.83" endtime="1290.99">you</w>
<w nite:id="IS1008c.A.aw547" starttime="1290.99" endtime="1291.06">are</w>
<w nite:id="IS1008c.A.aw548" starttime="1291.06" endtime="1291.53">design</w>
<sil nite:id="IS1008c.A.sil549" starttime="1291.53" endtime="1291.76"/>
<sil nite:id="IS1008c.A.sil550" starttime="1292.42" endtime="1292.53"/>
<w nite:id="IS1008c.A.aw551" starttime="1292.53" endtime="1292.77">With</w>
<w nite:id="IS1008c.A.aw552" starttime="1292.77" endtime="1293.18">uh</w>
<w nite:id="IS1008c.A.aw553" starttime="1293.18" endtime="1293.28">oh</w>
<w nite:id="IS1008c.A.aw554" starttime="1293.28" endtime="1293.4">you</w>
<w nite:id="IS1008c.A.aw555" starttime="1293.4" endtime="1293.69">wanna</w>
<w nite:id="IS1008c.A.aw556" starttime="1293.69" endtime="1293.85">the</w>
<w nite:id="IS1008c.A.aw557" starttime="1293.85" endtime="1294.29">display</w>
<w nite:id="IS1008c.A.aw558" starttime="1294.29" endtime="1294.53">or</w>
<w nite:id="IS1008c.A.aw559" starttime="1294.53" endtime="1294.68">bit</w>
<w nite:id="IS1008c.A.aw560" starttime="1294.68" endtime="1294.79">of</w>
<w nite:id="IS1008c.A.aw561" starttime="1294.79" endtime="1294.83">a</w>
<w nite:id="IS1008c.A.aw562" starttime="1294.83" endtime="1295.23">display</w>
<w nite:id="IS1008c.A.aw563" starttime="1295.23" endtime="1295.57">or</w>
<w nite:id="IS1008c.A.aw564" starttime="1295.57" endtime="1295.89">just</w>
<w nite:id="IS1008c.A.aw565" starttime="1295.89" endtime="1295.95">a</w>
<w nite:id="IS1008c.A.aw566" starttime="1295.95" endtime="1296.49">simple</w>
<w nite:id="IS1008c.A.aw567" starttime="1296.49" endtime="1296.88">so</w>
<sil nite:id="IS1008c.A.sil568" starttime="1296.88" endtime="1297.04"/>
<sil nite:id="IS1008c.A.sil569" starttime="1409.99" endtime="1410.12"/>
<w nite:id="IS1008c.A.aw570" starttime="1410.12" endtime="1410.24">I</w>
<w nite:id="IS1008c.A.aw571" starttime="1410.24" endtime="1410.44">don't</w>
<w nite:id="IS1008c.A.aw572" starttime="1410.44" endtime="1410.64">think</w>
<w nite:id="IS1008c.A.aw573" starttime="1410.64" endtime="1410.91">so</w>
<sil nite:id="IS1008c.A.sil574" starttime="1410.91" endtime="1411.04"/>
<sil nite:id="IS1008c.A.sil575" starttime="1412.12" endtime="1412.26"/>
<w nite:id="IS1008c.A.aw576" starttime="1412.26" endtime="1412.8">Yes</w>
<sil nite:id="IS1008c.A.sil577" starttime="1412.8" endtime="1412.82"/>
<sil nite:id="IS1008c.A.sil578" starttime="1413.09" endtime="1413.27"/>
<w nite:id="IS1008c.A.aw579" starttime="1413.27" endtime="1413.65">Yes</w>
<sil nite:id="IS1008c.A.sil580" starttime="1413.65" endtime="1413.78"/>
<sil nite:id="IS1008c.A.sil581" starttime="1414.05" endtime="1414.13"/>
<w nite:id="IS1008c.A.aw582" starttime="1414.13" endtime="1414.38">Don't</w>
<w nite:id="IS1008c.A.aw583" starttime="1414.38" endtime="1414.62">that's</w>
<w nite:id="IS1008c.A.aw584" starttime="1414.62" endtime="1415.16">nice</w>
<sil nite:id="IS1008c.A.sil585" starttime="1415.16" endtime="1415.4"/>
<sil nite:id="IS1008c.A.sil586" starttime="1417.45" endtime="1417.53"/>
<w nite:id="IS1008c.A.aw587" starttime="1417.53" endtime="1417.73">Yeah</w>
<w nite:id="IS1008c.A.aw588" starttime="1417.73" endtime="1418.02">so</w>
<sil nite:id="IS1008c.A.sil589" starttime="1418.02" endtime="1418.19"/>
<sil nite:id="IS1008c.A.sil590" starttime="1418.47" endtime="1418.56"/>
<w nite:id="IS1008c.A.aw591" starttime="1418.56" endtime="1418.77">Or</w>
<w nite:id="IS1008c.A.aw592" starttime="1418.77" endtime="1418.97">what</w>
<w nite:id="IS1008c.A.aw593" starttime="1418.97" endtime="1419.15">we'll</w>
<w nite:id="IS1008c.A.aw594" starttime="1419.15" endtime="1419.26">do</w>
<w nite:id="IS1008c.A.aw595" starttime="1419.26" endtime="1419.57">is</w>
<w nite:id="IS1008c.A.aw596" starttime="1419.57" endtime="1420.05">uh</w>
<w nite:id="IS1008c.A.aw597" starttime="1420.05" endtime="1420.22">we'll</w>
<w nite:id="IS1008c.A.aw598" starttime="1420.22" endtime="1420.34">we'll</w>
<w nite:id="IS1008c.A.aw599" starttime="1420.34" endtime="1420.67">stick</w>
<w nite:id="IS1008c.A.aw600" starttime="1420.67" endtime="1420.95">with</w>
<w nite:id="IS1008c.A.aw601" starttime="1420.95" endtime="1421.65">the</w>
<w nite:id="IS1008c.A.aw602" starttime="1421.65" endtime="1421.82">the</w>
<w nite:id="IS1008c.A.aw603" starttime="1421.82" endtime="1422.15">simple</w>
<w nite:id="IS1008c.A.aw604" starttime="1422.15" endtime="1422.63">design</w>
<w nite:id="IS1008c.A.aw605" starttime="1422.63" endtime="1422.81">for</w>
<w nite:id="IS1008c.A.aw606" starttime="1422.81" endtime="1423.36">coming</w>
<w nite:id="IS1008c.A.aw607" starttime="1423.36" endtime="1423.71">into</w>
<w nite:id="IS1008c.A.aw608" starttime="1423.71" endtime="1424.36">the</w>
<w nite:id="IS1008c.A.aw609" starttime="1424.36" endtime="1424.62">egg</w>
<w nite:id="IS1008c.A.aw610" starttime="1424.62" endtime="1424.91">find</w>
<w nite:id="IS1008c.A.aw611" starttime="1424.91" endtime="1425.12">out</w>
<w nite:id="IS1008c.A.aw612" starttime="1425.12" endtime="1425.44">about</w>
<w nite:id="IS1008c.A.aw613" starttime="1425.44" endtime="1426.04">know</w>
<w nite:id="IS1008c.A.aw614" starttime="1426.04" endtime="1426.23">how</w>
<w nite:id="IS1008c.A.aw615" starttime="1426.23" endtime="1426.42">much</w>
<w nite:id="IS1008c.A.aw616" starttime="1426.42" endtime="1426.65">it's</w>
<w nite:id="IS1008c.A.aw617" starttime="1426.65" endtime="1426.97">cost</w>
<w nite:id="IS1008c.A.aw618" starttime="1426.97" endtime="1427.14">of</w>
<w nite:id="IS1008c.A.aw619" starttime="1427.14" endtime="1427.58">extra</w>
<w nite:id="IS1008c.A.aw620" starttime="1427.58" endtime="1427.82">think</w>
<w nite:id="IS1008c.A.aw621" starttime="1427.82" endtime="1428.01">if</w>
<w nite:id="IS1008c.A.aw622" starttime="1428.01" endtime="1428.13">we</w>
<w nite:id="IS1008c.A.aw623" starttime="1428.13" endtime="1428.27">go</w>
<w nite:id="IS1008c.A.aw624" starttime="1428.27" endtime="1428.41">for</w>
<w nite:id="IS1008c.A.aw625" starttime="1428.41" endtime="1428.49">the</w>
<w nite:id="IS1008c.A.aw626" starttime="1428.49" endtime="1429.05">display</w>
<sil nite:id="IS1008c.A.sil627" starttime="1429.05" endtime="1429.16"/>
<sil nite:id="IS1008c.A.sil628" starttime="1429.64" endtime="1429.74"/>
<w nite:id="IS1008c.A.aw629" starttime="1429.74" endtime="1430.55">Okay</w>
<w nite:id="IS1008c.A.aw630" starttime="1430.55" endtime="1431.24">so</w>
<w nite:id="IS1008c.A.aw631" starttime="1431.24" endtime="1431.44">maybe</w>
<w nite:id="IS1008c.A.aw632" starttime="1431.44" endtime="1431.65">what</w>
<w nite:id="IS1008c.A.aw633" starttime="1431.65" endtime="1431.75">you</w>
<w nite:id="IS1008c.A.aw634" starttime="1431.75" endtime="1431.92">can</w>
<w nite:id="IS1008c.A.aw635" starttime="1431.92" endtime="1432.03">do</w>
<w nite:id="IS1008c.A.aw636" starttime="1432.03" endtime="1432.47">is</w>
<w nite:id="IS1008c.A.aw637" starttime="1432.47" endtime="1432.66">uh</w>
<w nite:id="IS1008c.A.aw638" starttime="1432.66" endtime="1432.96">about</w>
<w nite:id="IS1008c.A.aw639" starttime="1432.96" endtime="1433.09">a</w>
<w nite:id="IS1008c.A.aw640" starttime="1433.09" endtime="1433.34">few</w>
<w nite:id="IS1008c.A.aw641" starttime="1433.34" endtime="1433.49">you</w>
<w nite:id="IS1008c.A.aw642" starttime="1433.49" endtime="1433.66">can</w>
<w nite:id="IS1008c.A.aw643" starttime="1433.66" endtime="1433.84">come</w>
<w nite:id="IS1008c.A.aw644" starttime="1433.84" endtime="1433.98">up</w>
<w nite:id="IS1008c.A.aw645" starttime="1433.98" endtime="1434.24">with</w>
<w nite:id="IS1008c.A.aw646" starttime="1434.24" endtime="1434.85">the</w>
<sil nite:id="IS1008c.A.sil647" starttime="1434.85" endtime="1434.98"/>
<sil nite:id="IS1008c.A.sil648" starttime="1435.3" endtime="1435.4"/>
<w nite:id="IS1008c.A.aw649" starttime="1435.4" endtime="1435.53">The</w>
<w nite:id="IS1008c.A.aw650" starttime="1435.53" endtime="1435.94">product</w>
<w nite:id="IS1008c.A.aw651" starttime="1435.94" endtime="1436.26">right</w>
<sil nite:id="IS1008c.A.sil652" starttime="1436.26" endtime="1436.45"/>
<sil nite:id="IS1008c.A.sil653" starttime="1437.09" endtime="1437.18"/>
<w nite:id="IS1008c.A.aw654" starttime="1437.18" endtime="1437.48">Okay</w>
<w nite:id="IS1008c.A.aw655" starttime="1437.48" endtime="1437.61">the</w>
<w nite:id="IS1008c.A.aw656" starttime="1437.61" endtime="1437.83">more</w>
<w nite:id="IS1008c.A.aw657" starttime="1437.83" endtime="1438.12">than</w>
<sil nite:id="IS1008c.A.sil658" starttime="1438.12" endtime="1438.18"/>
<sil nite:id="IS1008c.A.sil659" starttime="1438.75" endtime="1438.87"/>
<w nite:id="IS1008c.A.aw660" starttime="1438.87" endtime="1439.28">Okay</w>
<sil nite:id="IS1008c.A.sil661" starttime="1439.28" endtime="1439.44"/>
<sil nite:id="IS1008c.A.sil662" starttime="1454.81" endtime="1454.98"/>
<w nite:id="IS1008c.A.aw663" starttime="1454.98" endtime="1455.28">Uh</w>
<w nite:id="IS1008c.A.aw664" starttime="1455.28" endtime="1455.44">i</w>
<w nite:id="IS1008c.A.aw665" starttime="1455.44" endtime="1455.73">hope</w>
<w nite:id="IS1008c.A.aw666" starttime="1455.73" endtime="1455.96">uh</w>
<w nite:id="IS1008c.A.aw667" starttime="1455.96" endtime="1456.29">for</w>
<w nite:id="IS1008c.A.aw668" starttime="1456.29" endtime="1456.47">is</w>
<w nite:id="IS1008c.A.aw669" starttime="1456.47" endtime="1456.59">it</w>
<w nite:id="IS1008c.A.aw670" starttime="1456.59" endtime="1456.84">okay</w>
<w nite:id="IS1008c.A.aw671" starttime="1456.84" endtime="1457.15">if</w>
<w nite:id="IS1008c.A.aw672" starttime="1457.15" endtime="1457.52">uh</w>
<w nite:id="IS1008c.A.aw673" starttime="1457.52" endtime="1457.72">they</w>
<w nite:id="IS1008c.A.aw674" starttime="1457.72" endtime="1458.14">will</w>
<w nite:id="IS1008c.A.aw675" starttime="1458.14" endtime="1458.31">come</w>
<w nite:id="IS1008c.A.aw676" starttime="1458.31" endtime="1458.4">up</w>
<w nite:id="IS1008c.A.aw677" starttime="1458.4" endtime="1458.62">with</w>
<w nite:id="IS1008c.A.aw678" starttime="1458.62" endtime="1458.78">a</w>
<w nite:id="IS1008c.A.aw679" starttime="1458.78" endtime="1459.29">prototype</w>
<w nite:id="IS1008c.A.aw680" starttime="1459.29" endtime="1459.71">design</w>
<sil nite:id="IS1008c.A.sil681" starttime="1459.71" endtime="1459.84"/>
<sil nite:id="IS1008c.A.sil682" starttime="1460.11" endtime="1460.18"/>
<w nite:id="IS1008c.A.aw683" starttime="1460.18" endtime="1460.5">Okay</w>
<w nite:id="IS1008c.A.aw684" starttime="1460.5" endtime="1460.69">then</w>
<w nite:id="IS1008c.A.aw685" starttime="1460.69" endtime="1460.81">they</w>
<w nite:id="IS1008c.A.aw686" starttime="1460.81" endtime="1460.99">can</w>
<w nite:id="IS1008c.A.aw687" starttime="1460.99" endtime="1461.17">show</w>
<w nite:id="IS1008c.A.aw688" starttime="1461.17" endtime="1461.3">you</w>
<w nite:id="IS1008c.A.aw689" starttime="1461.3" endtime="1461.5">how</w>
<w nite:id="IS1008c.A.aw690" starttime="1461.5" endtime="1461.63">it</w>
<w nite:id="IS1008c.A.aw691" starttime="1461.63" endtime="1461.88">looks</w>
<w nite:id="IS1008c.A.aw692" starttime="1461.88" endtime="1462.14">like</w>
<w nite:id="IS1008c.A.aw693" starttime="1462.14" endtime="1462.37">and</w>
<w nite:id="IS1008c.A.aw694" starttime="1462.37" endtime="1462.51">then</w>
<w nite:id="IS1008c.A.aw695" starttime="1462.51" endtime="1462.65">we</w>
<w nite:id="IS1008c.A.aw696" starttime="1462.65" endtime="1462.91">can</w>
<w nite:id="IS1008c.A.aw697" starttime="1462.91" endtime="1463.12">uh</w>
<w nite:id="IS1008c.A.aw698" starttime="1463.12" endtime="1463.65">submitted</w>
<w nite:id="IS1008c.A.aw699" starttime="1463.65" endtime="1463.89">a</w>
<sil nite:id="IS1008c.A.sil700" starttime="1463.89" endtime="1464.04"/>
<sil nite:id="IS1008c.A.sil701" starttime="1464.77" endtime="1464.88"/>
<w nite:id="IS1008c.A.aw702" starttime="1464.88" endtime="1464.98">I</w>
<w nite:id="IS1008c.A.aw703" starttime="1464.98" endtime="1465.08">do</w>
<w nite:id="IS1008c.A.aw704" starttime="1465.08" endtime="1465.32">some</w>
<w nite:id="IS1008c.A.aw705" starttime="1465.32" endtime="1465.5">into</w>
<w nite:id="IS1008c.A.aw706" starttime="1465.5" endtime="1465.59">the</w>
<w nite:id="IS1008c.A.aw707" starttime="1465.59" endtime="1466.37">management</w>
<sil nite:id="IS1008c.A.sil708" starttime="1466.37" endtime="1466.45"/>
<sil nite:id="IS1008c.A.sil709" starttime="1466.72" endtime="1466.84"/>
<w nite:id="IS1008c.A.aw710" starttime="1466.84" endtime="1467.26">Okay</w>
<sil nite:id="IS1008c.A.sil711" starttime="1467.26" endtime="1467.45"/>
<sil nite:id="IS1008c.A.sil712" starttime="1468.36" endtime="1468.44"/>
<w nite:id="IS1008c.A.aw713" starttime="1468.44" endtime="1468.66">Then</w>
<w nite:id="IS1008c.A.aw714" starttime="1468.66" endtime="1468.78">mean</w>
<w nite:id="IS1008c.A.aw715" starttime="1468.78" endtime="1468.98">that</w>
<w nite:id="IS1008c.A.aw716" starttime="1468.98" endtime="1469.12">and</w>
<w nite:id="IS1008c.A.aw717" starttime="1469.12" endtime="1469.23">you</w>
<w nite:id="IS1008c.A.aw718" starttime="1469.23" endtime="1469.36">can</w>
<w nite:id="IS1008c.A.aw719" starttime="1469.36" endtime="1469.56">come</w>
<w nite:id="IS1008c.A.aw720" starttime="1469.56" endtime="1469.67">up</w>
<w nite:id="IS1008c.A.aw721" starttime="1469.67" endtime="1469.78">with</w>
<w nite:id="IS1008c.A.aw722" starttime="1469.78" endtime="1469.9">the</w>
<w nite:id="IS1008c.A.aw723" starttime="1469.9" endtime="1470.33">price</w>
<w nite:id="IS1008c.A.aw724" starttime="1470.33" endtime="1470.44">so</w>
<w nite:id="IS1008c.A.aw725" starttime="1470.44" endtime="1470.52">how</w>
<w nite:id="IS1008c.A.aw726" starttime="1470.52" endtime="1470.75">much</w>
<w nite:id="IS1008c.A.aw727" starttime="1470.75" endtime="1470.92">it's</w>
<w nite:id="IS1008c.A.aw728" starttime="1470.92" endtime="1471.21">cost</w>
<w nite:id="IS1008c.A.aw729" starttime="1471.21" endtime="1471.37">of</w>
<w nite:id="IS1008c.A.aw730" starttime="1471.37" endtime="1471.81">extra</w>
<w nite:id="IS1008c.A.aw731" starttime="1471.81" endtime="1472.14">for</w>
<w nite:id="IS1008c.A.aw732" starttime="1472.14" endtime="1472.37">the</w>
<w nite:id="IS1008c.A.aw733" starttime="1472.37" endtime="1472.48">the</w>
<w nite:id="IS1008c.A.aw734" starttime="1472.48" endtime="1473.01">display</w>
<sil nite:id="IS1008c.A.sil735" starttime="1473.01" endtime="1473.13"/>
<sil nite:id="IS1008c.A.sil736" starttime="1473.64" endtime="1473.75"/>
<w nite:id="IS1008c.A.aw737" starttime="1473.75" endtime="1474.08">And</w>
<w nite:id="IS1008c.A.aw738" starttime="1474.08" endtime="1474.33">and</w>
<w nite:id="IS1008c.A.aw739" starttime="1474.33" endtime="1474.37">a</w>
<w nite:id="IS1008c.A.aw740" starttime="1474.37" endtime="1474.63">might</w>
<w nite:id="IS1008c.A.aw741" starttime="1474.63" endtime="1474.78">be</w>
<w nite:id="IS1008c.A.aw742" starttime="1474.78" endtime="1475.59">sturdy</w>
<w nite:id="IS1008c.A.aw743" starttime="1475.59" endtime="1475.81">that's</w>
<w nite:id="IS1008c.A.aw744" starttime="1475.81" endtime="1476.01">very</w>
<w nite:id="IS1008c.A.aw745" starttime="1476.01" endtime="1476.58">important</w>
<w nite:id="IS1008c.A.aw746" starttime="1476.58" endtime="1477.05">okay</w>
<sil nite:id="IS1008c.A.sil747" starttime="1477.05" endtime="1477.12"/>
<sil nite:id="IS1008c.A.sil748" starttime="1479.85" endtime="1480.04"/>
<w nite:id="IS1008c.A.aw749" starttime="1480.04" endtime="1480.18">How</w>
<w nite:id="IS1008c.A.aw750" starttime="1480.18" endtime="1480.38">much</w>
<sil nite:id="IS1008c.A.sil751" starttime="1480.38" endtime="1480.54"/>
<sil nite:id="IS1008c.A.sil752" starttime="1481.24" endtime="1481.33"/>
<w nite:id="IS1008c.A.aw753" starttime="1481.33" endtime="1481.44">Oh</w>
<w nite:id="IS1008c.A.aw754" starttime="1481.44" endtime="1481.58">my</w>
<w nite:id="IS1008c.A.aw755" starttime="1481.58" endtime="1481.75">how</w>
<w nite:id="IS1008c.A.aw756" starttime="1481.75" endtime="1481.91">much</w>
<w nite:id="IS1008c.A.aw757" starttime="1481.91" endtime="1482.09">how</w>
<w nite:id="IS1008c.A.aw758" starttime="1482.09" endtime="1482.25">much</w>
<w nite:id="IS1008c.A.aw759" starttime="1482.25" endtime="1482.37">you</w>
<w nite:id="IS1008c.A.aw760" starttime="1482.37" endtime="1482.52">can</w>
<w nite:id="IS1008c.A.aw761" starttime="1482.52" endtime="1482.85">select</w>
<w nite:id="IS1008c.A.aw762" starttime="1482.85" endtime="1483.03">so</w>
<w nite:id="IS1008c.A.aw763" starttime="1483.03" endtime="1483.22">uh</w>
<sil nite:id="IS1008c.A.sil764" starttime="1483.22" endtime="1483.36"/>
<sil nite:id="IS1008c.A.sil765" starttime="1484.22" endtime="1484.28"/>
<w nite:id="IS1008c.A.aw766" starttime="1484.28" endtime="1484.47">Of</w>
<w nite:id="IS1008c.A.aw767" starttime="1484.47" endtime="1484.65">course</w>
<w nite:id="IS1008c.A.aw768" starttime="1484.65" endtime="1484.8">you</w>
<w nite:id="IS1008c.A.aw769" starttime="1484.8" endtime="1485.01">make</w>
<w nite:id="IS1008c.A.aw770" starttime="1485.01" endtime="1485.32">minute</w>
<w nite:id="IS1008c.A.aw771" starttime="1485.32" endtime="1485.62">or</w>
<w nite:id="IS1008c.A.aw772" starttime="1485.62" endtime="1486.04">so</w>
<sil nite:id="IS1008c.A.sil773" starttime="1486.04" endtime="1486.06"/>
<sil nite:id="IS1008c.A.sil774" starttime="1487.13" endtime="1487.21"/>
<w nite:id="IS1008c.A.aw775" starttime="1487.21" endtime="1487.38">It's</w>
<w nite:id="IS1008c.A.aw776" starttime="1487.38" endtime="1488.13">modified</w>
<w nite:id="IS1008c.A.aw777" starttime="1488.13" endtime="1488.26">you</w>
<w nite:id="IS1008c.A.aw778" starttime="1488.26" endtime="1488.45">make</w>
<w nite:id="IS1008c.A.aw779" starttime="1488.45" endtime="1488.71">money</w>
<w nite:id="IS1008c.A.aw780" starttime="1488.71" endtime="1488.89">to</w>
<w nite:id="IS1008c.A.aw781" starttime="1488.89" endtime="1489.17">uh</w>
<w nite:id="IS1008c.A.aw782" starttime="1489.17" endtime="1489.34">your</w>
<w nite:id="IS1008c.A.aw783" starttime="1489.34" endtime="1489.87">commission</w>
<sil nite:id="IS1008c.A.sil784" starttime="1489.87" endtime="1490.03"/>
<sil nite:id="IS1008c.A.sil785" starttime="1492.47" endtime="1492.59"/>
<w nite:id="IS1008c.A.aw786" starttime="1492.59" endtime="1492.88">Okay</w>
<w nite:id="IS1008c.A.aw787" starttime="1492.88" endtime="1493.11">so</w>
<w nite:id="IS1008c.A.aw788" starttime="1493.11" endtime="1493.43">any</w>
<w nite:id="IS1008c.A.aw789" starttime="1493.43" endtime="1494.1">questions</w>
<sil nite:id="IS1008c.A.sil790" starttime="1494.1" endtime="1494.12"/>
<sil nite:id="IS1008c.A.sil791" starttime="1497.05" endtime="1497.12"/>
<w nite:id="IS1008c.A.aw792" starttime="1497.12" endtime="1497.51">So</w>
<w nite:id="IS1008c.A.aw793" starttime="1497.51" endtime="1498.07">by</w>
<w nite:id="IS1008c.A.aw794" starttime="1498.07" endtime="1498.37">next</w>
<w nite:id="IS1008c.A.aw795" starttime="1498.37" endtime="1498.75">meeting</w>
<w nite:id="IS1008c.A.aw796" starttime="1498.75" endtime="1499.36">so</w>
<w nite:id="IS1008c.A.aw797" starttime="1499.36" endtime="1499.91">place</w>
<w nite:id="IS1008c.A.aw798" starttime="1499.91" endtime="1500.11">come</w>
<w nite:id="IS1008c.A.aw799" starttime="1500.11" endtime="1500.22">up</w>
<w nite:id="IS1008c.A.aw800" starttime="1500.22" endtime="1500.42">with</w>
<w nite:id="IS1008c.A.aw801" starttime="1500.42" endtime="1500.89">the</w>
<w nite:id="IS1008c.A.aw802" starttime="1500.89" endtime="1501">the</w>
<w nite:id="IS1008c.A.aw803" starttime="1501" endtime="1501.48">prototype</w>
<sil nite:id="IS1008c.A.sil804" starttime="1501.48" endtime="1501.81"/>
<sil nite:id="IS1008c.A.sil805" starttime="1502.24" endtime="1502.35"/>
<w nite:id="IS1008c.A.aw806" starttime="1502.35" endtime="1502.87">Okay</w>
<w nite:id="IS1008c.A.aw807" starttime="1502.87" endtime="1503.27">then</w>
<w nite:id="IS1008c.A.aw808" starttime="1503.27" endtime="1503.86">uh</w>
<w nite:id="IS1008c.A.aw809" starttime="1503.86" endtime="1504">then</w>
<w nite:id="IS1008c.A.aw810" starttime="1504" endtime="1504.12">we</w>
<w nite:id="IS1008c.A.aw811" starttime="1504.12" endtime="1504.26">can</w>
<w nite:id="IS1008c.A.aw812" starttime="1504.26" endtime="1504.57">proceed</w>
<w nite:id="IS1008c.A.aw813" starttime="1504.57" endtime="1504.75">from</w>
<w nite:id="IS1008c.A.aw814" starttime="1504.75" endtime="1504.94">there</w>
<sil nite:id="IS1008c.A.sil815" starttime="1504.94" endtime="1505.05"/>
<sil nite:id="IS1008c.A.sil816" starttime="1506.41" endtime="1506.61"/>
<w nite:id="IS1008c.A.aw817" starttime="1506.61" endtime="1506.88">Okay</w>
<sil nite:id="IS1008c.A.sil818" starttime="1506.88" endtime="1507.1"/>
<sil nite:id="IS1008c.A.sil819" starttime="1507.72" endtime="1507.82"/>
<w nite:id="IS1008c.A.aw820" starttime="1507.82" endtime="1508.04">So</w>
<w nite:id="IS1008c.A.aw821" starttime="1508.04" endtime="1508.33">thanks</w>
<w nite:id="IS1008c.A.aw822" starttime="1508.33" endtime="1508.48">for</w>
<w nite:id="IS1008c.A.aw823" starttime="1508.48" endtime="1508.62">all</w>
<w nite:id="IS1008c.A.aw824" starttime="1508.62" endtime="1508.96">your</w>
<w nite:id="IS1008c.A.aw825" starttime="1508.96" endtime="1509.14">uh</w>
<w nite:id="IS1008c.A.aw826" starttime="1509.14" endtime="1509.74">efforts</w>
<sil nite:id="IS1008c.A.sil827" starttime="1509.74" endtime="1509.78"/>
<sil nite:id="IS1008c.A.sil828" starttime="1510.05" endtime="1510.16"/>
<w nite:id="IS1008c.A.aw829" starttime="1510.16" endtime="1510.39">And</w>
<w nite:id="IS1008c.A.aw830" starttime="1510.39" endtime="1510.68">coming</w>
<w nite:id="IS1008c.A.aw831" starttime="1510.68" endtime="1510.83">for</w>
<w nite:id="IS1008c.A.aw832" starttime="1510.83" endtime="1511.43">the</w>
<w nite:id="IS1008c.A.aw833" starttime="1511.43" endtime="1511.69">meeting</w>
<w nite:id="IS1008c.A.aw834" starttime="1511.69" endtime="1512.06">again</w>
<sil nite:id="IS1008c.A.sil835" starttime="1512.06" endtime="1512.24"/>
<sil nite:id="IS1008c.A.sil836" starttime="1512.71" endtime="1512.81"/>
<w nite:id="IS1008c.A.aw837" starttime="1512.81" endtime="1513.09">And</w>
<w nite:id="IS1008c.A.aw838" starttime="1513.09" endtime="1513.19">the</w>
<w nite:id="IS1008c.A.aw839" starttime="1513.19" endtime="1513.5">c.s</w>
<w nite:id="IS1008c.A.aw840" starttime="1513.5" endtime="1513.65">on</w>
<w nite:id="IS1008c.A.aw841" starttime="1513.65" endtime="1513.84">that</w>
<sil nite:id="IS1008c.A.sil842" starttime="1513.84" endtime="1513.97"/>
<sil nite:id="IS1008c.A.sil843" starttime="1514.7" endtime="1514.82"/>
<w nite:id="IS1008c.A.aw844" starttime="1514.82" endtime="1515.33">Okay</w>
<w nite:id="IS1008c.A.aw845" starttime="1515.33" endtime="1515.51">thank</w>
<w nite:id="IS1008c.A.aw846" starttime="1515.51" endtime="1515.63">you</w>
<sil nite:id="IS1008c.A.sil847" starttime="1515.63" endtime="1515.78"/>
</nite:root>
