<?xml version="1.0" encoding="ISO-8859-1" standalone="yes"?>
<nite:root nite:id="IS1008c.B.aseg" xmlns:nite="http://nite.sourceforge.net/">
   <segment nite:id="IS1008c.B.asg.57331" participant="f1038">
      <nite:child href="IS1008c.B.words.xml#id(IS1008c.B.sil1792)..id(IS1008c.B.sil1795)"/>
   </segment>
   <segment nite:id="IS1008c.B.asg.57332" participant="f1038">
      <nite:child href="IS1008c.B.words.xml#id(IS1008c.B.sil1796)..id(IS1008c.B.sil1805)"/>
   </segment>
   <segment nite:id="IS1008c.B.asg.57333" participant="f1038">
      <nite:child href="IS1008c.B.words.xml#id(IS1008c.B.sil1806)..id(IS1008c.B.sil1808)"/>
   </segment>
   <segment nite:id="IS1008c.B.asg.57334" participant="f1038">
      <nite:child href="IS1008c.B.words.xml#id(IS1008c.B.sil1809)..id(IS1008c.B.sil1811)"/>
   </segment>
   <segment nite:id="IS1008c.B.asg.57335" participant="f1038">
      <nite:child href="IS1008c.B.words.xml#id(IS1008c.B.sil1812)..id(IS1008c.B.sil1816)"/>
   </segment>
   <segment nite:id="IS1008c.B.asg.57336" participant="f1038">
      <nite:child href="IS1008c.B.words.xml#id(IS1008c.B.sil1817)..id(IS1008c.B.sil1844)"/>
   </segment>
   <segment nite:id="IS1008c.B.asg.57337" participant="f1038">
      <nite:child href="IS1008c.B.words.xml#id(IS1008c.B.sil1845)..id(IS1008c.B.sil1851)"/>
   </segment>
   <segment nite:id="IS1008c.B.asg.57338" participant="f1038">
      <nite:child href="IS1008c.B.words.xml#id(IS1008c.B.sil1852)..id(IS1008c.B.sil1872)"/>
   </segment>
   <segment nite:id="IS1008c.B.asg.57339" participant="f1038">
      <nite:child href="IS1008c.B.words.xml#id(IS1008c.B.sil1873)..id(IS1008c.B.sil1877)"/>
   </segment>
   <segment nite:id="IS1008c.B.asg.57340" participant="f1038">
      <nite:child href="IS1008c.B.words.xml#id(IS1008c.B.sil1878)..id(IS1008c.B.sil1881)"/>
   </segment>
   <segment nite:id="IS1008c.B.asg.57341" participant="f1038">
      <nite:child href="IS1008c.B.words.xml#id(IS1008c.B.sil1882)..id(IS1008c.B.sil1884)"/>
   </segment>
   <segment nite:id="IS1008c.B.asg.57342" participant="f1038">
      <nite:child href="IS1008c.B.words.xml#id(IS1008c.B.sil1885)..id(IS1008c.B.sil1899)"/>
   </segment>
   <segment nite:id="IS1008c.B.asg.57343" participant="f1038">
      <nite:child href="IS1008c.B.words.xml#id(IS1008c.B.sil1900)..id(IS1008c.B.sil1903)"/>
   </segment>
   <segment nite:id="IS1008c.B.asg.57344" participant="f1038">
      <nite:child href="IS1008c.B.words.xml#id(IS1008c.B.sil1904)..id(IS1008c.B.sil1906)"/>
   </segment>
   <segment nite:id="IS1008c.B.asg.57345" participant="f1038">
      <nite:child href="IS1008c.B.words.xml#id(IS1008c.B.sil1907)..id(IS1008c.B.sil1916)"/>
   </segment>
   <segment nite:id="IS1008c.B.asg.57346" participant="f1038">
      <nite:child href="IS1008c.B.words.xml#id(IS1008c.B.sil1917)..id(IS1008c.B.sil1932)"/>
   </segment>
   <segment nite:id="IS1008c.B.asg.57347" participant="f1038">
      <nite:child href="IS1008c.B.words.xml#id(IS1008c.B.sil1933)..id(IS1008c.B.sil1945)"/>
   </segment>
   <segment nite:id="IS1008c.B.asg.57348" participant="f1038">
      <nite:child href="IS1008c.B.words.xml#id(IS1008c.B.sil1946)..id(IS1008c.B.sil1955)"/>
   </segment>
   <segment nite:id="IS1008c.B.asg.57349" participant="f1038">
      <nite:child href="IS1008c.B.words.xml#id(IS1008c.B.sil1956)..id(IS1008c.B.sil1960)"/>
   </segment>
   <segment nite:id="IS1008c.B.asg.57350" participant="f1038">
      <nite:child href="IS1008c.B.words.xml#id(IS1008c.B.sil1961)..id(IS1008c.B.sil1963)"/>
   </segment>
   <segment nite:id="IS1008c.B.asg.57351" participant="f1038">
      <nite:child href="IS1008c.B.words.xml#id(IS1008c.B.sil1964)..id(IS1008c.B.sil1969)"/>
   </segment>
   <segment nite:id="IS1008c.B.asg.57352" participant="f1038">
      <nite:child href="IS1008c.B.words.xml#id(IS1008c.B.sil1970)..id(IS1008c.B.sil1977)"/>
   </segment>
   <segment nite:id="IS1008c.B.asg.57353" participant="f1038">
      <nite:child href="IS1008c.B.words.xml#id(IS1008c.B.sil1978)..id(IS1008c.B.sil1983)"/>
   </segment>
   <segment nite:id="IS1008c.B.asg.57354" participant="f1038">
      <nite:child href="IS1008c.B.words.xml#id(IS1008c.B.sil1984)..id(IS1008c.B.sil1986)"/>
   </segment>
   <segment nite:id="IS1008c.B.asg.57355" participant="f1038">
      <nite:child href="IS1008c.B.words.xml#id(IS1008c.B.sil1987)..id(IS1008c.B.sil1990)"/>
   </segment>
   <segment nite:id="IS1008c.B.asg.57356" participant="f1038">
      <nite:child href="IS1008c.B.words.xml#id(IS1008c.B.sil1991)..id(IS1008c.B.sil1996)"/>
   </segment>
   <segment nite:id="IS1008c.B.asg.57357" participant="f1038">
      <nite:child href="IS1008c.B.words.xml#id(IS1008c.B.sil1997)..id(IS1008c.B.sil2016)"/>
   </segment>
   <segment nite:id="IS1008c.B.asg.57358" participant="f1038">
      <nite:child href="IS1008c.B.words.xml#id(IS1008c.B.sil2017)..id(IS1008c.B.sil2027)"/>
   </segment>
   <segment nite:id="IS1008c.B.asg.57359" participant="f1038">
      <nite:child href="IS1008c.B.words.xml#id(IS1008c.B.sil2028)..id(IS1008c.B.sil2046)"/>
   </segment>
   <segment nite:id="IS1008c.B.asg.57360" participant="f1038">
      <nite:child href="IS1008c.B.words.xml#id(IS1008c.B.sil2047)..id(IS1008c.B.sil2073)"/>
   </segment>
   <segment nite:id="IS1008c.B.asg.57361" participant="f1038">
      <nite:child href="IS1008c.B.words.xml#id(IS1008c.B.sil2074)..id(IS1008c.B.sil2083)"/>
   </segment>
   <segment nite:id="IS1008c.B.asg.57362" participant="f1038">
      <nite:child href="IS1008c.B.words.xml#id(IS1008c.B.sil2084)..id(IS1008c.B.sil2112)"/>
   </segment>
   <segment nite:id="IS1008c.B.asg.57363" participant="f1038">
      <nite:child href="IS1008c.B.words.xml#id(IS1008c.B.sil2113)..id(IS1008c.B.sil2118)"/>
   </segment>
   <segment nite:id="IS1008c.B.asg.57364" participant="f1038">
      <nite:child href="IS1008c.B.words.xml#id(IS1008c.B.sil2119)..id(IS1008c.B.sil2152)"/>
   </segment>
   <segment nite:id="IS1008c.B.asg.57365" participant="f1038">
      <nite:child href="IS1008c.B.words.xml#id(IS1008c.B.sil2153)..id(IS1008c.B.sil2160)"/>
   </segment>
   <segment nite:id="IS1008c.B.asg.57366" participant="f1038">
      <nite:child href="IS1008c.B.words.xml#id(IS1008c.B.sil2161)..id(IS1008c.B.sil2173)"/>
   </segment>
   <segment nite:id="IS1008c.B.asg.57367" participant="f1038">
      <nite:child href="IS1008c.B.words.xml#id(IS1008c.B.sil2174)..id(IS1008c.B.sil2198)"/>
   </segment>
   <segment nite:id="IS1008c.B.asg.57368" participant="f1038">
      <nite:child href="IS1008c.B.words.xml#id(IS1008c.B.sil2199)..id(IS1008c.B.sil2224)"/>
   </segment>
   <segment nite:id="IS1008c.B.asg.57369" participant="f1038">
      <nite:child href="IS1008c.B.words.xml#id(IS1008c.B.sil2225)..id(IS1008c.B.sil2249)"/>
   </segment>
   <segment nite:id="IS1008c.B.asg.57370" participant="f1038">
      <nite:child href="IS1008c.B.words.xml#id(IS1008c.B.sil2250)..id(IS1008c.B.sil2253)"/>
   </segment>
   <segment nite:id="IS1008c.B.asg.57371" participant="f1038">
      <nite:child href="IS1008c.B.words.xml#id(IS1008c.B.sil2254)..id(IS1008c.B.sil2275)"/>
   </segment>
   <segment nite:id="IS1008c.B.asg.57372" participant="f1038">
      <nite:child href="IS1008c.B.words.xml#id(IS1008c.B.sil2276)..id(IS1008c.B.sil2291)"/>
   </segment>
   <segment nite:id="IS1008c.B.asg.57373" participant="f1038">
      <nite:child href="IS1008c.B.words.xml#id(IS1008c.B.sil2292)..id(IS1008c.B.sil2308)"/>
   </segment>
   <segment nite:id="IS1008c.B.asg.57374" participant="f1038">
      <nite:child href="IS1008c.B.words.xml#id(IS1008c.B.sil2309)..id(IS1008c.B.sil2311)"/>
   </segment>
   <segment nite:id="IS1008c.B.asg.57375" participant="f1038">
      <nite:child href="IS1008c.B.words.xml#id(IS1008c.B.sil2312)..id(IS1008c.B.sil2318)"/>
   </segment>
   <segment nite:id="IS1008c.B.asg.57376" participant="f1038">
      <nite:child href="IS1008c.B.words.xml#id(IS1008c.B.sil2319)..id(IS1008c.B.sil2331)"/>
   </segment>
   <segment nite:id="IS1008c.B.asg.57377" participant="f1038">
      <nite:child href="IS1008c.B.words.xml#id(IS1008c.B.sil2332)..id(IS1008c.B.sil2351)"/>
   </segment>
   <segment nite:id="IS1008c.B.asg.57378" participant="f1038">
      <nite:child href="IS1008c.B.words.xml#id(IS1008c.B.sil2352)..id(IS1008c.B.sil2365)"/>
   </segment>
   <segment nite:id="IS1008c.B.asg.57379" participant="f1038">
      <nite:child href="IS1008c.B.words.xml#id(IS1008c.B.sil2366)..id(IS1008c.B.sil2391)"/>
   </segment>
   <segment nite:id="IS1008c.B.asg.57380" participant="f1038">
      <nite:child href="IS1008c.B.words.xml#id(IS1008c.B.sil2392)..id(IS1008c.B.sil2405)"/>
   </segment>
   <segment nite:id="IS1008c.B.asg.57381" participant="f1038">
      <nite:child href="IS1008c.B.words.xml#id(IS1008c.B.sil2406)..id(IS1008c.B.sil2409)"/>
   </segment>
   <segment nite:id="IS1008c.B.asg.57382" participant="f1038">
      <nite:child href="IS1008c.B.words.xml#id(IS1008c.B.sil2410)..id(IS1008c.B.sil2412)"/>
   </segment>
   <segment nite:id="IS1008c.B.asg.57383" participant="f1038">
      <nite:child href="IS1008c.B.words.xml#id(IS1008c.B.sil2413)..id(IS1008c.B.sil2444)"/>
   </segment>
   <segment nite:id="IS1008c.B.asg.57384" participant="f1038">
      <nite:child href="IS1008c.B.words.xml#id(IS1008c.B.sil2445)..id(IS1008c.B.sil2455)"/>
   </segment>
   <segment nite:id="IS1008c.B.asg.57385" participant="f1038">
      <nite:child href="IS1008c.B.words.xml#id(IS1008c.B.sil2456)..id(IS1008c.B.sil2459)"/>
   </segment>
   <segment nite:id="IS1008c.B.asg.57386" participant="f1038">
      <nite:child href="IS1008c.B.words.xml#id(IS1008c.B.sil2460)..id(IS1008c.B.sil2463)"/>
   </segment>
   <segment nite:id="IS1008c.B.asg.57387" participant="f1038">
      <nite:child href="IS1008c.B.words.xml#id(IS1008c.B.sil2464)..id(IS1008c.B.sil2478)"/>
   </segment>
   <segment nite:id="IS1008c.B.asg.57388" participant="f1038">
      <nite:child href="IS1008c.B.words.xml#id(IS1008c.B.sil2479)..id(IS1008c.B.sil2484)"/>
   </segment>
   <segment nite:id="IS1008c.B.asg.57389" participant="f1038">
      <nite:child href="IS1008c.B.words.xml#id(IS1008c.B.sil2485)..id(IS1008c.B.sil2491)"/>
   </segment>
   <segment nite:id="IS1008c.B.asg.57390" participant="f1038">
      <nite:child href="IS1008c.B.words.xml#id(IS1008c.B.sil2492)..id(IS1008c.B.sil2501)"/>
   </segment>
   <segment nite:id="IS1008c.B.asg.57391" participant="f1038">
      <nite:child href="IS1008c.B.words.xml#id(IS1008c.B.sil2502)..id(IS1008c.B.sil2527)"/>
   </segment>
   <segment nite:id="IS1008c.B.asg.57392" participant="f1038">
      <nite:child href="IS1008c.B.words.xml#id(IS1008c.B.sil2528)..id(IS1008c.B.sil2530)"/>
   </segment>
   <segment nite:id="IS1008c.B.asg.57393" participant="f1038">
      <nite:child href="IS1008c.B.words.xml#id(IS1008c.B.sil2531)..id(IS1008c.B.sil2536)"/>
   </segment>
   <segment nite:id="IS1008c.B.asg.57394" participant="f1038">
      <nite:child href="IS1008c.B.words.xml#id(IS1008c.B.sil2537)..id(IS1008c.B.sil2551)"/>
   </segment>
   <segment nite:id="IS1008c.B.asg.57395" participant="f1038">
      <nite:child href="IS1008c.B.words.xml#id(IS1008c.B.sil2552)..id(IS1008c.B.sil2555)"/>
   </segment>
   <segment nite:id="IS1008c.B.asg.57396" participant="f1038">
      <nite:child href="IS1008c.B.words.xml#id(IS1008c.B.sil2556)..id(IS1008c.B.sil2562)"/>
   </segment>
   <segment nite:id="IS1008c.B.asg.57397" participant="f1038">
      <nite:child href="IS1008c.B.words.xml#id(IS1008c.B.sil2563)..id(IS1008c.B.sil2568)"/>
   </segment>
   <segment nite:id="IS1008c.B.asg.57398" participant="f1038">
      <nite:child href="IS1008c.B.words.xml#id(IS1008c.B.sil2569)..id(IS1008c.B.sil2592)"/>
   </segment>
   <segment nite:id="IS1008c.B.asg.57399" participant="f1038">
      <nite:child href="IS1008c.B.words.xml#id(IS1008c.B.sil2593)..id(IS1008c.B.sil2610)"/>
   </segment>
   <segment nite:id="IS1008c.B.asg.57400" participant="f1038">
      <nite:child href="IS1008c.B.words.xml#id(IS1008c.B.sil2611)..id(IS1008c.B.sil2624)"/>
   </segment>
   <segment nite:id="IS1008c.B.asg.57401" participant="f1038">
      <nite:child href="IS1008c.B.words.xml#id(IS1008c.B.sil2625)..id(IS1008c.B.sil2631)"/>
   </segment>
   <segment nite:id="IS1008c.B.asg.57402" participant="f1038">
      <nite:child href="IS1008c.B.words.xml#id(IS1008c.B.sil2632)..id(IS1008c.B.sil2639)"/>
   </segment>
   <segment nite:id="IS1008c.B.asg.57403" participant="f1038">
      <nite:child href="IS1008c.B.words.xml#id(IS1008c.B.sil2640)..id(IS1008c.B.sil2642)"/>
   </segment>
   <segment nite:id="IS1008c.B.asg.57404" participant="f1038">
      <nite:child href="IS1008c.B.words.xml#id(IS1008c.B.sil2643)..id(IS1008c.B.sil2645)"/>
   </segment>
   <segment nite:id="IS1008c.B.asg.57405" participant="f1038">
      <nite:child href="IS1008c.B.words.xml#id(IS1008c.B.sil2646)..id(IS1008c.B.sil2670)"/>
   </segment>
   <segment nite:id="IS1008c.B.asg.57406" participant="f1038">
      <nite:child href="IS1008c.B.words.xml#id(IS1008c.B.sil2671)..id(IS1008c.B.sil2685)"/>
   </segment>
   <segment nite:id="IS1008c.B.asg.57407" participant="f1038">
      <nite:child href="IS1008c.B.words.xml#id(IS1008c.B.sil2686)..id(IS1008c.B.sil2703)"/>
   </segment>
   <segment nite:id="IS1008c.B.asg.57408" participant="f1038">
      <nite:child href="IS1008c.B.words.xml#id(IS1008c.B.sil2704)..id(IS1008c.B.sil2719)"/>
   </segment>
   <segment nite:id="IS1008c.B.asg.57409" participant="f1038">
      <nite:child href="IS1008c.B.words.xml#id(IS1008c.B.sil2720)..id(IS1008c.B.sil2728)"/>
   </segment>
   <segment nite:id="IS1008c.B.asg.57410" participant="f1038">
      <nite:child href="IS1008c.B.words.xml#id(IS1008c.B.sil2729)..id(IS1008c.B.sil2740)"/>
   </segment>
   <segment nite:id="IS1008c.B.asg.57411" participant="f1038">
      <nite:child href="IS1008c.B.words.xml#id(IS1008c.B.sil2741)..id(IS1008c.B.sil2746)"/>
   </segment>
   <segment nite:id="IS1008c.B.asg.57412" participant="f1038">
      <nite:child href="IS1008c.B.words.xml#id(IS1008c.B.sil2747)..id(IS1008c.B.sil2752)"/>
   </segment>
   <segment nite:id="IS1008c.B.asg.57413" participant="f1038">
      <nite:child href="IS1008c.B.words.xml#id(IS1008c.B.sil2753)..id(IS1008c.B.sil2768)"/>
   </segment>
   <segment nite:id="IS1008c.B.asg.57414" participant="f1038">
      <nite:child href="IS1008c.B.words.xml#id(IS1008c.B.sil2769)..id(IS1008c.B.sil2777)"/>
   </segment>
   <segment nite:id="IS1008c.B.asg.57415" participant="f1038">
      <nite:child href="IS1008c.B.words.xml#id(IS1008c.B.sil2778)..id(IS1008c.B.sil2790)"/>
   </segment>
   <segment nite:id="IS1008c.B.asg.57416" participant="f1038">
      <nite:child href="IS1008c.B.words.xml#id(IS1008c.B.sil2791)..id(IS1008c.B.sil2803)"/>
   </segment>
   <segment nite:id="IS1008c.B.asg.57417" participant="f1038">
      <nite:child href="IS1008c.B.words.xml#id(IS1008c.B.sil2804)..id(IS1008c.B.sil2831)"/>
   </segment>
   <segment nite:id="IS1008c.B.asg.57418" participant="f1038">
      <nite:child href="IS1008c.B.words.xml#id(IS1008c.B.sil2832)..id(IS1008c.B.sil2843)"/>
   </segment>
   <segment nite:id="IS1008c.B.asg.57419" participant="f1038">
      <nite:child href="IS1008c.B.words.xml#id(IS1008c.B.sil2844)..id(IS1008c.B.sil2861)"/>
   </segment>
   <segment nite:id="IS1008c.B.asg.57420" participant="f1038">
      <nite:child href="IS1008c.B.words.xml#id(IS1008c.B.sil2862)..id(IS1008c.B.sil2875)"/>
   </segment>
   <segment nite:id="IS1008c.B.asg.57421" participant="f1038">
      <nite:child href="IS1008c.B.words.xml#id(IS1008c.B.sil2876)..id(IS1008c.B.sil2878)"/>
   </segment>
   <segment nite:id="IS1008c.B.asg.57422" participant="f1038">
      <nite:child href="IS1008c.B.words.xml#id(IS1008c.B.sil2879)..id(IS1008c.B.sil2881)"/>
   </segment>
   <segment nite:id="IS1008c.B.asg.57423" participant="f1038">
      <nite:child href="IS1008c.B.words.xml#id(IS1008c.B.sil2882)..id(IS1008c.B.sil2884)"/>
   </segment>
   <segment nite:id="IS1008c.B.asg.57424" participant="f1038">
      <nite:child href="IS1008c.B.words.xml#id(IS1008c.B.sil2885)..id(IS1008c.B.sil2896)"/>
   </segment>
   <segment nite:id="IS1008c.B.asg.57425" participant="f1038">
      <nite:child href="IS1008c.B.words.xml#id(IS1008c.B.sil2897)..id(IS1008c.B.sil2899)"/>
   </segment>
   <segment nite:id="IS1008c.B.asg.57426" participant="f1038">
      <nite:child href="IS1008c.B.words.xml#id(IS1008c.B.sil2900)..id(IS1008c.B.sil2903)"/>
   </segment>
   <segment nite:id="IS1008c.B.asg.57427" participant="f1038">
      <nite:child href="IS1008c.B.words.xml#id(IS1008c.B.sil2904)..id(IS1008c.B.sil2916)"/>
   </segment>
   <segment nite:id="IS1008c.B.asg.57428" participant="f1038">
      <nite:child href="IS1008c.B.words.xml#id(IS1008c.B.sil2917)..id(IS1008c.B.sil2919)"/>
   </segment>
   <segment nite:id="IS1008c.B.asg.57429" participant="f1038">
      <nite:child href="IS1008c.B.words.xml#id(IS1008c.B.sil2920)..id(IS1008c.B.sil2941)"/>
   </segment>
   <segment nite:id="IS1008c.B.asg.57430" participant="f1038">
      <nite:child href="IS1008c.B.words.xml#id(IS1008c.B.sil2942)..id(IS1008c.B.sil2950)"/>
   </segment>
   <segment nite:id="IS1008c.B.asg.57431" participant="f1038">
      <nite:child href="IS1008c.B.words.xml#id(IS1008c.B.sil2951)..id(IS1008c.B.sil2955)"/>
   </segment>
   <segment nite:id="IS1008c.B.asg.57432" participant="f1038">
      <nite:child href="IS1008c.B.words.xml#id(IS1008c.B.sil2956)..id(IS1008c.B.sil2958)"/>
   </segment>
   <segment nite:id="IS1008c.B.asg.57433" participant="f1038">
      <nite:child href="IS1008c.B.words.xml#id(IS1008c.B.sil2959)..id(IS1008c.B.sil2965)"/>
   </segment>
   <segment nite:id="IS1008c.B.asg.57434" participant="f1038">
      <nite:child href="IS1008c.B.words.xml#id(IS1008c.B.sil2966)..id(IS1008c.B.sil2972)"/>
   </segment>
   <segment nite:id="IS1008c.B.asg.57435" participant="f1038">
      <nite:child href="IS1008c.B.words.xml#id(IS1008c.B.sil2973)..id(IS1008c.B.sil2976)"/>
   </segment>
   <segment nite:id="IS1008c.B.asg.57436" participant="f1038">
      <nite:child href="IS1008c.B.words.xml#id(IS1008c.B.sil2977)..id(IS1008c.B.sil2979)"/>
   </segment>
   <segment nite:id="IS1008c.B.asg.57437" participant="f1038">
      <nite:child href="IS1008c.B.words.xml#id(IS1008c.B.sil2980)..id(IS1008c.B.sil2984)"/>
   </segment>
   <segment nite:id="IS1008c.B.asg.57438" participant="f1038">
      <nite:child href="IS1008c.B.words.xml#id(IS1008c.B.sil2985)..id(IS1008c.B.sil2987)"/>
   </segment>
   <segment nite:id="IS1008c.B.asg.57439" participant="f1038">
      <nite:child href="IS1008c.B.words.xml#id(IS1008c.B.sil2988)..id(IS1008c.B.sil3022)"/>
   </segment>
   <segment nite:id="IS1008c.B.asg.57440" participant="f1038">
      <nite:child href="IS1008c.B.words.xml#id(IS1008c.B.sil3023)..id(IS1008c.B.sil3033)"/>
   </segment>
   <segment nite:id="IS1008c.B.asg.57441" participant="f1038">
      <nite:child href="IS1008c.B.words.xml#id(IS1008c.B.sil3034)..id(IS1008c.B.sil3036)"/>
   </segment>
   <segment nite:id="IS1008c.B.asg.57442" participant="f1038">
      <nite:child href="IS1008c.B.words.xml#id(IS1008c.B.sil3037)..id(IS1008c.B.sil3045)"/>
   </segment>
   <segment nite:id="IS1008c.B.asg.57443" participant="f1038">
      <nite:child href="IS1008c.B.words.xml#id(IS1008c.B.sil3046)..id(IS1008c.B.sil3053)"/>
   </segment>
   <segment nite:id="IS1008c.B.asg.57444" participant="f1038">
      <nite:child href="IS1008c.B.words.xml#id(IS1008c.B.sil3054)..id(IS1008c.B.sil3071)"/>
   </segment>
   <segment nite:id="IS1008c.B.asg.57445" participant="f1038">
      <nite:child href="IS1008c.B.words.xml#id(IS1008c.B.sil3072)..id(IS1008c.B.sil3088)"/>
   </segment>
   <segment nite:id="IS1008c.B.asg.57446" participant="f1038">
      <nite:child href="IS1008c.B.words.xml#id(IS1008c.B.sil3089)..id(IS1008c.B.sil3106)"/>
   </segment>
   <segment nite:id="IS1008c.B.asg.57447" participant="f1038">
      <nite:child href="IS1008c.B.words.xml#id(IS1008c.B.sil3107)..id(IS1008c.B.sil3113)"/>
   </segment>
   <segment nite:id="IS1008c.B.asg.57448" participant="f1038">
      <nite:child href="IS1008c.B.words.xml#id(IS1008c.B.sil3114)..id(IS1008c.B.sil3125)"/>
   </segment>
   <segment nite:id="IS1008c.B.asg.57449" participant="f1038">
      <nite:child href="IS1008c.B.words.xml#id(IS1008c.B.sil3126)..id(IS1008c.B.sil3133)"/>
   </segment>
   <segment nite:id="IS1008c.B.asg.57450" participant="f1038">
      <nite:child href="IS1008c.B.words.xml#id(IS1008c.B.sil3134)..id(IS1008c.B.sil3146)"/>
   </segment>
   <segment nite:id="IS1008c.B.asg.57451" participant="f1038">
      <nite:child href="IS1008c.B.words.xml#id(IS1008c.B.sil3147)..id(IS1008c.B.sil3155)"/>
   </segment>
   <segment nite:id="IS1008c.B.asg.57452" participant="f1038">
      <nite:child href="IS1008c.B.words.xml#id(IS1008c.B.sil3156)..id(IS1008c.B.sil3158)"/>
   </segment>
   <segment nite:id="IS1008c.B.asg.57453" participant="f1038">
      <nite:child href="IS1008c.B.words.xml#id(IS1008c.B.sil3159)..id(IS1008c.B.sil3163)"/>
   </segment>
   <segment nite:id="IS1008c.B.asg.57454" participant="f1038">
      <nite:child href="IS1008c.B.words.xml#id(IS1008c.B.sil3164)..id(IS1008c.B.sil3167)"/>
   </segment>
   <segment nite:id="IS1008c.B.asg.57455" participant="f1038">
      <nite:child href="IS1008c.B.words.xml#id(IS1008c.B.sil3168)..id(IS1008c.B.sil3176)"/>
   </segment>
   <segment nite:id="IS1008c.B.asg.57456" participant="f1038">
      <nite:child href="IS1008c.B.words.xml#id(IS1008c.B.sil3177)..id(IS1008c.B.sil3179)"/>
   </segment>
   <segment nite:id="IS1008c.B.asg.57457" participant="f1038">
      <nite:child href="IS1008c.B.words.xml#id(IS1008c.B.sil3180)..id(IS1008c.B.sil3182)"/>
   </segment>
   <segment nite:id="IS1008c.B.asg.57458" participant="f1038">
      <nite:child href="IS1008c.B.words.xml#id(IS1008c.B.sil3183)..id(IS1008c.B.sil3185)"/>
   </segment>
</nite:root>