<?xml version="1.0" encoding="ISO-8859-1" standalone="yes"?>
<nite:root nite:id="IS1008c.C.aseg" xmlns:nite="http://nite.sourceforge.net/">
   <segment nite:id="IS1008c.C.asg.57459" participant="f1073">
      <nite:child href="IS1008c.C.words.xml#id(IS1008c.C.sil3186)..id(IS1008c.C.sil3188)"/>
   </segment>
   <segment nite:id="IS1008c.C.asg.57460" participant="f1073">
      <nite:child href="IS1008c.C.words.xml#id(IS1008c.C.sil3189)..id(IS1008c.C.sil3199)"/>
   </segment>
   <segment nite:id="IS1008c.C.asg.57461" participant="f1073">
      <nite:child href="IS1008c.C.words.xml#id(IS1008c.C.sil3200)..id(IS1008c.C.sil3204)"/>
   </segment>
   <segment nite:id="IS1008c.C.asg.57462" participant="f1073">
      <nite:child href="IS1008c.C.words.xml#id(IS1008c.C.sil3205)..id(IS1008c.C.sil3208)"/>
   </segment>
   <segment nite:id="IS1008c.C.asg.57463" participant="f1073">
      <nite:child href="IS1008c.C.words.xml#id(IS1008c.C.sil3209)..id(IS1008c.C.sil3211)"/>
   </segment>
   <segment nite:id="IS1008c.C.asg.57464" participant="f1073">
      <nite:child href="IS1008c.C.words.xml#id(IS1008c.C.sil3212)..id(IS1008c.C.sil3220)"/>
   </segment>
   <segment nite:id="IS1008c.C.asg.57465" participant="f1073">
      <nite:child href="IS1008c.C.words.xml#id(IS1008c.C.sil3221)..id(IS1008c.C.sil3224)"/>
   </segment>
   <segment nite:id="IS1008c.C.asg.57466" participant="f1073">
      <nite:child href="IS1008c.C.words.xml#id(IS1008c.C.sil3225)..id(IS1008c.C.sil3232)"/>
   </segment>
   <segment nite:id="IS1008c.C.asg.57467" participant="f1073">
      <nite:child href="IS1008c.C.words.xml#id(IS1008c.C.sil3233)..id(IS1008c.C.sil3236)"/>
   </segment>
   <segment nite:id="IS1008c.C.asg.57468" participant="f1073">
      <nite:child href="IS1008c.C.words.xml#id(IS1008c.C.sil3237)..id(IS1008c.C.sil3240)"/>
   </segment>
   <segment nite:id="IS1008c.C.asg.57469" participant="f1073">
      <nite:child href="IS1008c.C.words.xml#id(IS1008c.C.sil3241)..id(IS1008c.C.sil3245)"/>
   </segment>
   <segment nite:id="IS1008c.C.asg.57470" participant="f1073">
      <nite:child href="IS1008c.C.words.xml#id(IS1008c.C.sil3246)..id(IS1008c.C.sil3260)"/>
   </segment>
   <segment nite:id="IS1008c.C.asg.57471" participant="f1073">
      <nite:child href="IS1008c.C.words.xml#id(IS1008c.C.sil3261)..id(IS1008c.C.sil3268)"/>
   </segment>
   <segment nite:id="IS1008c.C.asg.57472" participant="f1073">
      <nite:child href="IS1008c.C.words.xml#id(IS1008c.C.sil3269)..id(IS1008c.C.sil3278)"/>
   </segment>
   <segment nite:id="IS1008c.C.asg.57473" participant="f1073">
      <nite:child href="IS1008c.C.words.xml#id(IS1008c.C.sil3279)..id(IS1008c.C.sil3310)"/>
   </segment>
   <segment nite:id="IS1008c.C.asg.57474" participant="f1073">
      <nite:child href="IS1008c.C.words.xml#id(IS1008c.C.sil3311)..id(IS1008c.C.sil3314)"/>
   </segment>
   <segment nite:id="IS1008c.C.asg.57475" participant="f1073">
      <nite:child href="IS1008c.C.words.xml#id(IS1008c.C.sil3315)..id(IS1008c.C.sil3321)"/>
   </segment>
   <segment nite:id="IS1008c.C.asg.57476" participant="f1073">
      <nite:child href="IS1008c.C.words.xml#id(IS1008c.C.sil3322)..id(IS1008c.C.sil3334)"/>
   </segment>
   <segment nite:id="IS1008c.C.asg.57477" participant="f1073">
      <nite:child href="IS1008c.C.words.xml#id(IS1008c.C.sil3335)..id(IS1008c.C.sil3352)"/>
   </segment>
   <segment nite:id="IS1008c.C.asg.57478" participant="f1073">
      <nite:child href="IS1008c.C.words.xml#id(IS1008c.C.sil3353)..id(IS1008c.C.sil3360)"/>
   </segment>
   <segment nite:id="IS1008c.C.asg.57479" participant="f1073">
      <nite:child href="IS1008c.C.words.xml#id(IS1008c.C.sil3361)..id(IS1008c.C.sil3379)"/>
   </segment>
   <segment nite:id="IS1008c.C.asg.57480" participant="f1073">
      <nite:child href="IS1008c.C.words.xml#id(IS1008c.C.sil3380)..id(IS1008c.C.sil3390)"/>
   </segment>
   <segment nite:id="IS1008c.C.asg.57481" participant="f1073">
      <nite:child href="IS1008c.C.words.xml#id(IS1008c.C.sil3391)..id(IS1008c.C.sil3394)"/>
   </segment>
   <segment nite:id="IS1008c.C.asg.57482" participant="f1073">
      <nite:child href="IS1008c.C.words.xml#id(IS1008c.C.sil3395)..id(IS1008c.C.sil3397)"/>
   </segment>
   <segment nite:id="IS1008c.C.asg.57483" participant="f1073">
      <nite:child href="IS1008c.C.words.xml#id(IS1008c.C.sil3398)..id(IS1008c.C.sil3418)"/>
   </segment>
   <segment nite:id="IS1008c.C.asg.57484" participant="f1073">
      <nite:child href="IS1008c.C.words.xml#id(IS1008c.C.sil3419)..id(IS1008c.C.sil3425)"/>
   </segment>
   <segment nite:id="IS1008c.C.asg.57485" participant="f1073">
      <nite:child href="IS1008c.C.words.xml#id(IS1008c.C.sil3426)..id(IS1008c.C.sil3441)"/>
   </segment>
   <segment nite:id="IS1008c.C.asg.57486" participant="f1073">
      <nite:child href="IS1008c.C.words.xml#id(IS1008c.C.sil3442)..id(IS1008c.C.sil3445)"/>
   </segment>
   <segment nite:id="IS1008c.C.asg.57487" participant="f1073">
      <nite:child href="IS1008c.C.words.xml#id(IS1008c.C.sil3446)..id(IS1008c.C.sil3479)"/>
   </segment>
   <segment nite:id="IS1008c.C.asg.57488" participant="f1073">
      <nite:child href="IS1008c.C.words.xml#id(IS1008c.C.sil3480)..id(IS1008c.C.sil3486)"/>
   </segment>
   <segment nite:id="IS1008c.C.asg.57489" participant="f1073">
      <nite:child href="IS1008c.C.words.xml#id(IS1008c.C.sil3487)..id(IS1008c.C.sil3519)"/>
   </segment>
   <segment nite:id="IS1008c.C.asg.57490" participant="f1073">
      <nite:child href="IS1008c.C.words.xml#id(IS1008c.C.sil3520)..id(IS1008c.C.sil3537)"/>
   </segment>
   <segment nite:id="IS1008c.C.asg.57491" participant="f1073">
      <nite:child href="IS1008c.C.words.xml#id(IS1008c.C.sil3538)..id(IS1008c.C.sil3545)"/>
   </segment>
   <segment nite:id="IS1008c.C.asg.57492" participant="f1073">
      <nite:child href="IS1008c.C.words.xml#id(IS1008c.C.sil3546)..id(IS1008c.C.sil3557)"/>
   </segment>
   <segment nite:id="IS1008c.C.asg.57493" participant="f1073">
      <nite:child href="IS1008c.C.words.xml#id(IS1008c.C.sil3558)..id(IS1008c.C.sil3574)"/>
   </segment>
   <segment nite:id="IS1008c.C.asg.57494" participant="f1073">
      <nite:child href="IS1008c.C.words.xml#id(IS1008c.C.sil3575)..id(IS1008c.C.sil3582)"/>
   </segment>
   <segment nite:id="IS1008c.C.asg.57495" participant="f1073">
      <nite:child href="IS1008c.C.words.xml#id(IS1008c.C.sil3583)..id(IS1008c.C.sil3589)"/>
   </segment>
   <segment nite:id="IS1008c.C.asg.57496" participant="f1073">
      <nite:child href="IS1008c.C.words.xml#id(IS1008c.C.sil3590)..id(IS1008c.C.sil3620)"/>
   </segment>
   <segment nite:id="IS1008c.C.asg.57497" participant="f1073">
      <nite:child href="IS1008c.C.words.xml#id(IS1008c.C.sil3621)..id(IS1008c.C.sil3648)"/>
   </segment>
   <segment nite:id="IS1008c.C.asg.57498" participant="f1073">
      <nite:child href="IS1008c.C.words.xml#id(IS1008c.C.sil3649)..id(IS1008c.C.sil3654)"/>
   </segment>
   <segment nite:id="IS1008c.C.asg.57499" participant="f1073">
      <nite:child href="IS1008c.C.words.xml#id(IS1008c.C.sil3655)..id(IS1008c.C.sil3663)"/>
   </segment>
   <segment nite:id="IS1008c.C.asg.57500" participant="f1073">
      <nite:child href="IS1008c.C.words.xml#id(IS1008c.C.sil3664)..id(IS1008c.C.sil3677)"/>
   </segment>
   <segment nite:id="IS1008c.C.asg.57501" participant="f1073">
      <nite:child href="IS1008c.C.words.xml#id(IS1008c.C.sil3678)..id(IS1008c.C.sil3680)"/>
   </segment>
   <segment nite:id="IS1008c.C.asg.57502" participant="f1073">
      <nite:child href="IS1008c.C.words.xml#id(IS1008c.C.sil3681)..id(IS1008c.C.sil3686)"/>
   </segment>
   <segment nite:id="IS1008c.C.asg.57503" participant="f1073">
      <nite:child href="IS1008c.C.words.xml#id(IS1008c.C.sil3687)..id(IS1008c.C.sil3700)"/>
   </segment>
   <segment nite:id="IS1008c.C.asg.57504" participant="f1073">
      <nite:child href="IS1008c.C.words.xml#id(IS1008c.C.sil3701)..id(IS1008c.C.sil3707)"/>
   </segment>
   <segment nite:id="IS1008c.C.asg.57505" participant="f1073">
      <nite:child href="IS1008c.C.words.xml#id(IS1008c.C.sil3708)..id(IS1008c.C.sil3763)"/>
   </segment>
   <segment nite:id="IS1008c.C.asg.57506" participant="f1073">
      <nite:child href="IS1008c.C.words.xml#id(IS1008c.C.sil3764)..id(IS1008c.C.sil3773)"/>
   </segment>
   <segment nite:id="IS1008c.C.asg.57507" participant="f1073">
      <nite:child href="IS1008c.C.words.xml#id(IS1008c.C.sil3774)..id(IS1008c.C.sil3782)"/>
   </segment>
   <segment nite:id="IS1008c.C.asg.57508" participant="f1073">
      <nite:child href="IS1008c.C.words.xml#id(IS1008c.C.sil3783)..id(IS1008c.C.sil3790)"/>
   </segment>
   <segment nite:id="IS1008c.C.asg.57509" participant="f1073">
      <nite:child href="IS1008c.C.words.xml#id(IS1008c.C.sil3791)..id(IS1008c.C.sil3802)"/>
   </segment>
   <segment nite:id="IS1008c.C.asg.57510" participant="f1073">
      <nite:child href="IS1008c.C.words.xml#id(IS1008c.C.sil3803)..id(IS1008c.C.sil3834)"/>
   </segment>
   <segment nite:id="IS1008c.C.asg.57511" participant="f1073">
      <nite:child href="IS1008c.C.words.xml#id(IS1008c.C.sil3835)..id(IS1008c.C.sil3870)"/>
   </segment>
   <segment nite:id="IS1008c.C.asg.57512" participant="f1073">
      <nite:child href="IS1008c.C.words.xml#id(IS1008c.C.sil3871)..id(IS1008c.C.sil3876)"/>
   </segment>
   <segment nite:id="IS1008c.C.asg.57513" participant="f1073">
      <nite:child href="IS1008c.C.words.xml#id(IS1008c.C.sil3877)..id(IS1008c.C.sil3886)"/>
   </segment>
   <segment nite:id="IS1008c.C.asg.57514" participant="f1073">
      <nite:child href="IS1008c.C.words.xml#id(IS1008c.C.sil3887)..id(IS1008c.C.sil3906)"/>
   </segment>
   <segment nite:id="IS1008c.C.asg.57515" participant="f1073">
      <nite:child href="IS1008c.C.words.xml#id(IS1008c.C.sil3907)..id(IS1008c.C.sil3935)"/>
   </segment>
   <segment nite:id="IS1008c.C.asg.57516" participant="f1073">
      <nite:child href="IS1008c.C.words.xml#id(IS1008c.C.sil3936)..id(IS1008c.C.sil4027)"/>
   </segment>
   <segment nite:id="IS1008c.C.asg.57517" participant="f1073">
      <nite:child href="IS1008c.C.words.xml#id(IS1008c.C.sil4028)..id(IS1008c.C.sil4040)"/>
   </segment>
   <segment nite:id="IS1008c.C.asg.57518" participant="f1073">
      <nite:child href="IS1008c.C.words.xml#id(IS1008c.C.sil4041)..id(IS1008c.C.sil4055)"/>
   </segment>
   <segment nite:id="IS1008c.C.asg.57519" participant="f1073">
      <nite:child href="IS1008c.C.words.xml#id(IS1008c.C.sil4056)..id(IS1008c.C.sil4063)"/>
   </segment>
   <segment nite:id="IS1008c.C.asg.57520" participant="f1073">
      <nite:child href="IS1008c.C.words.xml#id(IS1008c.C.sil4064)..id(IS1008c.C.sil4069)"/>
   </segment>
   <segment nite:id="IS1008c.C.asg.57521" participant="f1073">
      <nite:child href="IS1008c.C.words.xml#id(IS1008c.C.sil4070)..id(IS1008c.C.sil4083)"/>
   </segment>
   <segment nite:id="IS1008c.C.asg.57522" participant="f1073">
      <nite:child href="IS1008c.C.words.xml#id(IS1008c.C.sil4084)..id(IS1008c.C.sil4108)"/>
   </segment>
   <segment nite:id="IS1008c.C.asg.57523" participant="f1073">
      <nite:child href="IS1008c.C.words.xml#id(IS1008c.C.sil4109)..id(IS1008c.C.sil4127)"/>
   </segment>
   <segment nite:id="IS1008c.C.asg.57524" participant="f1073">
      <nite:child href="IS1008c.C.words.xml#id(IS1008c.C.sil4128)..id(IS1008c.C.sil4140)"/>
   </segment>
   <segment nite:id="IS1008c.C.asg.57525" participant="f1073">
      <nite:child href="IS1008c.C.words.xml#id(IS1008c.C.sil4141)..id(IS1008c.C.sil4144)"/>
   </segment>
   <segment nite:id="IS1008c.C.asg.57526" participant="f1073">
      <nite:child href="IS1008c.C.words.xml#id(IS1008c.C.sil4145)..id(IS1008c.C.sil4152)"/>
   </segment>
   <segment nite:id="IS1008c.C.asg.57527" participant="f1073">
      <nite:child href="IS1008c.C.words.xml#id(IS1008c.C.sil4153)..id(IS1008c.C.sil4155)"/>
   </segment>
   <segment nite:id="IS1008c.C.asg.57528" participant="f1073">
      <nite:child href="IS1008c.C.words.xml#id(IS1008c.C.sil4156)..id(IS1008c.C.sil4158)"/>
   </segment>
   <segment nite:id="IS1008c.C.asg.57529" participant="f1073">
      <nite:child href="IS1008c.C.words.xml#id(IS1008c.C.sil4159)..id(IS1008c.C.sil4166)"/>
   </segment>
   <segment nite:id="IS1008c.C.asg.57530" participant="f1073">
      <nite:child href="IS1008c.C.words.xml#id(IS1008c.C.sil4167)..id(IS1008c.C.sil4179)"/>
   </segment>
   <segment nite:id="IS1008c.C.asg.57531" participant="f1073">
      <nite:child href="IS1008c.C.words.xml#id(IS1008c.C.sil4180)..id(IS1008c.C.sil4182)"/>
   </segment>
   <segment nite:id="IS1008c.C.asg.57532" participant="f1073">
      <nite:child href="IS1008c.C.words.xml#id(IS1008c.C.sil4183)..id(IS1008c.C.sil4186)"/>
   </segment>
   <segment nite:id="IS1008c.C.asg.57533" participant="f1073">
      <nite:child href="IS1008c.C.words.xml#id(IS1008c.C.sil4187)..id(IS1008c.C.sil4195)"/>
   </segment>
   <segment nite:id="IS1008c.C.asg.57534" participant="f1073">
      <nite:child href="IS1008c.C.words.xml#id(IS1008c.C.sil4196)..id(IS1008c.C.sil4200)"/>
   </segment>
   <segment nite:id="IS1008c.C.asg.57535" participant="f1073">
      <nite:child href="IS1008c.C.words.xml#id(IS1008c.C.sil4201)..id(IS1008c.C.sil4205)"/>
   </segment>
   <segment nite:id="IS1008c.C.asg.57536" participant="f1073">
      <nite:child href="IS1008c.C.words.xml#id(IS1008c.C.sil4206)..id(IS1008c.C.sil4215)"/>
   </segment>
   <segment nite:id="IS1008c.C.asg.57537" participant="f1073">
      <nite:child href="IS1008c.C.words.xml#id(IS1008c.C.sil4216)..id(IS1008c.C.sil4220)"/>
   </segment>
   <segment nite:id="IS1008c.C.asg.57538" participant="f1073">
      <nite:child href="IS1008c.C.words.xml#id(IS1008c.C.sil4221)..id(IS1008c.C.sil4237)"/>
   </segment>
   <segment nite:id="IS1008c.C.asg.57539" participant="f1073">
      <nite:child href="IS1008c.C.words.xml#id(IS1008c.C.sil4238)..id(IS1008c.C.sil4259)"/>
   </segment>
   <segment nite:id="IS1008c.C.asg.57540" participant="f1073">
      <nite:child href="IS1008c.C.words.xml#id(IS1008c.C.sil4260)..id(IS1008c.C.sil4268)"/>
   </segment>
   <segment nite:id="IS1008c.C.asg.57541" participant="f1073">
      <nite:child href="IS1008c.C.words.xml#id(IS1008c.C.sil4269)..id(IS1008c.C.sil4271)"/>
   </segment>
   <segment nite:id="IS1008c.C.asg.57542" participant="f1073">
      <nite:child href="IS1008c.C.words.xml#id(IS1008c.C.sil4272)..id(IS1008c.C.sil4287)"/>
   </segment>
   <segment nite:id="IS1008c.C.asg.57543" participant="f1073">
      <nite:child href="IS1008c.C.words.xml#id(IS1008c.C.sil4288)..id(IS1008c.C.sil4303)"/>
   </segment>
   <segment nite:id="IS1008c.C.asg.57544" participant="f1073">
      <nite:child href="IS1008c.C.words.xml#id(IS1008c.C.sil4304)..id(IS1008c.C.sil4307)"/>
   </segment>
   <segment nite:id="IS1008c.C.asg.57545" participant="f1073">
      <nite:child href="IS1008c.C.words.xml#id(IS1008c.C.sil4308)..id(IS1008c.C.sil4319)"/>
   </segment>
   <segment nite:id="IS1008c.C.asg.57546" participant="f1073">
      <nite:child href="IS1008c.C.words.xml#id(IS1008c.C.sil4320)..id(IS1008c.C.sil4332)"/>
   </segment>
   <segment nite:id="IS1008c.C.asg.57547" participant="f1073">
      <nite:child href="IS1008c.C.words.xml#id(IS1008c.C.sil4333)..id(IS1008c.C.sil4336)"/>
   </segment>
   <segment nite:id="IS1008c.C.asg.57548" participant="f1073">
      <nite:child href="IS1008c.C.words.xml#id(IS1008c.C.sil4337)..id(IS1008c.C.sil4340)"/>
   </segment>
   <segment nite:id="IS1008c.C.asg.57549" participant="f1073">
      <nite:child href="IS1008c.C.words.xml#id(IS1008c.C.sil4341)..id(IS1008c.C.sil4343)"/>
   </segment>
   <segment nite:id="IS1008c.C.asg.57550" participant="f1073">
      <nite:child href="IS1008c.C.words.xml#id(IS1008c.C.sil4344)..id(IS1008c.C.sil4346)"/>
   </segment>
   <segment nite:id="IS1008c.C.asg.57551" participant="f1073">
      <nite:child href="IS1008c.C.words.xml#id(IS1008c.C.sil4347)..id(IS1008c.C.sil4350)"/>
   </segment>
   <segment nite:id="IS1008c.C.asg.57552" participant="f1073">
      <nite:child href="IS1008c.C.words.xml#id(IS1008c.C.sil4351)..id(IS1008c.C.sil4360)"/>
   </segment>
   <segment nite:id="IS1008c.C.asg.57553" participant="f1073">
      <nite:child href="IS1008c.C.words.xml#id(IS1008c.C.sil4361)..id(IS1008c.C.sil4364)"/>
   </segment>
   <segment nite:id="IS1008c.C.asg.57554" participant="f1073">
      <nite:child href="IS1008c.C.words.xml#id(IS1008c.C.sil4365)..id(IS1008c.C.sil4368)"/>
   </segment>
   <segment nite:id="IS1008c.C.asg.57555" participant="f1073">
      <nite:child href="IS1008c.C.words.xml#id(IS1008c.C.sil4369)..id(IS1008c.C.sil4372)"/>
   </segment>
   <segment nite:id="IS1008c.C.asg.57556" participant="f1073">
      <nite:child href="IS1008c.C.words.xml#id(IS1008c.C.sil4373)..id(IS1008c.C.sil4375)"/>
   </segment>
   <segment nite:id="IS1008c.C.asg.57557" participant="f1073">
      <nite:child href="IS1008c.C.words.xml#id(IS1008c.C.sil4376)..id(IS1008c.C.sil4379)"/>
   </segment>
   <segment nite:id="IS1008c.C.asg.57558" participant="f1073">
      <nite:child href="IS1008c.C.words.xml#id(IS1008c.C.sil4380)..id(IS1008c.C.sil4382)"/>
   </segment>
   <segment nite:id="IS1008c.C.asg.57559" participant="f1073">
      <nite:child href="IS1008c.C.words.xml#id(IS1008c.C.sil4383)..id(IS1008c.C.sil4385)"/>
   </segment>
   <segment nite:id="IS1008c.C.asg.57560" participant="f1073">
      <nite:child href="IS1008c.C.words.xml#id(IS1008c.C.sil4386)..id(IS1008c.C.sil4390)"/>
   </segment>
   <segment nite:id="IS1008c.C.asg.57561" participant="f1073">
      <nite:child href="IS1008c.C.words.xml#id(IS1008c.C.sil4391)..id(IS1008c.C.sil4396)"/>
   </segment>
   <segment nite:id="IS1008c.C.asg.57562" participant="f1073">
      <nite:child href="IS1008c.C.words.xml#id(IS1008c.C.sil4397)..id(IS1008c.C.sil4419)"/>
   </segment>
   <segment nite:id="IS1008c.C.asg.57563" participant="f1073">
      <nite:child href="IS1008c.C.words.xml#id(IS1008c.C.sil4420)..id(IS1008c.C.sil4434)"/>
   </segment>
   <segment nite:id="IS1008c.C.asg.57564" participant="f1073">
      <nite:child href="IS1008c.C.words.xml#id(IS1008c.C.sil4435)..id(IS1008c.C.sil4442)"/>
   </segment>
   <segment nite:id="IS1008c.C.asg.57565" participant="f1073">
      <nite:child href="IS1008c.C.words.xml#id(IS1008c.C.sil4443)..id(IS1008c.C.sil4446)"/>
   </segment>
   <segment nite:id="IS1008c.C.asg.57566" participant="f1073">
      <nite:child href="IS1008c.C.words.xml#id(IS1008c.C.sil4447)..id(IS1008c.C.sil4454)"/>
   </segment>
   <segment nite:id="IS1008c.C.asg.57567" participant="f1073">
      <nite:child href="IS1008c.C.words.xml#id(IS1008c.C.sil4455)..id(IS1008c.C.sil4457)"/>
   </segment>
   <segment nite:id="IS1008c.C.asg.57568" participant="f1073">
      <nite:child href="IS1008c.C.words.xml#id(IS1008c.C.sil4458)..id(IS1008c.C.sil4460)"/>
   </segment>
   <segment nite:id="IS1008c.C.asg.57569" participant="f1073">
      <nite:child href="IS1008c.C.words.xml#id(IS1008c.C.sil4461)..id(IS1008c.C.sil4476)"/>
   </segment>
   <segment nite:id="IS1008c.C.asg.57570" participant="f1073">
      <nite:child href="IS1008c.C.words.xml#id(IS1008c.C.sil4477)..id(IS1008c.C.sil4490)"/>
   </segment>
   <segment nite:id="IS1008c.C.asg.57571" participant="f1073">
      <nite:child href="IS1008c.C.words.xml#id(IS1008c.C.sil4491)..id(IS1008c.C.sil4504)"/>
   </segment>
   <segment nite:id="IS1008c.C.asg.57572" participant="f1073">
      <nite:child href="IS1008c.C.words.xml#id(IS1008c.C.sil4505)..id(IS1008c.C.sil4512)"/>
   </segment>
   <segment nite:id="IS1008c.C.asg.57573" participant="f1073">
      <nite:child href="IS1008c.C.words.xml#id(IS1008c.C.sil4513)..id(IS1008c.C.sil4526)"/>
   </segment>
   <segment nite:id="IS1008c.C.asg.57574" participant="f1073">
      <nite:child href="IS1008c.C.words.xml#id(IS1008c.C.sil4527)..id(IS1008c.C.sil4545)"/>
   </segment>
   <segment nite:id="IS1008c.C.asg.57575" participant="f1073">
      <nite:child href="IS1008c.C.words.xml#id(IS1008c.C.sil4546)..id(IS1008c.C.sil4549)"/>
   </segment>
   <segment nite:id="IS1008c.C.asg.57576" participant="f1073">
      <nite:child href="IS1008c.C.words.xml#id(IS1008c.C.sil4550)..id(IS1008c.C.sil4552)"/>
   </segment>
   <segment nite:id="IS1008c.C.asg.57577" participant="f1073">
      <nite:child href="IS1008c.C.words.xml#id(IS1008c.C.sil4553)..id(IS1008c.C.sil4580)"/>
   </segment>
   <segment nite:id="IS1008c.C.asg.57578" participant="f1073">
      <nite:child href="IS1008c.C.words.xml#id(IS1008c.C.sil4581)..id(IS1008c.C.sil4584)"/>
   </segment>
   <segment nite:id="IS1008c.C.asg.57579" participant="f1073">
      <nite:child href="IS1008c.C.words.xml#id(IS1008c.C.sil4585)..id(IS1008c.C.sil4591)"/>
   </segment>
   <segment nite:id="IS1008c.C.asg.57580" participant="f1073">
      <nite:child href="IS1008c.C.words.xml#id(IS1008c.C.sil4592)..id(IS1008c.C.sil4596)"/>
   </segment>
   <segment nite:id="IS1008c.C.asg.57581" participant="f1073">
      <nite:child href="IS1008c.C.words.xml#id(IS1008c.C.sil4597)..id(IS1008c.C.sil4623)"/>
   </segment>
   <segment nite:id="IS1008c.C.asg.57582" participant="f1073">
      <nite:child href="IS1008c.C.words.xml#id(IS1008c.C.sil4624)..id(IS1008c.C.sil4647)"/>
   </segment>
   <segment nite:id="IS1008c.C.asg.57583" participant="f1073">
      <nite:child href="IS1008c.C.words.xml#id(IS1008c.C.sil4648)..id(IS1008c.C.sil4661)"/>
   </segment>
   <segment nite:id="IS1008c.C.asg.57584" participant="f1073">
      <nite:child href="IS1008c.C.words.xml#id(IS1008c.C.sil4662)..id(IS1008c.C.sil4665)"/>
   </segment>
   <segment nite:id="IS1008c.C.asg.57585" participant="f1073">
      <nite:child href="IS1008c.C.words.xml#id(IS1008c.C.sil4666)..id(IS1008c.C.sil4672)"/>
   </segment>
   <segment nite:id="IS1008c.C.asg.57586" participant="f1073">
      <nite:child href="IS1008c.C.words.xml#id(IS1008c.C.sil4673)..id(IS1008c.C.sil4685)"/>
   </segment>
   <segment nite:id="IS1008c.C.asg.57587" participant="f1073">
      <nite:child href="IS1008c.C.words.xml#id(IS1008c.C.sil4686)..id(IS1008c.C.sil4691)"/>
   </segment>
   <segment nite:id="IS1008c.C.asg.57588" participant="f1073">
      <nite:child href="IS1008c.C.words.xml#id(IS1008c.C.sil4692)..id(IS1008c.C.sil4694)"/>
   </segment>
   <segment nite:id="IS1008c.C.asg.57589" participant="f1073">
      <nite:child href="IS1008c.C.words.xml#id(IS1008c.C.sil4695)..id(IS1008c.C.sil4698)"/>
   </segment>
   <segment nite:id="IS1008c.C.asg.57590" participant="f1073">
      <nite:child href="IS1008c.C.words.xml#id(IS1008c.C.sil4699)..id(IS1008c.C.sil4701)"/>
   </segment>
   <segment nite:id="IS1008c.C.asg.57591" participant="f1073">
      <nite:child href="IS1008c.C.words.xml#id(IS1008c.C.sil4702)..id(IS1008c.C.sil4704)"/>
   </segment>
   <segment nite:id="IS1008c.C.asg.57592" participant="f1073">
      <nite:child href="IS1008c.C.words.xml#id(IS1008c.C.sil4705)..id(IS1008c.C.sil4708)"/>
   </segment>
   <segment nite:id="IS1008c.C.asg.57593" participant="f1073">
      <nite:child href="IS1008c.C.words.xml#id(IS1008c.C.sil4709)..id(IS1008c.C.sil4714)"/>
   </segment>
   <segment nite:id="IS1008c.C.asg.57594" participant="f1073">
      <nite:child href="IS1008c.C.words.xml#id(IS1008c.C.sil4715)..id(IS1008c.C.sil4728)"/>
   </segment>
   <segment nite:id="IS1008c.C.asg.57595" participant="f1073">
      <nite:child href="IS1008c.C.words.xml#id(IS1008c.C.sil4729)..id(IS1008c.C.sil4749)"/>
   </segment>
   <segment nite:id="IS1008c.C.asg.57596" participant="f1073">
      <nite:child href="IS1008c.C.words.xml#id(IS1008c.C.sil4750)..id(IS1008c.C.sil4761)"/>
   </segment>
   <segment nite:id="IS1008c.C.asg.57597" participant="f1073">
      <nite:child href="IS1008c.C.words.xml#id(IS1008c.C.sil4762)..id(IS1008c.C.sil4764)"/>
   </segment>
   <segment nite:id="IS1008c.C.asg.57598" participant="f1073">
      <nite:child href="IS1008c.C.words.xml#id(IS1008c.C.sil4765)..id(IS1008c.C.sil4769)"/>
   </segment>
   <segment nite:id="IS1008c.C.asg.57599" participant="f1073">
      <nite:child href="IS1008c.C.words.xml#id(IS1008c.C.sil4770)..id(IS1008c.C.sil4773)"/>
   </segment>
   <segment nite:id="IS1008c.C.asg.57600" participant="f1073">
      <nite:child href="IS1008c.C.words.xml#id(IS1008c.C.sil4774)..id(IS1008c.C.sil4783)"/>
   </segment>
   <segment nite:id="IS1008c.C.asg.57601" participant="f1073">
      <nite:child href="IS1008c.C.words.xml#id(IS1008c.C.sil4784)..id(IS1008c.C.sil4792)"/>
   </segment>
   <segment nite:id="IS1008c.C.asg.57602" participant="f1073">
      <nite:child href="IS1008c.C.words.xml#id(IS1008c.C.sil4793)..id(IS1008c.C.sil4800)"/>
   </segment>
   <segment nite:id="IS1008c.C.asg.57603" participant="f1073">
      <nite:child href="IS1008c.C.words.xml#id(IS1008c.C.sil4801)..id(IS1008c.C.sil4811)"/>
   </segment>
   <segment nite:id="IS1008c.C.asg.57604" participant="f1073">
      <nite:child href="IS1008c.C.words.xml#id(IS1008c.C.sil4812)..id(IS1008c.C.sil4816)"/>
   </segment>
   <segment nite:id="IS1008c.C.asg.57605" participant="f1073">
      <nite:child href="IS1008c.C.words.xml#id(IS1008c.C.sil4817)..id(IS1008c.C.sil4824)"/>
   </segment>
   <segment nite:id="IS1008c.C.asg.57606" participant="f1073">
      <nite:child href="IS1008c.C.words.xml#id(IS1008c.C.sil4825)..id(IS1008c.C.sil4829)"/>
   </segment>
   <segment nite:id="IS1008c.C.asg.57607" participant="f1073">
      <nite:child href="IS1008c.C.words.xml#id(IS1008c.C.sil4830)..id(IS1008c.C.sil4836)"/>
   </segment>
   <segment nite:id="IS1008c.C.asg.57608" participant="f1073">
      <nite:child href="IS1008c.C.words.xml#id(IS1008c.C.sil4837)..id(IS1008c.C.sil4856)"/>
   </segment>
   <segment nite:id="IS1008c.C.asg.57609" participant="f1073">
      <nite:child href="IS1008c.C.words.xml#id(IS1008c.C.sil4857)..id(IS1008c.C.sil4860)"/>
   </segment>
   <segment nite:id="IS1008c.C.asg.57610" participant="f1073">
      <nite:child href="IS1008c.C.words.xml#id(IS1008c.C.sil4861)..id(IS1008c.C.sil4867)"/>
   </segment>
   <segment nite:id="IS1008c.C.asg.57611" participant="f1073">
      <nite:child href="IS1008c.C.words.xml#id(IS1008c.C.sil4868)..id(IS1008c.C.sil4872)"/>
   </segment>
</nite:root>