<?xml version="1.0" encoding="ISO-8859-1" standalone="yes"?>
<nite:root nite:id="IS1008c.A.aseg" xmlns:nite="http://nite.sourceforge.net/">
   <segment nite:id="IS1008c.A.asg.57149" participant="m4086">
      <nite:child href="IS1008c.A.words.xml#id(IS1008c.A.sil0)..id(IS1008c.A.sil8)"/>
   </segment>
   <segment nite:id="IS1008c.A.asg.57150" participant="m4086">
      <nite:child href="IS1008c.A.words.xml#id(IS1008c.A.sil9)..id(IS1008c.A.sil16)"/>
   </segment>
   <segment nite:id="IS1008c.A.asg.57151" participant="m4086">
      <nite:child href="IS1008c.A.words.xml#id(IS1008c.A.sil17)..id(IS1008c.A.sil21)"/>
   </segment>
   <segment nite:id="IS1008c.A.asg.57152" participant="m4086">
      <nite:child href="IS1008c.A.words.xml#id(IS1008c.A.sil22)..id(IS1008c.A.sil36)"/>
   </segment>
   <segment nite:id="IS1008c.A.asg.57153" participant="m4086">
      <nite:child href="IS1008c.A.words.xml#id(IS1008c.A.sil37)..id(IS1008c.A.sil41)"/>
   </segment>
   <segment nite:id="IS1008c.A.asg.57154" participant="m4086">
      <nite:child href="IS1008c.A.words.xml#id(IS1008c.A.sil42)..id(IS1008c.A.sil49)"/>
   </segment>
   <segment nite:id="IS1008c.A.asg.57155" participant="m4086">
      <nite:child href="IS1008c.A.words.xml#id(IS1008c.A.sil50)..id(IS1008c.A.sil72)"/>
   </segment>
   <segment nite:id="IS1008c.A.asg.57156" participant="m4086">
      <nite:child href="IS1008c.A.words.xml#id(IS1008c.A.sil73)..id(IS1008c.A.sil76)"/>
   </segment>
   <segment nite:id="IS1008c.A.asg.57157" participant="m4086">
      <nite:child href="IS1008c.A.words.xml#id(IS1008c.A.sil77)..id(IS1008c.A.sil79)"/>
   </segment>
   <segment nite:id="IS1008c.A.asg.57158" participant="m4086">
      <nite:child href="IS1008c.A.words.xml#id(IS1008c.A.sil80)..id(IS1008c.A.sil86)"/>
   </segment>
   <segment nite:id="IS1008c.A.asg.57159" participant="m4086">
      <nite:child href="IS1008c.A.words.xml#id(IS1008c.A.sil87)..id(IS1008c.A.sil97)"/>
   </segment>
   <segment nite:id="IS1008c.A.asg.57160" participant="m4086">
      <nite:child href="IS1008c.A.words.xml#id(IS1008c.A.sil98)..id(IS1008c.A.sil110)"/>
   </segment>
   <segment nite:id="IS1008c.A.asg.57161" participant="m4086">
      <nite:child href="IS1008c.A.words.xml#id(IS1008c.A.sil111)..id(IS1008c.A.sil113)"/>
   </segment>
   <segment nite:id="IS1008c.A.asg.57162" participant="m4086">
      <nite:child href="IS1008c.A.words.xml#id(IS1008c.A.sil114)..id(IS1008c.A.sil121)"/>
   </segment>
   <segment nite:id="IS1008c.A.asg.57163" participant="m4086">
      <nite:child href="IS1008c.A.words.xml#id(IS1008c.A.sil122)..id(IS1008c.A.sil128)"/>
   </segment>
   <segment nite:id="IS1008c.A.asg.57164" participant="m4086">
      <nite:child href="IS1008c.A.words.xml#id(IS1008c.A.sil129)..id(IS1008c.A.sil134)"/>
   </segment>
   <segment nite:id="IS1008c.A.asg.57165" participant="m4086">
      <nite:child href="IS1008c.A.words.xml#id(IS1008c.A.sil135)..id(IS1008c.A.sil150)"/>
   </segment>
   <segment nite:id="IS1008c.A.asg.57166" participant="m4086">
      <nite:child href="IS1008c.A.words.xml#id(IS1008c.A.sil151)..id(IS1008c.A.sil158)"/>
   </segment>
   <segment nite:id="IS1008c.A.asg.57167" participant="m4086">
      <nite:child href="IS1008c.A.words.xml#id(IS1008c.A.sil159)..id(IS1008c.A.sil172)"/>
   </segment>
   <segment nite:id="IS1008c.A.asg.57168" participant="m4086">
      <nite:child href="IS1008c.A.words.xml#id(IS1008c.A.sil173)..id(IS1008c.A.sil175)"/>
   </segment>
   <segment nite:id="IS1008c.A.asg.57169" participant="m4086">
      <nite:child href="IS1008c.A.words.xml#id(IS1008c.A.sil176)..id(IS1008c.A.sil180)"/>
   </segment>
   <segment nite:id="IS1008c.A.asg.57170" participant="m4086">
      <nite:child href="IS1008c.A.words.xml#id(IS1008c.A.sil181)..id(IS1008c.A.sil183)"/>
   </segment>
   <segment nite:id="IS1008c.A.asg.57171" participant="m4086">
      <nite:child href="IS1008c.A.words.xml#id(IS1008c.A.sil184)..id(IS1008c.A.sil188)"/>
   </segment>
   <segment nite:id="IS1008c.A.asg.57172" participant="m4086">
      <nite:child href="IS1008c.A.words.xml#id(IS1008c.A.sil189)..id(IS1008c.A.sil197)"/>
   </segment>
   <segment nite:id="IS1008c.A.asg.57173" participant="m4086">
      <nite:child href="IS1008c.A.words.xml#id(IS1008c.A.sil198)..id(IS1008c.A.sil207)"/>
   </segment>
   <segment nite:id="IS1008c.A.asg.57174" participant="m4086">
      <nite:child href="IS1008c.A.words.xml#id(IS1008c.A.sil208)..id(IS1008c.A.sil223)"/>
   </segment>
   <segment nite:id="IS1008c.A.asg.57175" participant="m4086">
      <nite:child href="IS1008c.A.words.xml#id(IS1008c.A.sil224)..id(IS1008c.A.sil231)"/>
   </segment>
   <segment nite:id="IS1008c.A.asg.57176" participant="m4086">
      <nite:child href="IS1008c.A.words.xml#id(IS1008c.A.sil232)..id(IS1008c.A.sil247)"/>
   </segment>
   <segment nite:id="IS1008c.A.asg.57177" participant="m4086">
      <nite:child href="IS1008c.A.words.xml#id(IS1008c.A.sil248)..id(IS1008c.A.sil269)"/>
   </segment>
   <segment nite:id="IS1008c.A.asg.57178" participant="m4086">
      <nite:child href="IS1008c.A.words.xml#id(IS1008c.A.sil270)..id(IS1008c.A.sil277)"/>
   </segment>
   <segment nite:id="IS1008c.A.asg.57179" participant="m4086">
      <nite:child href="IS1008c.A.words.xml#id(IS1008c.A.sil278)..id(IS1008c.A.sil298)"/>
   </segment>
   <segment nite:id="IS1008c.A.asg.57180" participant="m4086">
      <nite:child href="IS1008c.A.words.xml#id(IS1008c.A.sil299)..id(IS1008c.A.sil303)"/>
   </segment>
   <segment nite:id="IS1008c.A.asg.57181" participant="m4086">
      <nite:child href="IS1008c.A.words.xml#id(IS1008c.A.sil304)..id(IS1008c.A.sil310)"/>
   </segment>
   <segment nite:id="IS1008c.A.asg.57182" participant="m4086">
      <nite:child href="IS1008c.A.words.xml#id(IS1008c.A.sil311)..id(IS1008c.A.sil320)"/>
   </segment>
   <segment nite:id="IS1008c.A.asg.57183" participant="m4086">
      <nite:child href="IS1008c.A.words.xml#id(IS1008c.A.sil321)..id(IS1008c.A.sil324)"/>
   </segment>
   <segment nite:id="IS1008c.A.asg.57184" participant="m4086">
      <nite:child href="IS1008c.A.words.xml#id(IS1008c.A.sil325)..id(IS1008c.A.sil333)"/>
   </segment>
   <segment nite:id="IS1008c.A.asg.57185" participant="m4086">
      <nite:child href="IS1008c.A.words.xml#id(IS1008c.A.sil334)..id(IS1008c.A.sil336)"/>
   </segment>
   <segment nite:id="IS1008c.A.asg.57186" participant="m4086">
      <nite:child href="IS1008c.A.words.xml#id(IS1008c.A.sil337)..id(IS1008c.A.sil342)"/>
   </segment>
   <segment nite:id="IS1008c.A.asg.57187" participant="m4086">
      <nite:child href="IS1008c.A.words.xml#id(IS1008c.A.sil343)..id(IS1008c.A.sil348)"/>
   </segment>
   <segment nite:id="IS1008c.A.asg.57188" participant="m4086">
      <nite:child href="IS1008c.A.words.xml#id(IS1008c.A.sil349)..id(IS1008c.A.sil351)"/>
   </segment>
   <segment nite:id="IS1008c.A.asg.57189" participant="m4086">
      <nite:child href="IS1008c.A.words.xml#id(IS1008c.A.sil352)..id(IS1008c.A.sil354)"/>
   </segment>
   <segment nite:id="IS1008c.A.asg.57190" participant="m4086">
      <nite:child href="IS1008c.A.words.xml#id(IS1008c.A.sil355)..id(IS1008c.A.sil359)"/>
   </segment>
   <segment nite:id="IS1008c.A.asg.57191" participant="m4086">
      <nite:child href="IS1008c.A.words.xml#id(IS1008c.A.sil360)..id(IS1008c.A.sil370)"/>
   </segment>
   <segment nite:id="IS1008c.A.asg.57192" participant="m4086">
      <nite:child href="IS1008c.A.words.xml#id(IS1008c.A.sil371)..id(IS1008c.A.sil391)"/>
   </segment>
   <segment nite:id="IS1008c.A.asg.57193" participant="m4086">
      <nite:child href="IS1008c.A.words.xml#id(IS1008c.A.sil392)..id(IS1008c.A.sil408)"/>
   </segment>
   <segment nite:id="IS1008c.A.asg.57194" participant="m4086">
      <nite:child href="IS1008c.A.words.xml#id(IS1008c.A.sil409)..id(IS1008c.A.sil411)"/>
   </segment>
   <segment nite:id="IS1008c.A.asg.57195" participant="m4086">
      <nite:child href="IS1008c.A.words.xml#id(IS1008c.A.sil412)..id(IS1008c.A.sil414)"/>
   </segment>
   <segment nite:id="IS1008c.A.asg.57196" participant="m4086">
      <nite:child href="IS1008c.A.words.xml#id(IS1008c.A.sil415)..id(IS1008c.A.sil418)"/>
   </segment>
   <segment nite:id="IS1008c.A.asg.57197" participant="m4086">
      <nite:child href="IS1008c.A.words.xml#id(IS1008c.A.sil419)..id(IS1008c.A.sil422)"/>
   </segment>
   <segment nite:id="IS1008c.A.asg.57198" participant="m4086">
      <nite:child href="IS1008c.A.words.xml#id(IS1008c.A.sil423)..id(IS1008c.A.sil448)"/>
   </segment>
   <segment nite:id="IS1008c.A.asg.57199" participant="m4086">
      <nite:child href="IS1008c.A.words.xml#id(IS1008c.A.sil449)..id(IS1008c.A.sil472)"/>
   </segment>
   <segment nite:id="IS1008c.A.asg.57200" participant="m4086">
      <nite:child href="IS1008c.A.words.xml#id(IS1008c.A.sil473)..id(IS1008c.A.sil503)"/>
   </segment>
   <segment nite:id="IS1008c.A.asg.57201" participant="m4086">
      <nite:child href="IS1008c.A.words.xml#id(IS1008c.A.sil504)..id(IS1008c.A.sil522)"/>
   </segment>
   <segment nite:id="IS1008c.A.asg.57202" participant="m4086">
      <nite:child href="IS1008c.A.words.xml#id(IS1008c.A.sil523)..id(IS1008c.A.sil528)"/>
   </segment>
   <segment nite:id="IS1008c.A.asg.57203" participant="m4086">
      <nite:child href="IS1008c.A.words.xml#id(IS1008c.A.sil529)..id(IS1008c.A.sil543)"/>
   </segment>
   <segment nite:id="IS1008c.A.asg.57204" participant="m4086">
      <nite:child href="IS1008c.A.words.xml#id(IS1008c.A.sil544)..id(IS1008c.A.sil549)"/>
   </segment>
   <segment nite:id="IS1008c.A.asg.57205" participant="m4086">
      <nite:child href="IS1008c.A.words.xml#id(IS1008c.A.sil550)..id(IS1008c.A.sil568)"/>
   </segment>
   <segment nite:id="IS1008c.A.asg.57206" participant="m4086">
      <nite:child href="IS1008c.A.words.xml#id(IS1008c.A.sil569)..id(IS1008c.A.sil574)"/>
   </segment>
   <segment nite:id="IS1008c.A.asg.57207" participant="m4086">
      <nite:child href="IS1008c.A.words.xml#id(IS1008c.A.sil575)..id(IS1008c.A.sil577)"/>
   </segment>
   <segment nite:id="IS1008c.A.asg.57208" participant="m4086">
      <nite:child href="IS1008c.A.words.xml#id(IS1008c.A.sil578)..id(IS1008c.A.sil580)"/>
   </segment>
   <segment nite:id="IS1008c.A.asg.57209" participant="m4086">
      <nite:child href="IS1008c.A.words.xml#id(IS1008c.A.sil581)..id(IS1008c.A.sil585)"/>
   </segment>
   <segment nite:id="IS1008c.A.asg.57210" participant="m4086">
      <nite:child href="IS1008c.A.words.xml#id(IS1008c.A.sil586)..id(IS1008c.A.sil589)"/>
   </segment>
   <segment nite:id="IS1008c.A.asg.57211" participant="m4086">
      <nite:child href="IS1008c.A.words.xml#id(IS1008c.A.sil590)..id(IS1008c.A.sil627)"/>
   </segment>
   <segment nite:id="IS1008c.A.asg.57212" participant="m4086">
      <nite:child href="IS1008c.A.words.xml#id(IS1008c.A.sil628)..id(IS1008c.A.sil647)"/>
   </segment>
   <segment nite:id="IS1008c.A.asg.57213" participant="m4086">
      <nite:child href="IS1008c.A.words.xml#id(IS1008c.A.sil648)..id(IS1008c.A.sil652)"/>
   </segment>
   <segment nite:id="IS1008c.A.asg.57214" participant="m4086">
      <nite:child href="IS1008c.A.words.xml#id(IS1008c.A.sil653)..id(IS1008c.A.sil658)"/>
   </segment>
   <segment nite:id="IS1008c.A.asg.57215" participant="m4086">
      <nite:child href="IS1008c.A.words.xml#id(IS1008c.A.sil659)..id(IS1008c.A.sil661)"/>
   </segment>
   <segment nite:id="IS1008c.A.asg.57216" participant="m4086">
      <nite:child href="IS1008c.A.words.xml#id(IS1008c.A.sil662)..id(IS1008c.A.sil681)"/>
   </segment>
   <segment nite:id="IS1008c.A.asg.57217" participant="m4086">
      <nite:child href="IS1008c.A.words.xml#id(IS1008c.A.sil682)..id(IS1008c.A.sil700)"/>
   </segment>
   <segment nite:id="IS1008c.A.asg.57218" participant="m4086">
      <nite:child href="IS1008c.A.words.xml#id(IS1008c.A.sil701)..id(IS1008c.A.sil708)"/>
   </segment>
   <segment nite:id="IS1008c.A.asg.57219" participant="m4086">
      <nite:child href="IS1008c.A.words.xml#id(IS1008c.A.sil709)..id(IS1008c.A.sil711)"/>
   </segment>
   <segment nite:id="IS1008c.A.asg.57220" participant="m4086">
      <nite:child href="IS1008c.A.words.xml#id(IS1008c.A.sil712)..id(IS1008c.A.sil735)"/>
   </segment>
   <segment nite:id="IS1008c.A.asg.57221" participant="m4086">
      <nite:child href="IS1008c.A.words.xml#id(IS1008c.A.sil736)..id(IS1008c.A.sil747)"/>
   </segment>
   <segment nite:id="IS1008c.A.asg.57222" participant="m4086">
      <nite:child href="IS1008c.A.words.xml#id(IS1008c.A.sil748)..id(IS1008c.A.sil751)"/>
   </segment>
   <segment nite:id="IS1008c.A.asg.57223" participant="m4086">
      <nite:child href="IS1008c.A.words.xml#id(IS1008c.A.sil752)..id(IS1008c.A.sil764)"/>
   </segment>
   <segment nite:id="IS1008c.A.asg.57224" participant="m4086">
      <nite:child href="IS1008c.A.words.xml#id(IS1008c.A.sil765)..id(IS1008c.A.sil773)"/>
   </segment>
   <segment nite:id="IS1008c.A.asg.57225" participant="m4086">
      <nite:child href="IS1008c.A.words.xml#id(IS1008c.A.sil774)..id(IS1008c.A.sil784)"/>
   </segment>
   <segment nite:id="IS1008c.A.asg.57226" participant="m4086">
      <nite:child href="IS1008c.A.words.xml#id(IS1008c.A.sil785)..id(IS1008c.A.sil790)"/>
   </segment>
   <segment nite:id="IS1008c.A.asg.57227" participant="m4086">
      <nite:child href="IS1008c.A.words.xml#id(IS1008c.A.sil791)..id(IS1008c.A.sil804)"/>
   </segment>
   <segment nite:id="IS1008c.A.asg.57228" participant="m4086">
      <nite:child href="IS1008c.A.words.xml#id(IS1008c.A.sil805)..id(IS1008c.A.sil815)"/>
   </segment>
   <segment nite:id="IS1008c.A.asg.57229" participant="m4086">
      <nite:child href="IS1008c.A.words.xml#id(IS1008c.A.sil816)..id(IS1008c.A.sil818)"/>
   </segment>
   <segment nite:id="IS1008c.A.asg.57230" participant="m4086">
      <nite:child href="IS1008c.A.words.xml#id(IS1008c.A.sil819)..id(IS1008c.A.sil827)"/>
   </segment>
   <segment nite:id="IS1008c.A.asg.57231" participant="m4086">
      <nite:child href="IS1008c.A.words.xml#id(IS1008c.A.sil828)..id(IS1008c.A.sil835)"/>
   </segment>
   <segment nite:id="IS1008c.A.asg.57232" participant="m4086">
      <nite:child href="IS1008c.A.words.xml#id(IS1008c.A.sil836)..id(IS1008c.A.sil842)"/>
   </segment>
   <segment nite:id="IS1008c.A.asg.57233" participant="m4086">
      <nite:child href="IS1008c.A.words.xml#id(IS1008c.A.sil843)..id(IS1008c.A.sil847)"/>
   </segment>
</nite:root>