<?xml version="1.0" encoding="ISO-8859-1" standalone="yes"?>
<nite:root nite:id="IS1008c.D.aseg" xmlns:nite="http://nite.sourceforge.net/">
   <segment nite:id="IS1008c.D.asg.57234" participant="m1085">
      <nite:child href="IS1008c.D.words.xml#id(IS1008c.D.sil848)..id(IS1008c.D.sil850)"/>
   </segment>
   <segment nite:id="IS1008c.D.asg.57235" participant="m1085">
      <nite:child href="IS1008c.D.words.xml#id(IS1008c.D.sil851)..id(IS1008c.D.sil853)"/>
   </segment>
   <segment nite:id="IS1008c.D.asg.57236" participant="m1085">
      <nite:child href="IS1008c.D.words.xml#id(IS1008c.D.sil854)..id(IS1008c.D.sil857)"/>
   </segment>
   <segment nite:id="IS1008c.D.asg.57237" participant="m1085">
      <nite:child href="IS1008c.D.words.xml#id(IS1008c.D.sil858)..id(IS1008c.D.sil860)"/>
   </segment>
   <segment nite:id="IS1008c.D.asg.57238" participant="m1085">
      <nite:child href="IS1008c.D.words.xml#id(IS1008c.D.sil861)..id(IS1008c.D.sil864)"/>
   </segment>
   <segment nite:id="IS1008c.D.asg.57239" participant="m1085">
      <nite:child href="IS1008c.D.words.xml#id(IS1008c.D.sil865)..id(IS1008c.D.sil875)"/>
   </segment>
   <segment nite:id="IS1008c.D.asg.57240" participant="m1085">
      <nite:child href="IS1008c.D.words.xml#id(IS1008c.D.sil876)..id(IS1008c.D.sil883)"/>
   </segment>
   <segment nite:id="IS1008c.D.asg.57241" participant="m1085">
      <nite:child href="IS1008c.D.words.xml#id(IS1008c.D.sil884)..id(IS1008c.D.sil889)"/>
   </segment>
   <segment nite:id="IS1008c.D.asg.57242" participant="m1085">
      <nite:child href="IS1008c.D.words.xml#id(IS1008c.D.sil890)..id(IS1008c.D.sil922)"/>
   </segment>
   <segment nite:id="IS1008c.D.asg.57243" participant="m1085">
      <nite:child href="IS1008c.D.words.xml#id(IS1008c.D.sil923)..id(IS1008c.D.sil929)"/>
   </segment>
   <segment nite:id="IS1008c.D.asg.57244" participant="m1085">
      <nite:child href="IS1008c.D.words.xml#id(IS1008c.D.sil930)..id(IS1008c.D.sil951)"/>
   </segment>
   <segment nite:id="IS1008c.D.asg.57245" participant="m1085">
      <nite:child href="IS1008c.D.words.xml#id(IS1008c.D.sil952)..id(IS1008c.D.sil962)"/>
   </segment>
   <segment nite:id="IS1008c.D.asg.57246" participant="m1085">
      <nite:child href="IS1008c.D.words.xml#id(IS1008c.D.sil963)..id(IS1008c.D.sil971)"/>
   </segment>
   <segment nite:id="IS1008c.D.asg.57247" participant="m1085">
      <nite:child href="IS1008c.D.words.xml#id(IS1008c.D.sil972)..id(IS1008c.D.sil977)"/>
   </segment>
   <segment nite:id="IS1008c.D.asg.57248" participant="m1085">
      <nite:child href="IS1008c.D.words.xml#id(IS1008c.D.sil978)..id(IS1008c.D.sil983)"/>
   </segment>
   <segment nite:id="IS1008c.D.asg.57249" participant="m1085">
      <nite:child href="IS1008c.D.words.xml#id(IS1008c.D.sil984)..id(IS1008c.D.sil986)"/>
   </segment>
   <segment nite:id="IS1008c.D.asg.57250" participant="m1085">
      <nite:child href="IS1008c.D.words.xml#id(IS1008c.D.sil987)..id(IS1008c.D.sil990)"/>
   </segment>
   <segment nite:id="IS1008c.D.asg.57251" participant="m1085">
      <nite:child href="IS1008c.D.words.xml#id(IS1008c.D.sil991)..id(IS1008c.D.sil1000)"/>
   </segment>
   <segment nite:id="IS1008c.D.asg.57252" participant="m1085">
      <nite:child href="IS1008c.D.words.xml#id(IS1008c.D.sil1001)..id(IS1008c.D.sil1003)"/>
   </segment>
   <segment nite:id="IS1008c.D.asg.57253" participant="m1085">
      <nite:child href="IS1008c.D.words.xml#id(IS1008c.D.sil1004)..id(IS1008c.D.sil1007)"/>
   </segment>
   <segment nite:id="IS1008c.D.asg.57254" participant="m1085">
      <nite:child href="IS1008c.D.words.xml#id(IS1008c.D.sil1008)..id(IS1008c.D.sil1011)"/>
   </segment>
   <segment nite:id="IS1008c.D.asg.57255" participant="m1085">
      <nite:child href="IS1008c.D.words.xml#id(IS1008c.D.sil1012)..id(IS1008c.D.sil1016)"/>
   </segment>
   <segment nite:id="IS1008c.D.asg.57256" participant="m1085">
      <nite:child href="IS1008c.D.words.xml#id(IS1008c.D.sil1017)..id(IS1008c.D.sil1028)"/>
   </segment>
   <segment nite:id="IS1008c.D.asg.57257" participant="m1085">
      <nite:child href="IS1008c.D.words.xml#id(IS1008c.D.sil1029)..id(IS1008c.D.sil1035)"/>
   </segment>
   <segment nite:id="IS1008c.D.asg.57258" participant="m1085">
      <nite:child href="IS1008c.D.words.xml#id(IS1008c.D.sil1036)..id(IS1008c.D.sil1042)"/>
   </segment>
   <segment nite:id="IS1008c.D.asg.57259" participant="m1085">
      <nite:child href="IS1008c.D.words.xml#id(IS1008c.D.sil1043)..id(IS1008c.D.sil1046)"/>
   </segment>
   <segment nite:id="IS1008c.D.asg.57260" participant="m1085">
      <nite:child href="IS1008c.D.words.xml#id(IS1008c.D.sil1047)..id(IS1008c.D.sil1049)"/>
   </segment>
   <segment nite:id="IS1008c.D.asg.57261" participant="m1085">
      <nite:child href="IS1008c.D.words.xml#id(IS1008c.D.sil1050)..id(IS1008c.D.sil1064)"/>
   </segment>
   <segment nite:id="IS1008c.D.asg.57262" participant="m1085">
      <nite:child href="IS1008c.D.words.xml#id(IS1008c.D.sil1065)..id(IS1008c.D.sil1069)"/>
   </segment>
   <segment nite:id="IS1008c.D.asg.57263" participant="m1085">
      <nite:child href="IS1008c.D.words.xml#id(IS1008c.D.sil1070)..id(IS1008c.D.sil1073)"/>
   </segment>
   <segment nite:id="IS1008c.D.asg.57264" participant="m1085">
      <nite:child href="IS1008c.D.words.xml#id(IS1008c.D.sil1074)..id(IS1008c.D.sil1079)"/>
   </segment>
   <segment nite:id="IS1008c.D.asg.57265" participant="m1085">
      <nite:child href="IS1008c.D.words.xml#id(IS1008c.D.sil1080)..id(IS1008c.D.sil1089)"/>
   </segment>
   <segment nite:id="IS1008c.D.asg.57266" participant="m1085">
      <nite:child href="IS1008c.D.words.xml#id(IS1008c.D.sil1090)..id(IS1008c.D.sil1097)"/>
   </segment>
   <segment nite:id="IS1008c.D.asg.57267" participant="m1085">
      <nite:child href="IS1008c.D.words.xml#id(IS1008c.D.sil1098)..id(IS1008c.D.sil1101)"/>
   </segment>
   <segment nite:id="IS1008c.D.asg.57268" participant="m1085">
      <nite:child href="IS1008c.D.words.xml#id(IS1008c.D.sil1102)..id(IS1008c.D.sil1105)"/>
   </segment>
   <segment nite:id="IS1008c.D.asg.57269" participant="m1085">
      <nite:child href="IS1008c.D.words.xml#id(IS1008c.D.sil1106)..id(IS1008c.D.sil1111)"/>
   </segment>
   <segment nite:id="IS1008c.D.asg.57270" participant="m1085">
      <nite:child href="IS1008c.D.words.xml#id(IS1008c.D.sil1112)..id(IS1008c.D.sil1135)"/>
   </segment>
   <segment nite:id="IS1008c.D.asg.57271" participant="m1085">
      <nite:child href="IS1008c.D.words.xml#id(IS1008c.D.sil1136)..id(IS1008c.D.sil1145)"/>
   </segment>
   <segment nite:id="IS1008c.D.asg.57272" participant="m1085">
      <nite:child href="IS1008c.D.words.xml#id(IS1008c.D.sil1146)..id(IS1008c.D.sil1158)"/>
   </segment>
   <segment nite:id="IS1008c.D.asg.57273" participant="m1085">
      <nite:child href="IS1008c.D.words.xml#id(IS1008c.D.sil1159)..id(IS1008c.D.sil1171)"/>
   </segment>
   <segment nite:id="IS1008c.D.asg.57274" participant="m1085">
      <nite:child href="IS1008c.D.words.xml#id(IS1008c.D.sil1172)..id(IS1008c.D.sil1183)"/>
   </segment>
   <segment nite:id="IS1008c.D.asg.57275" participant="m1085">
      <nite:child href="IS1008c.D.words.xml#id(IS1008c.D.sil1184)..id(IS1008c.D.sil1187)"/>
   </segment>
   <segment nite:id="IS1008c.D.asg.57276" participant="m1085">
      <nite:child href="IS1008c.D.words.xml#id(IS1008c.D.sil1188)..id(IS1008c.D.sil1190)"/>
   </segment>
   <segment nite:id="IS1008c.D.asg.57277" participant="m1085">
      <nite:child href="IS1008c.D.words.xml#id(IS1008c.D.sil1191)..id(IS1008c.D.sil1198)"/>
   </segment>
   <segment nite:id="IS1008c.D.asg.57278" participant="m1085">
      <nite:child href="IS1008c.D.words.xml#id(IS1008c.D.sil1199)..id(IS1008c.D.sil1204)"/>
   </segment>
   <segment nite:id="IS1008c.D.asg.57279" participant="m1085">
      <nite:child href="IS1008c.D.words.xml#id(IS1008c.D.sil1205)..id(IS1008c.D.sil1222)"/>
   </segment>
   <segment nite:id="IS1008c.D.asg.57280" participant="m1085">
      <nite:child href="IS1008c.D.words.xml#id(IS1008c.D.sil1223)..id(IS1008c.D.sil1247)"/>
   </segment>
   <segment nite:id="IS1008c.D.asg.57281" participant="m1085">
      <nite:child href="IS1008c.D.words.xml#id(IS1008c.D.sil1248)..id(IS1008c.D.sil1271)"/>
   </segment>
   <segment nite:id="IS1008c.D.asg.57282" participant="m1085">
      <nite:child href="IS1008c.D.words.xml#id(IS1008c.D.sil1272)..id(IS1008c.D.sil1279)"/>
   </segment>
   <segment nite:id="IS1008c.D.asg.57283" participant="m1085">
      <nite:child href="IS1008c.D.words.xml#id(IS1008c.D.sil1280)..id(IS1008c.D.sil1296)"/>
   </segment>
   <segment nite:id="IS1008c.D.asg.57284" participant="m1085">
      <nite:child href="IS1008c.D.words.xml#id(IS1008c.D.sil1297)..id(IS1008c.D.sil1311)"/>
   </segment>
   <segment nite:id="IS1008c.D.asg.57285" participant="m1085">
      <nite:child href="IS1008c.D.words.xml#id(IS1008c.D.sil1312)..id(IS1008c.D.sil1336)"/>
   </segment>
   <segment nite:id="IS1008c.D.asg.57286" participant="m1085">
      <nite:child href="IS1008c.D.words.xml#id(IS1008c.D.sil1337)..id(IS1008c.D.sil1350)"/>
   </segment>
   <segment nite:id="IS1008c.D.asg.57287" participant="m1085">
      <nite:child href="IS1008c.D.words.xml#id(IS1008c.D.sil1351)..id(IS1008c.D.sil1357)"/>
   </segment>
   <segment nite:id="IS1008c.D.asg.57288" participant="m1085">
      <nite:child href="IS1008c.D.words.xml#id(IS1008c.D.sil1358)..id(IS1008c.D.sil1371)"/>
   </segment>
   <segment nite:id="IS1008c.D.asg.57289" participant="m1085">
      <nite:child href="IS1008c.D.words.xml#id(IS1008c.D.sil1372)..id(IS1008c.D.sil1388)"/>
   </segment>
   <segment nite:id="IS1008c.D.asg.57290" participant="m1085">
      <nite:child href="IS1008c.D.words.xml#id(IS1008c.D.sil1389)..id(IS1008c.D.sil1420)"/>
   </segment>
   <segment nite:id="IS1008c.D.asg.57291" participant="m1085">
      <nite:child href="IS1008c.D.words.xml#id(IS1008c.D.sil1421)..id(IS1008c.D.sil1428)"/>
   </segment>
   <segment nite:id="IS1008c.D.asg.57292" participant="m1085">
      <nite:child href="IS1008c.D.words.xml#id(IS1008c.D.sil1429)..id(IS1008c.D.sil1467)"/>
   </segment>
   <segment nite:id="IS1008c.D.asg.57293" participant="m1085">
      <nite:child href="IS1008c.D.words.xml#id(IS1008c.D.sil1468)..id(IS1008c.D.sil1491)"/>
   </segment>
   <segment nite:id="IS1008c.D.asg.57294" participant="m1085">
      <nite:child href="IS1008c.D.words.xml#id(IS1008c.D.sil1492)..id(IS1008c.D.sil1494)"/>
   </segment>
   <segment nite:id="IS1008c.D.asg.57295" participant="m1085">
      <nite:child href="IS1008c.D.words.xml#id(IS1008c.D.sil1495)..id(IS1008c.D.sil1504)"/>
   </segment>
   <segment nite:id="IS1008c.D.asg.57296" participant="m1085">
      <nite:child href="IS1008c.D.words.xml#id(IS1008c.D.sil1505)..id(IS1008c.D.sil1525)"/>
   </segment>
   <segment nite:id="IS1008c.D.asg.57297" participant="m1085">
      <nite:child href="IS1008c.D.words.xml#id(IS1008c.D.sil1526)..id(IS1008c.D.sil1534)"/>
   </segment>
   <segment nite:id="IS1008c.D.asg.57298" participant="m1085">
      <nite:child href="IS1008c.D.words.xml#id(IS1008c.D.sil1535)..id(IS1008c.D.sil1545)"/>
   </segment>
   <segment nite:id="IS1008c.D.asg.57299" participant="m1085">
      <nite:child href="IS1008c.D.words.xml#id(IS1008c.D.sil1546)..id(IS1008c.D.sil1550)"/>
   </segment>
   <segment nite:id="IS1008c.D.asg.57300" participant="m1085">
      <nite:child href="IS1008c.D.words.xml#id(IS1008c.D.sil1551)..id(IS1008c.D.sil1554)"/>
   </segment>
   <segment nite:id="IS1008c.D.asg.57301" participant="m1085">
      <nite:child href="IS1008c.D.words.xml#id(IS1008c.D.sil1555)..id(IS1008c.D.sil1557)"/>
   </segment>
   <segment nite:id="IS1008c.D.asg.57302" participant="m1085">
      <nite:child href="IS1008c.D.words.xml#id(IS1008c.D.sil1558)..id(IS1008c.D.sil1562)"/>
   </segment>
   <segment nite:id="IS1008c.D.asg.57303" participant="m1085">
      <nite:child href="IS1008c.D.words.xml#id(IS1008c.D.sil1563)..id(IS1008c.D.sil1569)"/>
   </segment>
   <segment nite:id="IS1008c.D.asg.57304" participant="m1085">
      <nite:child href="IS1008c.D.words.xml#id(IS1008c.D.sil1570)..id(IS1008c.D.sil1572)"/>
   </segment>
   <segment nite:id="IS1008c.D.asg.57305" participant="m1085">
      <nite:child href="IS1008c.D.words.xml#id(IS1008c.D.sil1573)..id(IS1008c.D.sil1578)"/>
   </segment>
   <segment nite:id="IS1008c.D.asg.57306" participant="m1085">
      <nite:child href="IS1008c.D.words.xml#id(IS1008c.D.sil1579)..id(IS1008c.D.sil1584)"/>
   </segment>
   <segment nite:id="IS1008c.D.asg.57307" participant="m1085">
      <nite:child href="IS1008c.D.words.xml#id(IS1008c.D.sil1585)..id(IS1008c.D.sil1592)"/>
   </segment>
   <segment nite:id="IS1008c.D.asg.57308" participant="m1085">
      <nite:child href="IS1008c.D.words.xml#id(IS1008c.D.sil1593)..id(IS1008c.D.sil1602)"/>
   </segment>
   <segment nite:id="IS1008c.D.asg.57309" participant="m1085">
      <nite:child href="IS1008c.D.words.xml#id(IS1008c.D.sil1603)..id(IS1008c.D.sil1606)"/>
   </segment>
   <segment nite:id="IS1008c.D.asg.57310" participant="m1085">
      <nite:child href="IS1008c.D.words.xml#id(IS1008c.D.sil1607)..id(IS1008c.D.sil1611)"/>
   </segment>
   <segment nite:id="IS1008c.D.asg.57311" participant="m1085">
      <nite:child href="IS1008c.D.words.xml#id(IS1008c.D.sil1612)..id(IS1008c.D.sil1627)"/>
   </segment>
   <segment nite:id="IS1008c.D.asg.57312" participant="m1085">
      <nite:child href="IS1008c.D.words.xml#id(IS1008c.D.sil1628)..id(IS1008c.D.sil1631)"/>
   </segment>
   <segment nite:id="IS1008c.D.asg.57313" participant="m1085">
      <nite:child href="IS1008c.D.words.xml#id(IS1008c.D.sil1632)..id(IS1008c.D.sil1646)"/>
   </segment>
   <segment nite:id="IS1008c.D.asg.57314" participant="m1085">
      <nite:child href="IS1008c.D.words.xml#id(IS1008c.D.sil1647)..id(IS1008c.D.sil1653)"/>
   </segment>
   <segment nite:id="IS1008c.D.asg.57315" participant="m1085">
      <nite:child href="IS1008c.D.words.xml#id(IS1008c.D.sil1654)..id(IS1008c.D.sil1656)"/>
   </segment>
   <segment nite:id="IS1008c.D.asg.57316" participant="m1085">
      <nite:child href="IS1008c.D.words.xml#id(IS1008c.D.sil1657)..id(IS1008c.D.sil1659)"/>
   </segment>
   <segment nite:id="IS1008c.D.asg.57317" participant="m1085">
      <nite:child href="IS1008c.D.words.xml#id(IS1008c.D.sil1660)..id(IS1008c.D.sil1678)"/>
   </segment>
   <segment nite:id="IS1008c.D.asg.57318" participant="m1085">
      <nite:child href="IS1008c.D.words.xml#id(IS1008c.D.sil1679)..id(IS1008c.D.sil1694)"/>
   </segment>
   <segment nite:id="IS1008c.D.asg.57319" participant="m1085">
      <nite:child href="IS1008c.D.words.xml#id(IS1008c.D.sil1695)..id(IS1008c.D.sil1706)"/>
   </segment>
   <segment nite:id="IS1008c.D.asg.57320" participant="m1085">
      <nite:child href="IS1008c.D.words.xml#id(IS1008c.D.sil1707)..id(IS1008c.D.sil1711)"/>
   </segment>
   <segment nite:id="IS1008c.D.asg.57321" participant="m1085">
      <nite:child href="IS1008c.D.words.xml#id(IS1008c.D.sil1712)..id(IS1008c.D.sil1717)"/>
   </segment>
   <segment nite:id="IS1008c.D.asg.57322" participant="m1085">
      <nite:child href="IS1008c.D.words.xml#id(IS1008c.D.sil1718)..id(IS1008c.D.sil1725)"/>
   </segment>
   <segment nite:id="IS1008c.D.asg.57323" participant="m1085">
      <nite:child href="IS1008c.D.words.xml#id(IS1008c.D.sil1726)..id(IS1008c.D.sil1730)"/>
   </segment>
   <segment nite:id="IS1008c.D.asg.57324" participant="m1085">
      <nite:child href="IS1008c.D.words.xml#id(IS1008c.D.sil1731)..id(IS1008c.D.sil1739)"/>
   </segment>
   <segment nite:id="IS1008c.D.asg.57325" participant="m1085">
      <nite:child href="IS1008c.D.words.xml#id(IS1008c.D.sil1740)..id(IS1008c.D.sil1759)"/>
   </segment>
   <segment nite:id="IS1008c.D.asg.57326" participant="m1085">
      <nite:child href="IS1008c.D.words.xml#id(IS1008c.D.sil1760)..id(IS1008c.D.sil1771)"/>
   </segment>
   <segment nite:id="IS1008c.D.asg.57327" participant="m1085">
      <nite:child href="IS1008c.D.words.xml#id(IS1008c.D.sil1772)..id(IS1008c.D.sil1778)"/>
   </segment>
   <segment nite:id="IS1008c.D.asg.57328" participant="m1085">
      <nite:child href="IS1008c.D.words.xml#id(IS1008c.D.sil1779)..id(IS1008c.D.sil1784)"/>
   </segment>
   <segment nite:id="IS1008c.D.asg.57329" participant="m1085">
      <nite:child href="IS1008c.D.words.xml#id(IS1008c.D.sil1785)..id(IS1008c.D.sil1787)"/>
   </segment>
   <segment nite:id="IS1008c.D.asg.57330" participant="m1085">
      <nite:child href="IS1008c.D.words.xml#id(IS1008c.D.sil1788)..id(IS1008c.D.sil1791)"/>
   </segment>
</nite:root>