<nite:root xmlns:nite="http://nite.sourceforge.net/" nite:id="IS1008c.D.asr">
<sil nite:id="IS1008c.D.sil848" starttime="198.46" endtime="198.51"/>
<w nite:id="IS1008c.D.aw849" starttime="198.51" endtime="198.99">Mm</w>
<sil nite:id="IS1008c.D.sil850" starttime="198.99" endtime="199.15"/>
<sil nite:id="IS1008c.D.sil851" starttime="260.7" endtime="261.06"/>
<w nite:id="IS1008c.D.aw852" starttime="261.06" endtime="261.24">Mm</w>
<sil nite:id="IS1008c.D.sil853" starttime="261.24" endtime="261.4"/>
<sil nite:id="IS1008c.D.sil854" starttime="390.81" endtime="390.88"/>
<w nite:id="IS1008c.D.aw855" starttime="390.88" endtime="391.08">You</w>
<w nite:id="IS1008c.D.aw856" starttime="391.08" endtime="391.31">know</w>
<sil nite:id="IS1008c.D.sil857" starttime="391.31" endtime="391.68"/>
<sil nite:id="IS1008c.D.sil858" starttime="435.71" endtime="435.73"/>
<w nite:id="IS1008c.D.aw859" starttime="435.73" endtime="436.33">Mm</w>
<sil nite:id="IS1008c.D.sil860" starttime="436.33" endtime="436.4"/>
<sil nite:id="IS1008c.D.sil861" starttime="482.7" endtime="482.83"/>
<w nite:id="IS1008c.D.aw862" starttime="482.83" endtime="483.19">Well</w>
<w nite:id="IS1008c.D.aw863" starttime="483.19" endtime="484.56">i</w>
<sil nite:id="IS1008c.D.sil864" starttime="484.56" endtime="484.69"/>
<sil nite:id="IS1008c.D.sil865" starttime="486.54" endtime="486.64"/>
<w nite:id="IS1008c.D.aw866" starttime="486.64" endtime="486.87">Right</w>
<w nite:id="IS1008c.D.aw867" starttime="486.87" endtime="487.12">but</w>
<w nite:id="IS1008c.D.aw868" starttime="487.12" endtime="487.26">it's</w>
<w nite:id="IS1008c.D.aw869" starttime="487.26" endtime="487.58">fresh</w>
<w nite:id="IS1008c.D.aw870" starttime="487.58" endtime="488.31">as</w>
<w nite:id="IS1008c.D.aw871" starttime="488.31" endtime="488.58">well</w>
<w nite:id="IS1008c.D.aw872" starttime="488.58" endtime="488.9">after</w>
<w nite:id="IS1008c.D.aw873" starttime="488.9" endtime="489.19">s.</w>
<w nite:id="IS1008c.D.aw874" starttime="489.19" endtime="489.83">i.</w>
<sil nite:id="IS1008c.D.sil875" starttime="489.83" endtime="490.28"/>
<sil nite:id="IS1008c.D.sil876" starttime="508.07" endtime="508.18"/>
<w nite:id="IS1008c.D.aw877" starttime="508.18" endtime="508.32">I</w>
<w nite:id="IS1008c.D.aw878" starttime="508.32" endtime="508.56">find</w>
<w nite:id="IS1008c.D.aw879" starttime="508.56" endtime="508.8">where</w>
<w nite:id="IS1008c.D.aw880" starttime="508.8" endtime="508.9">to</w>
<w nite:id="IS1008c.D.aw881" starttime="508.9" endtime="509.17">sell</w>
<w nite:id="IS1008c.D.aw882" starttime="509.17" endtime="509.27">it</w>
<sil nite:id="IS1008c.D.sil883" starttime="509.27" endtime="509.64"/>
<sil nite:id="IS1008c.D.sil884" starttime="511.63" endtime="511.71"/>
<w nite:id="IS1008c.D.aw885" starttime="511.71" endtime="512.09">Ready</w>
<w nite:id="IS1008c.D.aw886" starttime="512.09" endtime="512.21">to</w>
<w nite:id="IS1008c.D.aw887" starttime="512.21" endtime="512.48">sell</w>
<w nite:id="IS1008c.D.aw888" starttime="512.48" endtime="512.59">it</w>
<sil nite:id="IS1008c.D.sil889" starttime="512.59" endtime="512.8"/>
<sil nite:id="IS1008c.D.sil890" starttime="515.64" endtime="515.74"/>
<w nite:id="IS1008c.D.aw891" starttime="515.74" endtime="515.93">No</w>
<w nite:id="IS1008c.D.aw892" starttime="515.93" endtime="516.48">it's</w>
<w nite:id="IS1008c.D.aw893" starttime="516.48" endtime="517.08">not</w>
<w nite:id="IS1008c.D.aw894" starttime="517.08" endtime="517.51">no</w>
<w nite:id="IS1008c.D.aw895" starttime="517.51" endtime="517.73">no</w>
<w nite:id="IS1008c.D.aw896" starttime="517.73" endtime="518.04">no</w>
<w nite:id="IS1008c.D.aw897" starttime="518.04" endtime="518.25">the</w>
<w nite:id="IS1008c.D.aw898" starttime="518.25" endtime="518.48">only</w>
<w nite:id="IS1008c.D.aw899" starttime="518.48" endtime="518.65">one</w>
<w nite:id="IS1008c.D.aw900" starttime="518.65" endtime="519.01">delay</w>
<w nite:id="IS1008c.D.aw901" starttime="519.01" endtime="519.33">would</w>
<w nite:id="IS1008c.D.aw902" starttime="519.33" endtime="519.44">you</w>
<w nite:id="IS1008c.D.aw903" starttime="519.44" endtime="519.59">can</w>
<w nite:id="IS1008c.D.aw904" starttime="519.59" endtime="519.87">use</w>
<w nite:id="IS1008c.D.aw905" starttime="519.87" endtime="520.02">of</w>
<w nite:id="IS1008c.D.aw906" starttime="520.02" endtime="520.12">the</w>
<w nite:id="IS1008c.D.aw907" starttime="520.12" endtime="520.33">ones</w>
<w nite:id="IS1008c.D.aw908" starttime="520.33" endtime="520.43">that</w>
<w nite:id="IS1008c.D.aw909" starttime="520.43" endtime="520.5">are</w>
<w nite:id="IS1008c.D.aw910" starttime="520.5" endtime="520.94">hard</w>
<w nite:id="IS1008c.D.aw911" starttime="520.94" endtime="521.22">it's</w>
<w nite:id="IS1008c.D.aw912" starttime="521.22" endtime="521.78">hard</w>
<w nite:id="IS1008c.D.aw913" starttime="521.78" endtime="522.09">work</w>
<w nite:id="IS1008c.D.aw914" starttime="522.09" endtime="522.24">but</w>
<w nite:id="IS1008c.D.aw915" starttime="522.24" endtime="522.4">there's</w>
<w nite:id="IS1008c.D.aw916" starttime="522.4" endtime="522.57">some</w>
<w nite:id="IS1008c.D.aw917" starttime="522.57" endtime="522.87">very</w>
<w nite:id="IS1008c.D.aw918" starttime="522.87" endtime="523.27">pretty</w>
<w nite:id="IS1008c.D.aw919" starttime="523.27" endtime="523.63">close</w>
<w nite:id="IS1008c.D.aw920" starttime="523.63" endtime="523.98">that</w>
<w nite:id="IS1008c.D.aw921" starttime="523.98" endtime="524.26">there</w>
<sil nite:id="IS1008c.D.sil922" starttime="524.26" endtime="524.36"/>
<sil nite:id="IS1008c.D.sil923" starttime="526.23" endtime="526.32"/>
<w nite:id="IS1008c.D.aw924" starttime="526.32" endtime="526.51">That's</w>
<w nite:id="IS1008c.D.aw925" starttime="526.51" endtime="526.78">actually</w>
<w nite:id="IS1008c.D.aw926" starttime="526.78" endtime="527.11">very</w>
<w nite:id="IS1008c.D.aw927" starttime="527.11" endtime="527.58">innovative</w>
<w nite:id="IS1008c.D.aw928" starttime="527.58" endtime="528.07">idea</w>
<sil nite:id="IS1008c.D.sil929" starttime="528.07" endtime="528.17"/>
<sil nite:id="IS1008c.D.sil930" starttime="535.59" endtime="535.75"/>
<w nite:id="IS1008c.D.aw931" starttime="535.75" endtime="535.94">Let's</w>
<w nite:id="IS1008c.D.aw932" starttime="535.94" endtime="536.14">have</w>
<w nite:id="IS1008c.D.aw933" starttime="536.14" endtime="536.22">a</w>
<w nite:id="IS1008c.D.aw934" starttime="536.22" endtime="536.48">very</w>
<w nite:id="IS1008c.D.aw935" starttime="536.48" endtime="537">rare</w>
<w nite:id="IS1008c.D.aw936" starttime="537" endtime="537.2">and</w>
<w nite:id="IS1008c.D.aw937" starttime="537.2" endtime="537.57">different</w>
<w nite:id="IS1008c.D.aw938" starttime="537.57" endtime="537.99">idea</w>
<w nite:id="IS1008c.D.aw939" starttime="537.99" endtime="538.3">that</w>
<w nite:id="IS1008c.D.aw940" starttime="538.3" endtime="538.84">uh</w>
<w nite:id="IS1008c.D.aw941" starttime="538.84" endtime="539.23">you</w>
<w nite:id="IS1008c.D.aw942" starttime="539.23" endtime="539.44">can</w>
<w nite:id="IS1008c.D.aw943" starttime="539.44" endtime="539.7">choose</w>
<w nite:id="IS1008c.D.aw944" starttime="539.7" endtime="539.94">you</w>
<w nite:id="IS1008c.D.aw945" starttime="539.94" endtime="540.4">colour</w>
<w nite:id="IS1008c.D.aw946" starttime="540.4" endtime="541.04">would</w>
<w nite:id="IS1008c.D.aw947" starttime="541.04" endtime="541.22">you</w>
<w nite:id="IS1008c.D.aw948" starttime="541.22" endtime="541.51">type</w>
<w nite:id="IS1008c.D.aw949" starttime="541.51" endtime="541.64">of</w>
<w nite:id="IS1008c.D.aw950" starttime="541.64" endtime="541.88">what</w>
<sil nite:id="IS1008c.D.sil951" starttime="541.88" endtime="542.05"/>
<sil nite:id="IS1008c.D.sil952" starttime="543.21" endtime="543.38"/>
<w nite:id="IS1008c.D.aw953" starttime="543.38" endtime="543.46">I</w>
<w nite:id="IS1008c.D.aw954" starttime="543.46" endtime="543.76">mean</w>
<w nite:id="IS1008c.D.aw955" starttime="543.76" endtime="543.97">each</w>
<w nite:id="IS1008c.D.aw956" starttime="543.97" endtime="544.28">person</w>
<w nite:id="IS1008c.D.aw957" starttime="544.28" endtime="544.53">they</w>
<w nite:id="IS1008c.D.aw958" starttime="544.53" endtime="544.65">have</w>
<w nite:id="IS1008c.D.aw959" starttime="544.65" endtime="544.88">their</w>
<w nite:id="IS1008c.D.aw960" starttime="544.88" endtime="545.57">personalised</w>
<w nite:id="IS1008c.D.aw961" starttime="545.57" endtime="546.62">individualised</w>
<sil nite:id="IS1008c.D.sil962" starttime="546.62" endtime="546.71"/>
<sil nite:id="IS1008c.D.sil963" starttime="546.98" endtime="547.02"/>
<w nite:id="IS1008c.D.aw964" starttime="547.02" endtime="547.4">Speech</w>
<w nite:id="IS1008c.D.aw965" starttime="547.4" endtime="548.13">recognition</w>
<w nite:id="IS1008c.D.aw966" starttime="548.13" endtime="548.6">remote</w>
<w nite:id="IS1008c.D.aw967" starttime="548.6" endtime="549.06">control</w>
<w nite:id="IS1008c.D.aw968" starttime="549.06" endtime="549.26">and</w>
<w nite:id="IS1008c.D.aw969" starttime="549.26" endtime="549.76">what</w>
<w nite:id="IS1008c.D.aw970" starttime="549.76" endtime="550.35">it's</w>
<sil nite:id="IS1008c.D.sil971" starttime="550.35" endtime="550.43"/>
<sil nite:id="IS1008c.D.sil972" starttime="550.7" endtime="550.76"/>
<w nite:id="IS1008c.D.aw973" starttime="550.76" endtime="551.01">Not</w>
<w nite:id="IS1008c.D.aw974" starttime="551.01" endtime="551.09">on</w>
<w nite:id="IS1008c.D.aw975" starttime="551.09" endtime="551.16">the</w>
<w nite:id="IS1008c.D.aw976" starttime="551.16" endtime="551.65">market</w>
<sil nite:id="IS1008c.D.sil977" starttime="551.65" endtime="551.67"/>
<sil nite:id="IS1008c.D.sil978" starttime="563.47" endtime="563.53"/>
<w nite:id="IS1008c.D.aw979" starttime="563.53" endtime="563.88">Because</w>
<w nite:id="IS1008c.D.aw980" starttime="563.88" endtime="564.01">of</w>
<w nite:id="IS1008c.D.aw981" starttime="564.01" endtime="564.4">well</w>
<w nite:id="IS1008c.D.aw982" starttime="564.4" endtime="565.19">i</w>
<sil nite:id="IS1008c.D.sil983" starttime="565.19" endtime="565.21"/>
<sil nite:id="IS1008c.D.sil984" starttime="571.76" endtime="571.94"/>
<w nite:id="IS1008c.D.aw985" starttime="571.94" endtime="572.29">But</w>
<sil nite:id="IS1008c.D.sil986" starttime="572.29" endtime="572.86"/>
<sil nite:id="IS1008c.D.sil987" starttime="574.69" endtime="574.75"/>
<w nite:id="IS1008c.D.aw988" starttime="574.75" endtime="575.23">Well</w>
<w nite:id="IS1008c.D.aw989" starttime="575.23" endtime="575.75">i</w>
<sil nite:id="IS1008c.D.sil990" starttime="575.75" endtime="575.77"/>
<sil nite:id="IS1008c.D.sil991" starttime="610.29" endtime="610.34"/>
<w nite:id="IS1008c.D.aw992" starttime="610.34" endtime="610.47">I</w>
<w nite:id="IS1008c.D.aw993" starttime="610.47" endtime="610.63">do</w>
<w nite:id="IS1008c.D.aw994" starttime="610.63" endtime="610.99">any</w>
<w nite:id="IS1008c.D.aw995" starttime="610.99" endtime="611.22">with</w>
<w nite:id="IS1008c.D.aw996" starttime="611.22" endtime="611.28">the</w>
<w nite:id="IS1008c.D.aw997" starttime="611.28" endtime="611.55">rubber</w>
<w nite:id="IS1008c.D.aw998" starttime="611.55" endtime="612.01">plastic</w>
<w nite:id="IS1008c.D.aw999" starttime="612.01" endtime="612.4">so</w>
<sil nite:id="IS1008c.D.sil1000" starttime="612.4" endtime="612.53"/>
<sil nite:id="IS1008c.D.sil1001" starttime="613.54" endtime="613.67"/>
<w nite:id="IS1008c.D.aw1002" starttime="613.67" endtime="614.01">Sure</w>
<sil nite:id="IS1008c.D.sil1003" starttime="614.01" endtime="614.28"/>
<sil nite:id="IS1008c.D.sil1004" starttime="615.27" endtime="615.37"/>
<w nite:id="IS1008c.D.aw1005" starttime="615.37" endtime="615.69">Joe</w>
<w nite:id="IS1008c.D.aw1006" starttime="615.69" endtime="615.89">more</w>
<sil nite:id="IS1008c.D.sil1007" starttime="615.89" endtime="616.05"/>
<sil nite:id="IS1008c.D.sil1008" starttime="909.55" endtime="909.63"/>
<w nite:id="IS1008c.D.aw1009" starttime="909.63" endtime="909.98">Simple</w>
<w nite:id="IS1008c.D.aw1010" starttime="909.98" endtime="910.45">design</w>
<sil nite:id="IS1008c.D.sil1011" starttime="910.45" endtime="910.6"/>
<sil nite:id="IS1008c.D.sil1012" starttime="911.88" endtime="911.97"/>
<w nite:id="IS1008c.D.aw1013" starttime="911.97" endtime="912.14">So</w>
<w nite:id="IS1008c.D.aw1014" starttime="912.14" endtime="912.67">consumers</w>
<w nite:id="IS1008c.D.aw1015" starttime="912.67" endtime="912.96">want</w>
<sil nite:id="IS1008c.D.sil1016" starttime="912.96" endtime="913.08"/>
<sil nite:id="IS1008c.D.sil1017" starttime="914.54" endtime="914.64"/>
<w nite:id="IS1008c.D.aw1018" starttime="914.64" endtime="914.85">Some</w>
<w nite:id="IS1008c.D.aw1019" starttime="914.85" endtime="914.95">of</w>
<w nite:id="IS1008c.D.aw1020" starttime="914.95" endtime="915.11">like</w>
<w nite:id="IS1008c.D.aw1021" starttime="915.11" endtime="915.52">fifteen</w>
<w nite:id="IS1008c.D.aw1022" starttime="915.52" endtime="915.63">we</w>
<w nite:id="IS1008c.D.aw1023" starttime="915.63" endtime="915.82">have</w>
<w nite:id="IS1008c.D.aw1024" starttime="915.82" endtime="915.88">a</w>
<w nite:id="IS1008c.D.aw1025" starttime="915.88" endtime="916.33">product</w>
<w nite:id="IS1008c.D.aw1026" starttime="916.33" endtime="916.44">i</w>
<w nite:id="IS1008c.D.aw1027" starttime="916.44" endtime="917.51">i</w>
<sil nite:id="IS1008c.D.sil1028" starttime="917.51" endtime="917.65"/>
<sil nite:id="IS1008c.D.sil1029" starttime="919.15" endtime="919.26"/>
<w nite:id="IS1008c.D.aw1030" starttime="919.26" endtime="919.73">Problems</w>
<w nite:id="IS1008c.D.aw1031" starttime="919.73" endtime="920.18">obviously</w>
<w nite:id="IS1008c.D.aw1032" starttime="920.18" endtime="920.38">gonna</w>
<w nite:id="IS1008c.D.aw1033" starttime="920.38" endtime="920.45">be</w>
<w nite:id="IS1008c.D.aw1034" starttime="920.45" endtime="921">cost</w>
<sil nite:id="IS1008c.D.sil1035" starttime="921" endtime="921.09"/>
<sil nite:id="IS1008c.D.sil1036" starttime="922.97" endtime="923.15"/>
<w nite:id="IS1008c.D.aw1037" starttime="923.15" endtime="923.49">Okay</w>
<w nite:id="IS1008c.D.aw1038" starttime="923.49" endtime="923.65">i</w>
<w nite:id="IS1008c.D.aw1039" starttime="923.65" endtime="923.92">also</w>
<w nite:id="IS1008c.D.aw1040" starttime="923.92" endtime="924.13">have</w>
<w nite:id="IS1008c.D.aw1041" starttime="924.13" endtime="924.7">of</w>
<sil nite:id="IS1008c.D.sil1042" starttime="924.7" endtime="924.76"/>
<sil nite:id="IS1008c.D.sil1043" starttime="925.33" endtime="925.43"/>
<w nite:id="IS1008c.D.aw1044" starttime="925.43" endtime="925.72">Very</w>
<w nite:id="IS1008c.D.aw1045" starttime="925.72" endtime="926.4">simple</w>
<sil nite:id="IS1008c.D.sil1046" starttime="926.4" endtime="926.58"/>
<sil nite:id="IS1008c.D.sil1047" starttime="927.73" endtime="927.81"/>
<w nite:id="IS1008c.D.aw1048" starttime="927.81" endtime="928.67">Presentation</w>
<sil nite:id="IS1008c.D.sil1049" starttime="928.67" endtime="928.77"/>
<sil nite:id="IS1008c.D.sil1050" starttime="929.04" endtime="929.19"/>
<w nite:id="IS1008c.D.aw1051" starttime="929.19" endtime="929.33">But</w>
<w nite:id="IS1008c.D.aw1052" starttime="929.33" endtime="929.5">from</w>
<w nite:id="IS1008c.D.aw1053" starttime="929.5" endtime="929.55">a</w>
<w nite:id="IS1008c.D.aw1054" starttime="929.55" endtime="929.97">marketing</w>
<w nite:id="IS1008c.D.aw1055" starttime="929.97" endtime="930.3">point</w>
<w nite:id="IS1008c.D.aw1056" starttime="930.3" endtime="930.4">you</w>
<w nite:id="IS1008c.D.aw1057" starttime="930.4" endtime="930.5">have</w>
<w nite:id="IS1008c.D.aw1058" starttime="930.5" endtime="930.58">to</w>
<w nite:id="IS1008c.D.aw1059" starttime="930.58" endtime="930.74">see</w>
<w nite:id="IS1008c.D.aw1060" starttime="930.74" endtime="930.88">what</w>
<w nite:id="IS1008c.D.aw1061" starttime="930.88" endtime="930.96">the</w>
<w nite:id="IS1008c.D.aw1062" starttime="930.96" endtime="931.46">consumers</w>
<w nite:id="IS1008c.D.aw1063" starttime="931.46" endtime="931.95">want</w>
<sil nite:id="IS1008c.D.sil1064" starttime="931.95" endtime="932.06"/>
<sil nite:id="IS1008c.D.sil1065" starttime="933.21" endtime="933.37"/>
<w nite:id="IS1008c.D.aw1066" starttime="933.37" endtime="933.67">Also</w>
<w nite:id="IS1008c.D.aw1067" starttime="933.67" endtime="933.95">have</w>
<w nite:id="IS1008c.D.aw1068" starttime="933.95" endtime="934.52">well</w>
<sil nite:id="IS1008c.D.sil1069" starttime="934.52" endtime="934.59"/>
<sil nite:id="IS1008c.D.sil1070" starttime="935.29" endtime="935.39"/>
<w nite:id="IS1008c.D.aw1071" starttime="935.39" endtime="935.81">Copied</w>
<w nite:id="IS1008c.D.aw1072" starttime="935.81" endtime="936.15">uh</w>
<sil nite:id="IS1008c.D.sil1073" starttime="936.15" endtime="936.31"/>
<sil nite:id="IS1008c.D.sil1074" starttime="937.82" endtime="937.94"/>
<w nite:id="IS1008c.D.aw1075" starttime="937.94" endtime="938.25">Different</w>
<w nite:id="IS1008c.D.aw1076" starttime="938.25" endtime="938.39">type</w>
<w nite:id="IS1008c.D.aw1077" starttime="938.39" endtime="938.51">of</w>
<w nite:id="IS1008c.D.aw1078" starttime="938.51" endtime="938.93">remote</w>
<sil nite:id="IS1008c.D.sil1079" starttime="938.93" endtime="938.99"/>
<sil nite:id="IS1008c.D.sil1080" starttime="940.89" endtime="940.99"/>
<w nite:id="IS1008c.D.aw1081" starttime="940.99" endtime="941.16">If</w>
<w nite:id="IS1008c.D.aw1082" starttime="941.16" endtime="941.24">you</w>
<w nite:id="IS1008c.D.aw1083" starttime="941.24" endtime="941.38">can</w>
<w nite:id="IS1008c.D.aw1084" starttime="941.38" endtime="941.65">find</w>
<w nite:id="IS1008c.D.aw1085" starttime="941.65" endtime="941.92">me</w>
<w nite:id="IS1008c.D.aw1086" starttime="941.92" endtime="942.27">where</w>
<w nite:id="IS1008c.D.aw1087" starttime="942.27" endtime="942.42">i'm</w>
<w nite:id="IS1008c.D.aw1088" starttime="942.42" endtime="942.63">at</w>
<sil nite:id="IS1008c.D.sil1089" starttime="942.63" endtime="942.94"/>
<sil nite:id="IS1008c.D.sil1090" starttime="944.19" endtime="944.37"/>
<w nite:id="IS1008c.D.aw1091" starttime="944.37" endtime="944.63">Should</w>
<w nite:id="IS1008c.D.aw1092" starttime="944.63" endtime="944.74">we</w>
<w nite:id="IS1008c.D.aw1093" starttime="944.74" endtime="944.87">be</w>
<w nite:id="IS1008c.D.aw1094" starttime="944.87" endtime="945.14">one</w>
<w nite:id="IS1008c.D.aw1095" starttime="945.14" endtime="945.23">in</w>
<w nite:id="IS1008c.D.aw1096" starttime="945.23" endtime="945.55">here</w>
<sil nite:id="IS1008c.D.sil1097" starttime="945.55" endtime="945.66"/>
<sil nite:id="IS1008c.D.sil1098" starttime="946.77" endtime="946.8"/>
<w nite:id="IS1008c.D.aw1099" starttime="946.8" endtime="947.32">Sure</w>
<w nite:id="IS1008c.D.aw1100" starttime="947.32" endtime="947.55">sure</w>
<sil nite:id="IS1008c.D.sil1101" starttime="947.55" endtime="947.64"/>
<sil nite:id="IS1008c.D.sil1102" starttime="954.71" endtime="954.95"/>
<w nite:id="IS1008c.D.aw1103" starttime="954.95" endtime="955.17">Being</w>
<w nite:id="IS1008c.D.aw1104" starttime="955.17" endtime="955.72">modified</w>
<sil nite:id="IS1008c.D.sil1105" starttime="955.72" endtime="955.94"/>
<sil nite:id="IS1008c.D.sil1106" starttime="956.47" endtime="957.21"/>
<w nite:id="IS1008c.D.aw1107" starttime="957.21" endtime="957.33">For</w>
<w nite:id="IS1008c.D.aw1108" starttime="957.33" endtime="957.73">stealing</w>
<w nite:id="IS1008c.D.aw1109" starttime="957.73" endtime="957.82">our</w>
<w nite:id="IS1008c.D.aw1110" starttime="957.82" endtime="958.35">product</w>
<sil nite:id="IS1008c.D.sil1111" starttime="958.35" endtime="958.44"/>
<sil nite:id="IS1008c.D.sil1112" starttime="960.51" endtime="960.63"/>
<w nite:id="IS1008c.D.aw1113" starttime="960.63" endtime="960.84">With</w>
<w nite:id="IS1008c.D.aw1114" starttime="960.84" endtime="960.92">the</w>
<w nite:id="IS1008c.D.aw1115" starttime="960.92" endtime="962.18">municipal</w>
<w nite:id="IS1008c.D.aw1116" starttime="962.18" endtime="962.83">questionnaires</w>
<w nite:id="IS1008c.D.aw1117" starttime="962.83" endtime="962.95">and</w>
<w nite:id="IS1008c.D.aw1118" starttime="962.95" endtime="963.18">every</w>
<w nite:id="IS1008c.D.aw1119" starttime="963.18" endtime="963.34">year</w>
<w nite:id="IS1008c.D.aw1120" starttime="963.34" endtime="963.46">is</w>
<w nite:id="IS1008c.D.aw1121" starttime="963.46" endtime="963.76">because</w>
<w nite:id="IS1008c.D.aw1122" starttime="963.76" endtime="963.85">it</w>
<w nite:id="IS1008c.D.aw1123" starttime="963.85" endtime="964.06">was</w>
<w nite:id="IS1008c.D.aw1124" starttime="964.06" endtime="964.27">a</w>
<w nite:id="IS1008c.D.aw1125" starttime="964.27" endtime="964.78">cinetis</w>
<w nite:id="IS1008c.D.aw1126" starttime="964.78" endtime="964.85">you</w>
<w nite:id="IS1008c.D.aw1127" starttime="964.85" endtime="965.06">would</w>
<w nite:id="IS1008c.D.aw1128" starttime="965.06" endtime="965.22">come</w>
<w nite:id="IS1008c.D.aw1129" starttime="965.22" endtime="965.53">most</w>
<w nite:id="IS1008c.D.aw1130" starttime="965.53" endtime="965.97">consumers</w>
<w nite:id="IS1008c.D.aw1131" starttime="965.97" endtime="966.05">are</w>
<w nite:id="IS1008c.D.aw1132" starttime="966.05" endtime="966.36">looking</w>
<w nite:id="IS1008c.D.aw1133" starttime="966.36" endtime="966.64">for</w>
<w nite:id="IS1008c.D.aw1134" starttime="966.64" endtime="967.2">today</w>
<sil nite:id="IS1008c.D.sil1135" starttime="967.2" endtime="967.3"/>
<sil nite:id="IS1008c.D.sil1136" starttime="967.57" endtime="967.59"/>
<w nite:id="IS1008c.D.aw1137" starttime="967.59" endtime="967.68">This</w>
<w nite:id="IS1008c.D.aw1138" starttime="967.68" endtime="967.92">is</w>
<w nite:id="IS1008c.D.aw1139" starttime="967.92" endtime="968.47">the</w>
<w nite:id="IS1008c.D.aw1140" starttime="968.47" endtime="968.96">trends</w>
<w nite:id="IS1008c.D.aw1141" starttime="968.96" endtime="969.38">changing</w>
<w nite:id="IS1008c.D.aw1142" starttime="969.38" endtime="969.68">very</w>
<w nite:id="IS1008c.D.aw1143" starttime="969.68" endtime="969.86">very</w>
<w nite:id="IS1008c.D.aw1144" starttime="969.86" endtime="970.41">quickly</w>
<sil nite:id="IS1008c.D.sil1145" starttime="970.41" endtime="970.52"/>
<sil nite:id="IS1008c.D.sil1146" starttime="970.85" endtime="970.94"/>
<w nite:id="IS1008c.D.aw1147" starttime="970.94" endtime="971.11">In</w>
<w nite:id="IS1008c.D.aw1148" starttime="971.11" endtime="971.35">six</w>
<w nite:id="IS1008c.D.aw1149" starttime="971.35" endtime="971.56">months</w>
<w nite:id="IS1008c.D.aw1150" starttime="971.56" endtime="971.77">maybe</w>
<w nite:id="IS1008c.D.aw1151" starttime="971.77" endtime="971.99">this</w>
<w nite:id="IS1008c.D.aw1152" starttime="971.99" endtime="972.6">ideas</w>
<w nite:id="IS1008c.D.aw1153" starttime="972.6" endtime="973.2">already</w>
<w nite:id="IS1008c.D.aw1154" starttime="973.2" endtime="973.4">got</w>
<w nite:id="IS1008c.D.aw1155" starttime="973.4" endtime="973.55">out</w>
<w nite:id="IS1008c.D.aw1156" starttime="973.55" endtime="973.64">the</w>
<w nite:id="IS1008c.D.aw1157" starttime="973.64" endtime="974.04">window</w>
<sil nite:id="IS1008c.D.sil1158" starttime="974.04" endtime="974.1"/>
<sil nite:id="IS1008c.D.sil1159" starttime="974.37" endtime="974.39"/>
<w nite:id="IS1008c.D.aw1160" starttime="974.39" endtime="974.6">So</w>
<w nite:id="IS1008c.D.aw1161" starttime="974.6" endtime="975">it's</w>
<w nite:id="IS1008c.D.aw1162" starttime="975" endtime="975.21">gonna</w>
<w nite:id="IS1008c.D.aw1163" starttime="975.21" endtime="975.33">be</w>
<w nite:id="IS1008c.D.aw1164" starttime="975.33" endtime="975.39">a</w>
<w nite:id="IS1008c.D.aw1165" starttime="975.39" endtime="975.72">question</w>
<w nite:id="IS1008c.D.aw1166" starttime="975.72" endtime="975.89">how</w>
<w nite:id="IS1008c.D.aw1167" starttime="975.89" endtime="976.22">fast</w>
<w nite:id="IS1008c.D.aw1168" starttime="976.22" endtime="976.32">we</w>
<w nite:id="IS1008c.D.aw1169" starttime="976.32" endtime="976.48">can</w>
<w nite:id="IS1008c.D.aw1170" starttime="976.48" endtime="976.88">act</w>
<sil nite:id="IS1008c.D.sil1171" starttime="976.88" endtime="976.93"/>
<sil nite:id="IS1008c.D.sil1172" starttime="977.61" endtime="977.68"/>
<w nite:id="IS1008c.D.aw1173" starttime="977.68" endtime="977.89">Yeah</w>
<w nite:id="IS1008c.D.aw1174" starttime="977.89" endtime="978.5">uh</w>
<w nite:id="IS1008c.D.aw1175" starttime="978.5" endtime="978.67">they</w>
<w nite:id="IS1008c.D.aw1176" starttime="978.67" endtime="978.87">are</w>
<w nite:id="IS1008c.D.aw1177" starttime="978.87" endtime="979.02">your</w>
<w nite:id="IS1008c.D.aw1178" starttime="979.02" endtime="979.32">wrist</w>
<w nite:id="IS1008c.D.aw1179" starttime="979.32" endtime="979.58">wrist</w>
<w nite:id="IS1008c.D.aw1180" starttime="979.58" endtime="979.72">am</w>
<w nite:id="IS1008c.D.aw1181" starttime="979.72" endtime="979.81">i</w>
<w nite:id="IS1008c.D.aw1182" starttime="979.81" endtime="980.08">know</w>
<sil nite:id="IS1008c.D.sil1183" starttime="980.08" endtime="980.18"/>
<sil nite:id="IS1008c.D.sil1184" starttime="981.92" endtime="982.11"/>
<w nite:id="IS1008c.D.aw1185" starttime="982.11" endtime="982.32">No</w>
<w nite:id="IS1008c.D.aw1186" starttime="982.32" endtime="982.54">no</w>
<sil nite:id="IS1008c.D.sil1187" starttime="982.54" endtime="982.61"/>
<sil nite:id="IS1008c.D.sil1188" starttime="982.88" endtime="982.99"/>
<w nite:id="IS1008c.D.aw1189" starttime="982.99" endtime="983.45">No</w>
<sil nite:id="IS1008c.D.sil1190" starttime="983.45" endtime="983.57"/>
<sil nite:id="IS1008c.D.sil1191" starttime="985.25" endtime="985.38"/>
<w nite:id="IS1008c.D.aw1192" starttime="985.38" endtime="985.54">So</w>
<w nite:id="IS1008c.D.aw1193" starttime="985.54" endtime="985.61">i</w>
<w nite:id="IS1008c.D.aw1194" starttime="985.61" endtime="985.73">don't</w>
<w nite:id="IS1008c.D.aw1195" starttime="985.73" endtime="985.81">know</w>
<w nite:id="IS1008c.D.aw1196" starttime="985.81" endtime="985.91">the</w>
<w nite:id="IS1008c.D.aw1197" starttime="985.91" endtime="986.58">commentator</w>
<sil nite:id="IS1008c.D.sil1198" starttime="986.58" endtime="986.65"/>
<sil nite:id="IS1008c.D.sil1199" starttime="986.92" endtime="987"/>
<w nite:id="IS1008c.D.aw1200" starttime="987" endtime="987.26">Oh</w>
<w nite:id="IS1008c.D.aw1201" starttime="987.26" endtime="987.37">the</w>
<w nite:id="IS1008c.D.aw1202" starttime="987.37" endtime="987.68">market</w>
<w nite:id="IS1008c.D.aw1203" starttime="987.68" endtime="988.24">trend</w>
<sil nite:id="IS1008c.D.sil1204" starttime="988.24" endtime="988.54"/>
<sil nite:id="IS1008c.D.sil1205" starttime="989.13" endtime="989.23"/>
<w nite:id="IS1008c.D.aw1206" starttime="989.23" endtime="989.43">This</w>
<w nite:id="IS1008c.D.aw1207" starttime="989.43" endtime="989.52">is</w>
<w nite:id="IS1008c.D.aw1208" starttime="989.52" endtime="989.68">what</w>
<w nite:id="IS1008c.D.aw1209" starttime="989.68" endtime="989.8">we</w>
<w nite:id="IS1008c.D.aw1210" starttime="989.8" endtime="990.04">know</w>
<w nite:id="IS1008c.D.aw1211" starttime="990.04" endtime="990.22">from</w>
<w nite:id="IS1008c.D.aw1212" starttime="990.22" endtime="990.3">the</w>
<w nite:id="IS1008c.D.aw1213" starttime="990.3" endtime="990.81">last</w>
<w nite:id="IS1008c.D.aw1214" starttime="990.81" endtime="991.06">uh</w>
<w nite:id="IS1008c.D.aw1215" starttime="991.06" endtime="991.14">or</w>
<w nite:id="IS1008c.D.aw1216" starttime="991.14" endtime="991.33">from</w>
<w nite:id="IS1008c.D.aw1217" starttime="991.33" endtime="992.18">the</w>
<w nite:id="IS1008c.D.aw1218" starttime="992.18" endtime="992.81">questionnaires</w>
<w nite:id="IS1008c.D.aw1219" starttime="992.81" endtime="992.98">and</w>
<w nite:id="IS1008c.D.aw1220" starttime="992.98" endtime="993.31">although</w>
<w nite:id="IS1008c.D.aw1221" starttime="993.31" endtime="993.91">although</w>
<sil nite:id="IS1008c.D.sil1222" starttime="993.91" endtime="993.99"/>
<sil nite:id="IS1008c.D.sil1223" starttime="994.26" endtime="994.28"/>
<w nite:id="IS1008c.D.aw1224" starttime="994.28" endtime="994.79">Surveys</w>
<w nite:id="IS1008c.D.aw1225" starttime="994.79" endtime="994.98">we've</w>
<w nite:id="IS1008c.D.aw1226" starttime="994.98" endtime="995.41">done</w>
<w nite:id="IS1008c.D.aw1227" starttime="995.41" endtime="995.88">fancy</w>
<w nite:id="IS1008c.D.aw1228" starttime="995.88" endtime="996.02">and</w>
<w nite:id="IS1008c.D.aw1229" starttime="996.02" endtime="996.29">feel</w>
<w nite:id="IS1008c.D.aw1230" starttime="996.29" endtime="996.52">good</w>
<w nite:id="IS1008c.D.aw1231" starttime="996.52" endtime="996.71">that's</w>
<w nite:id="IS1008c.D.aw1232" starttime="996.71" endtime="996.83">what</w>
<w nite:id="IS1008c.D.aw1233" starttime="996.83" endtime="997.04">we're</w>
<w nite:id="IS1008c.D.aw1234" starttime="997.04" endtime="997.35">looking</w>
<w nite:id="IS1008c.D.aw1235" starttime="997.35" endtime="997.5">for</w>
<w nite:id="IS1008c.D.aw1236" starttime="997.5" endtime="997.9">something</w>
<w nite:id="IS1008c.D.aw1237" starttime="997.9" endtime="998.07">that</w>
<w nite:id="IS1008c.D.aw1238" starttime="998.07" endtime="998.36">feels</w>
<w nite:id="IS1008c.D.aw1239" starttime="998.36" endtime="998.51">good</w>
<w nite:id="IS1008c.D.aw1240" starttime="998.51" endtime="998.59">in</w>
<w nite:id="IS1008c.D.aw1241" starttime="998.59" endtime="998.65">the</w>
<w nite:id="IS1008c.D.aw1242" starttime="998.65" endtime="998.96">hand</w>
<w nite:id="IS1008c.D.aw1243" starttime="998.96" endtime="999.13">that's</w>
<w nite:id="IS1008c.D.aw1244" starttime="999.13" endtime="999.39">easy</w>
<w nite:id="IS1008c.D.aw1245" starttime="999.39" endtime="999.51">to</w>
<w nite:id="IS1008c.D.aw1246" starttime="999.51" endtime="999.99">use</w>
<sil nite:id="IS1008c.D.sil1247" starttime="999.99" endtime="1000.11"/>
<sil nite:id="IS1008c.D.sil1248" starttime="1000.44" endtime="1000.58"/>
<w nite:id="IS1008c.D.aw1249" starttime="1000.58" endtime="1000.72">But</w>
<w nite:id="IS1008c.D.aw1250" starttime="1000.72" endtime="1001.06">different</w>
<w nite:id="IS1008c.D.aw1251" starttime="1001.06" endtime="1001.37">next</w>
<w nite:id="IS1008c.D.aw1252" starttime="1001.37" endtime="1001.95">generation</w>
<w nite:id="IS1008c.D.aw1253" starttime="1001.95" endtime="1002.08">of</w>
<w nite:id="IS1008c.D.aw1254" starttime="1002.08" endtime="1002.6">innovation</w>
<w nite:id="IS1008c.D.aw1255" starttime="1002.6" endtime="1003.02">because</w>
<w nite:id="IS1008c.D.aw1256" starttime="1003.02" endtime="1003.16">all</w>
<w nite:id="IS1008c.D.aw1257" starttime="1003.16" endtime="1003.22">the</w>
<w nite:id="IS1008c.D.aw1258" starttime="1003.22" endtime="1003.54">remote</w>
<w nite:id="IS1008c.D.aw1259" starttime="1003.54" endtime="1003.79">out</w>
<w nite:id="IS1008c.D.aw1260" starttime="1003.79" endtime="1003.97">there</w>
<w nite:id="IS1008c.D.aw1261" starttime="1003.97" endtime="1004.33">now</w>
<w nite:id="IS1008c.D.aw1262" starttime="1004.33" endtime="1004.48">they're</w>
<w nite:id="IS1008c.D.aw1263" starttime="1004.48" endtime="1004.69">all</w>
<w nite:id="IS1008c.D.aw1264" starttime="1004.69" endtime="1004.94">very</w>
<w nite:id="IS1008c.D.aw1265" starttime="1004.94" endtime="1005.46">similar</w>
<w nite:id="IS1008c.D.aw1266" starttime="1005.46" endtime="1005.72">they'll</w>
<w nite:id="IS1008c.D.aw1267" starttime="1005.72" endtime="1005.81">do</w>
<w nite:id="IS1008c.D.aw1268" starttime="1005.81" endtime="1005.96">the</w>
<w nite:id="IS1008c.D.aw1269" starttime="1005.96" endtime="1006.21">same</w>
<w nite:id="IS1008c.D.aw1270" starttime="1006.21" endtime="1006.73">thing</w>
<sil nite:id="IS1008c.D.sil1271" starttime="1006.73" endtime="1006.79"/>
<sil nite:id="IS1008c.D.sil1272" starttime="1007.13" endtime="1007.2"/>
<w nite:id="IS1008c.D.aw1273" starttime="1007.2" endtime="1007.31">We</w>
<w nite:id="IS1008c.D.aw1274" starttime="1007.31" endtime="1007.4">have</w>
<w nite:id="IS1008c.D.aw1275" starttime="1007.4" endtime="1007.51">to</w>
<w nite:id="IS1008c.D.aw1276" starttime="1007.51" endtime="1007.84">something</w>
<w nite:id="IS1008c.D.aw1277" starttime="1007.84" endtime="1008.29">completely</w>
<w nite:id="IS1008c.D.aw1278" starttime="1008.29" endtime="1008.56">different</w>
<sil nite:id="IS1008c.D.sil1279" starttime="1008.56" endtime="1008.66"/>
<sil nite:id="IS1008c.D.sil1280" starttime="1009.2" endtime="1009.28"/>
<w nite:id="IS1008c.D.aw1281" starttime="1009.28" endtime="1009.98">"'kay"</w>
<w nite:id="IS1008c.D.aw1282" starttime="1009.98" endtime="1010.3">easy</w>
<w nite:id="IS1008c.D.aw1283" starttime="1010.3" endtime="1010.36">to</w>
<w nite:id="IS1008c.D.aw1284" starttime="1010.36" endtime="1010.67">use</w>
<w nite:id="IS1008c.D.aw1285" starttime="1010.67" endtime="1010.82">as</w>
<w nite:id="IS1008c.D.aw1286" starttime="1010.82" endtime="1010.97">well</w>
<w nite:id="IS1008c.D.aw1287" starttime="1010.97" endtime="1011.09">as</w>
<w nite:id="IS1008c.D.aw1288" starttime="1011.09" endtime="1011.56">become</w>
<w nite:id="IS1008c.D.aw1289" starttime="1011.56" endtime="1011.74">has</w>
<w nite:id="IS1008c.D.aw1290" starttime="1011.74" endtime="1012.05">become</w>
<w nite:id="IS1008c.D.aw1291" starttime="1012.05" endtime="1012.53">another</w>
<w nite:id="IS1008c.D.aw1292" starttime="1012.53" endtime="1012.82">major</w>
<w nite:id="IS1008c.D.aw1293" starttime="1012.82" endtime="1013.23">interest</w>
<w nite:id="IS1008c.D.aw1294" starttime="1013.23" endtime="1013.52">that</w>
<w nite:id="IS1008c.D.aw1295" starttime="1013.52" endtime="1014.07">the</w>
<sil nite:id="IS1008c.D.sil1296" starttime="1014.07" endtime="1014.25"/>
<sil nite:id="IS1008c.D.sil1297" starttime="1014.53" endtime="1014.67"/>
<w nite:id="IS1008c.D.aw1298" starttime="1014.67" endtime="1014.87">With</w>
<w nite:id="IS1008c.D.aw1299" starttime="1014.87" endtime="1014.99">the</w>
<w nite:id="IS1008c.D.aw1300" starttime="1014.99" endtime="1015.44">whiteboard</w>
<w nite:id="IS1008c.D.aw1301" starttime="1015.44" endtime="1015.54">we</w>
<w nite:id="IS1008c.D.aw1302" starttime="1015.54" endtime="1015.72">can</w>
<w nite:id="IS1008c.D.aw1303" starttime="1015.72" endtime="1015.95">see</w>
<w nite:id="IS1008c.D.aw1304" starttime="1015.95" endtime="1016.3">that</w>
<w nite:id="IS1008c.D.aw1305" starttime="1016.3" endtime="1016.45">uh</w>
<w nite:id="IS1008c.D.aw1306" starttime="1016.45" endtime="1016.81">remote</w>
<w nite:id="IS1008c.D.aw1307" starttime="1016.81" endtime="1017.12">that's</w>
<w nite:id="IS1008c.D.aw1308" starttime="1017.12" endtime="1017.39">easy</w>
<w nite:id="IS1008c.D.aw1309" starttime="1017.39" endtime="1017.51">to</w>
<w nite:id="IS1008c.D.aw1310" starttime="1017.51" endtime="1018">use</w>
<sil nite:id="IS1008c.D.sil1311" starttime="1018" endtime="1018.08"/>
<sil nite:id="IS1008c.D.sil1312" starttime="1019.32" endtime="1019.4"/>
<w nite:id="IS1008c.D.aw1313" starttime="1019.4" endtime="1019.58">And</w>
<w nite:id="IS1008c.D.aw1314" starttime="1019.58" endtime="1019.66">i</w>
<w nite:id="IS1008c.D.aw1315" starttime="1019.66" endtime="1019.84">think</w>
<w nite:id="IS1008c.D.aw1316" starttime="1019.84" endtime="1019.99">this</w>
<w nite:id="IS1008c.D.aw1317" starttime="1019.99" endtime="1020.12">is</w>
<w nite:id="IS1008c.D.aw1318" starttime="1020.12" endtime="1020.39">another</w>
<w nite:id="IS1008c.D.aw1319" starttime="1020.39" endtime="1020.56">thing</w>
<w nite:id="IS1008c.D.aw1320" starttime="1020.56" endtime="1020.74">is</w>
<w nite:id="IS1008c.D.aw1321" starttime="1020.74" endtime="1021.12">interesting</w>
<w nite:id="IS1008c.D.aw1322" starttime="1021.12" endtime="1021.23">is</w>
<w nite:id="IS1008c.D.aw1323" starttime="1021.23" endtime="1021.3">the</w>
<w nite:id="IS1008c.D.aw1324" starttime="1021.3" endtime="1021.84">consumers</w>
<w nite:id="IS1008c.D.aw1325" starttime="1021.84" endtime="1022.14">actually</w>
<w nite:id="IS1008c.D.aw1326" starttime="1022.14" endtime="1022.45">willing</w>
<w nite:id="IS1008c.D.aw1327" starttime="1022.45" endtime="1022.53">to</w>
<w nite:id="IS1008c.D.aw1328" starttime="1022.53" endtime="1022.73">pay</w>
<w nite:id="IS1008c.D.aw1329" starttime="1022.73" endtime="1022.82">the</w>
<w nite:id="IS1008c.D.aw1330" starttime="1022.82" endtime="1023.09">price</w>
<w nite:id="IS1008c.D.aw1331" starttime="1023.09" endtime="1023.23">for</w>
<w nite:id="IS1008c.D.aw1332" starttime="1023.23" endtime="1023.63">exciting</w>
<w nite:id="IS1008c.D.aw1333" starttime="1023.63" endtime="1023.77">to</w>
<w nite:id="IS1008c.D.aw1334" starttime="1023.77" endtime="1023.9">have</w>
<w nite:id="IS1008c.D.aw1335" starttime="1023.9" endtime="1024.52">technology</w>
<sil nite:id="IS1008c.D.sil1336" starttime="1024.52" endtime="1024.6"/>
<sil nite:id="IS1008c.D.sil1337" starttime="1025.21" endtime="1025.3"/>
<w nite:id="IS1008c.D.aw1338" starttime="1025.3" endtime="1025.52">So</w>
<w nite:id="IS1008c.D.aw1339" starttime="1025.52" endtime="1025.71">we</w>
<w nite:id="IS1008c.D.aw1340" starttime="1025.71" endtime="1025.84">have</w>
<w nite:id="IS1008c.D.aw1341" starttime="1025.84" endtime="1025.92">we</w>
<w nite:id="IS1008c.D.aw1342" starttime="1025.92" endtime="1026.02">have</w>
<w nite:id="IS1008c.D.aw1343" starttime="1026.02" endtime="1026.08">a</w>
<w nite:id="IS1008c.D.aw1344" starttime="1026.08" endtime="1026.46">product</w>
<w nite:id="IS1008c.D.aw1345" starttime="1026.46" endtime="1026.55">that</w>
<w nite:id="IS1008c.D.aw1346" starttime="1026.55" endtime="1026.7">may</w>
<w nite:id="IS1008c.D.aw1347" starttime="1026.7" endtime="1026.87">be</w>
<w nite:id="IS1008c.D.aw1348" starttime="1026.87" endtime="1027.09">more</w>
<w nite:id="IS1008c.D.aw1349" starttime="1027.09" endtime="1027.89">expensive</w>
<sil nite:id="IS1008c.D.sil1350" starttime="1027.89" endtime="1027.97"/>
<sil nite:id="IS1008c.D.sil1351" starttime="1028.55" endtime="1028.65"/>
<w nite:id="IS1008c.D.aw1352" starttime="1028.65" endtime="1028.81">If</w>
<w nite:id="IS1008c.D.aw1353" starttime="1028.81" endtime="1028.96">it</w>
<w nite:id="IS1008c.D.aw1354" starttime="1028.96" endtime="1029.19">comes</w>
<w nite:id="IS1008c.D.aw1355" starttime="1029.19" endtime="1029.42">out</w>
<w nite:id="IS1008c.D.aw1356" starttime="1029.42" endtime="1029.73">right</w>
<sil nite:id="IS1008c.D.sil1357" starttime="1029.73" endtime="1029.84"/>
<sil nite:id="IS1008c.D.sil1358" starttime="1030.29" endtime="1030.38"/>
<w nite:id="IS1008c.D.aw1359" starttime="1030.38" endtime="1030.66">If</w>
<w nite:id="IS1008c.D.aw1360" starttime="1030.66" endtime="1030.81">they</w>
<w nite:id="IS1008c.D.aw1361" starttime="1030.81" endtime="1031.54">didn't</w>
<w nite:id="IS1008c.D.aw1362" starttime="1031.54" endtime="1032.01">look</w>
<w nite:id="IS1008c.D.aw1363" starttime="1032.01" endtime="1032.33">it</w>
<w nite:id="IS1008c.D.aw1364" starttime="1032.33" endtime="1032.56">looks</w>
<w nite:id="IS1008c.D.aw1365" starttime="1032.56" endtime="1032.74">and</w>
<w nite:id="IS1008c.D.aw1366" starttime="1032.74" endtime="1033.08">feels</w>
<w nite:id="IS1008c.D.aw1367" starttime="1033.08" endtime="1033.46">good</w>
<w nite:id="IS1008c.D.aw1368" starttime="1033.46" endtime="1033.55">to</w>
<w nite:id="IS1008c.D.aw1369" starttime="1033.55" endtime="1033.83">have</w>
<w nite:id="IS1008c.D.aw1370" starttime="1033.83" endtime="1034.55">technology</w>
<sil nite:id="IS1008c.D.sil1371" starttime="1034.55" endtime="1034.67"/>
<sil nite:id="IS1008c.D.sil1372" starttime="1035.25" endtime="1035.33"/>
<w nite:id="IS1008c.D.aw1373" starttime="1035.33" endtime="1035.56">The</w>
<w nite:id="IS1008c.D.aw1374" starttime="1035.56" endtime="1035.94">second</w>
<w nite:id="IS1008c.D.aw1375" starttime="1035.94" endtime="1036.35">two</w>
<w nite:id="IS1008c.D.aw1376" starttime="1036.35" endtime="1036.48">you</w>
<w nite:id="IS1008c.D.aw1377" starttime="1036.48" endtime="1036.58">can</w>
<w nite:id="IS1008c.D.aw1378" starttime="1036.58" endtime="1036.72">see</w>
<w nite:id="IS1008c.D.aw1379" starttime="1036.72" endtime="1036.84">the</w>
<w nite:id="IS1008c.D.aw1380" starttime="1036.84" endtime="1037.16">last</w>
<w nite:id="IS1008c.D.aw1381" starttime="1037.16" endtime="1037.32">one</w>
<w nite:id="IS1008c.D.aw1382" starttime="1037.32" endtime="1037.43">is</w>
<w nite:id="IS1008c.D.aw1383" starttime="1037.43" endtime="1037.48">a</w>
<w nite:id="IS1008c.D.aw1384" starttime="1037.48" endtime="1037.78">very</w>
<w nite:id="IS1008c.D.aw1385" starttime="1037.78" endtime="1038.42">easy</w>
<w nite:id="IS1008c.D.aw1386" starttime="1038.42" endtime="1039.07">simple</w>
<w nite:id="IS1008c.D.aw1387" starttime="1039.07" endtime="1039.55">design</w>
<sil nite:id="IS1008c.D.sil1388" starttime="1039.55" endtime="1039.73"/>
<sil nite:id="IS1008c.D.sil1389" starttime="1040.51" endtime="1040.62"/>
<w nite:id="IS1008c.D.aw1390" starttime="1040.62" endtime="1040.75">The</w>
<w nite:id="IS1008c.D.aw1391" starttime="1040.75" endtime="1041.11">second</w>
<w nite:id="IS1008c.D.aw1392" starttime="1041.11" endtime="1041.35">one</w>
<w nite:id="IS1008c.D.aw1393" starttime="1041.35" endtime="1041.56">is</w>
<w nite:id="IS1008c.D.aw1394" starttime="1041.56" endtime="1042.05">about</w>
<w nite:id="IS1008c.D.aw1395" starttime="1042.05" endtime="1042.42">uh</w>
<w nite:id="IS1008c.D.aw1396" starttime="1042.42" endtime="1042.74">forty</w>
<w nite:id="IS1008c.D.aw1397" starttime="1042.74" endtime="1042.97">five</w>
<w nite:id="IS1008c.D.aw1398" starttime="1042.97" endtime="1043.33">thousand</w>
<w nite:id="IS1008c.D.aw1399" starttime="1043.33" endtime="1043.61">different</w>
<w nite:id="IS1008c.D.aw1400" starttime="1043.61" endtime="1043.91">buttons</w>
<w nite:id="IS1008c.D.aw1401" starttime="1043.91" endtime="1044.12">on</w>
<w nite:id="IS1008c.D.aw1402" starttime="1044.12" endtime="1044.33">it</w>
<w nite:id="IS1008c.D.aw1403" starttime="1044.33" endtime="1044.55">which</w>
<w nite:id="IS1008c.D.aw1404" starttime="1044.55" endtime="1044.77">makes</w>
<w nite:id="IS1008c.D.aw1405" starttime="1044.77" endtime="1044.94">it</w>
<w nite:id="IS1008c.D.aw1406" starttime="1044.94" endtime="1045.24">very</w>
<w nite:id="IS1008c.D.aw1407" starttime="1045.24" endtime="1045.45">hard</w>
<w nite:id="IS1008c.D.aw1408" starttime="1045.45" endtime="1045.54">to</w>
<w nite:id="IS1008c.D.aw1409" starttime="1045.54" endtime="1046.13">read</w>
<w nite:id="IS1008c.D.aw1410" starttime="1046.13" endtime="1046.29">for</w>
<w nite:id="IS1008c.D.aw1411" starttime="1046.29" endtime="1046.4">an</w>
<w nite:id="IS1008c.D.aw1412" starttime="1046.4" endtime="1046.47">i.</w>
<w nite:id="IS1008c.D.aw1413" starttime="1046.47" endtime="1046.62">d.</w>
<w nite:id="IS1008c.D.aw1414" starttime="1046.62" endtime="1047.09">is</w>
<w nite:id="IS1008c.D.aw1415" starttime="1047.09" endtime="1047.21">the</w>
<w nite:id="IS1008c.D.aw1416" starttime="1047.21" endtime="1047.51">first</w>
<w nite:id="IS1008c.D.aw1417" starttime="1047.51" endtime="1047.77">one</w>
<w nite:id="IS1008c.D.aw1418" starttime="1047.77" endtime="1047.86">i</w>
<w nite:id="IS1008c.D.aw1419" starttime="1047.86" endtime="1048.31">see</w>
<sil nite:id="IS1008c.D.sil1420" starttime="1048.31" endtime="1048.43"/>
<sil nite:id="IS1008c.D.sil1421" starttime="1048.72" endtime="1048.84"/>
<w nite:id="IS1008c.D.aw1422" starttime="1048.84" endtime="1049.03">But</w>
<w nite:id="IS1008c.D.aw1423" starttime="1049.03" endtime="1049.14">they</w>
<w nite:id="IS1008c.D.aw1424" starttime="1049.14" endtime="1049.38">put</w>
<w nite:id="IS1008c.D.aw1425" starttime="1049.38" endtime="1049.54">in</w>
<w nite:id="IS1008c.D.aw1426" starttime="1049.54" endtime="1049.62">a</w>
<w nite:id="IS1008c.D.aw1427" starttime="1049.62" endtime="1050.32">display</w>
<sil nite:id="IS1008c.D.sil1428" starttime="1050.32" endtime="1050.41"/>
<sil nite:id="IS1008c.D.sil1429" starttime="1051.32" endtime="1051.41"/>
<w nite:id="IS1008c.D.aw1430" starttime="1051.41" endtime="1051.57">That</w>
<w nite:id="IS1008c.D.aw1431" starttime="1051.57" endtime="1051.7">is</w>
<w nite:id="IS1008c.D.aw1432" starttime="1051.7" endtime="1052.06">something</w>
<w nite:id="IS1008c.D.aw1433" starttime="1052.06" endtime="1052.56">also</w>
<w nite:id="IS1008c.D.aw1434" starttime="1052.56" endtime="1052.75">with</w>
<w nite:id="IS1008c.D.aw1435" starttime="1052.75" endtime="1052.82">a</w>
<w nite:id="IS1008c.D.aw1436" starttime="1052.82" endtime="1053.05">little</w>
<w nite:id="IS1008c.D.aw1437" starttime="1053.05" endtime="1053.39">flip</w>
<w nite:id="IS1008c.D.aw1438" starttime="1053.39" endtime="1053.54">up</w>
<w nite:id="IS1008c.D.aw1439" starttime="1053.54" endtime="1053.74">now</w>
<w nite:id="IS1008c.D.aw1440" starttime="1053.74" endtime="1053.88">we're</w>
<w nite:id="IS1008c.D.aw1441" starttime="1053.88" endtime="1054.14">adding</w>
<w nite:id="IS1008c.D.aw1442" starttime="1054.14" endtime="1054.25">all</w>
<w nite:id="IS1008c.D.aw1443" starttime="1054.25" endtime="1054.53">kinds</w>
<w nite:id="IS1008c.D.aw1444" starttime="1054.53" endtime="1054.6">of</w>
<w nite:id="IS1008c.D.aw1445" starttime="1054.6" endtime="1054.92">things</w>
<w nite:id="IS1008c.D.aw1446" starttime="1054.92" endtime="1055.12">and</w>
<w nite:id="IS1008c.D.aw1447" starttime="1055.12" endtime="1055.17">a</w>
<w nite:id="IS1008c.D.aw1448" starttime="1055.17" endtime="1055.6">little</w>
<w nite:id="IS1008c.D.aw1449" starttime="1055.6" endtime="1055.9">flip</w>
<w nite:id="IS1008c.D.aw1450" starttime="1055.9" endtime="1056.03">up</w>
<w nite:id="IS1008c.D.aw1451" starttime="1056.03" endtime="1056.14">if</w>
<w nite:id="IS1008c.D.aw1452" starttime="1056.14" endtime="1056.22">you</w>
<w nite:id="IS1008c.D.aw1453" starttime="1056.22" endtime="1056.31">have</w>
<w nite:id="IS1008c.D.aw1454" starttime="1056.31" endtime="1056.37">a</w>
<w nite:id="IS1008c.D.aw1455" starttime="1056.37" endtime="1056.56">little</w>
<w nite:id="IS1008c.D.aw1456" starttime="1056.56" endtime="1056.97">display</w>
<w nite:id="IS1008c.D.aw1457" starttime="1056.97" endtime="1057.09">on</w>
<w nite:id="IS1008c.D.aw1458" starttime="1057.09" endtime="1057.18">the</w>
<w nite:id="IS1008c.D.aw1459" starttime="1057.18" endtime="1057.44">flip</w>
<w nite:id="IS1008c.D.aw1460" starttime="1057.44" endtime="1057.58">up</w>
<w nite:id="IS1008c.D.aw1461" starttime="1057.58" endtime="1057.67">the</w>
<w nite:id="IS1008c.D.aw1462" starttime="1057.67" endtime="1057.92">wanna</w>
<w nite:id="IS1008c.D.aw1463" starttime="1057.92" endtime="1058.2">close</w>
<w nite:id="IS1008c.D.aw1464" starttime="1058.2" endtime="1058.31">it</w>
<w nite:id="IS1008c.D.aw1465" starttime="1058.31" endtime="1058.76">everything's</w>
<w nite:id="IS1008c.D.aw1466" starttime="1058.76" endtime="1059.24">locked</w>
<sil nite:id="IS1008c.D.sil1467" starttime="1059.24" endtime="1059.26"/>
<sil nite:id="IS1008c.D.sil1468" starttime="1059.92" endtime="1060.02"/>
<w nite:id="IS1008c.D.aw1469" starttime="1060.02" endtime="1060.28">Maybe</w>
<w nite:id="IS1008c.D.aw1470" starttime="1060.28" endtime="1060.43">the</w>
<w nite:id="IS1008c.D.aw1471" starttime="1060.43" endtime="1060.93">display</w>
<w nite:id="IS1008c.D.aw1472" starttime="1060.93" endtime="1061.52">also</w>
<w nite:id="IS1008c.D.aw1473" starttime="1061.52" endtime="1061.74">makes</w>
<w nite:id="IS1008c.D.aw1474" starttime="1061.74" endtime="1061.84">it</w>
<w nite:id="IS1008c.D.aw1475" starttime="1061.84" endtime="1062.14">easier</w>
<w nite:id="IS1008c.D.aw1476" starttime="1062.14" endtime="1062.22">to</w>
<w nite:id="IS1008c.D.aw1477" starttime="1062.22" endtime="1062.53">use</w>
<w nite:id="IS1008c.D.aw1478" starttime="1062.53" endtime="1062.82">because</w>
<w nite:id="IS1008c.D.aw1479" starttime="1062.82" endtime="1063.22">sometimes</w>
<w nite:id="IS1008c.D.aw1480" starttime="1063.22" endtime="1063.35">in</w>
<w nite:id="IS1008c.D.aw1481" starttime="1063.35" endtime="1063.47">your</w>
<w nite:id="IS1008c.D.aw1482" starttime="1063.47" endtime="1063.7">looking</w>
<w nite:id="IS1008c.D.aw1483" starttime="1063.7" endtime="1063.87">for</w>
<w nite:id="IS1008c.D.aw1484" starttime="1063.87" endtime="1064.27">buttons</w>
<w nite:id="IS1008c.D.aw1485" starttime="1064.27" endtime="1064.7">maybe</w>
<w nite:id="IS1008c.D.aw1486" starttime="1064.7" endtime="1064.78">if</w>
<w nite:id="IS1008c.D.aw1487" starttime="1064.78" endtime="1064.96">you</w>
<w nite:id="IS1008c.D.aw1488" starttime="1064.96" endtime="1065.26">see</w>
<w nite:id="IS1008c.D.aw1489" starttime="1065.26" endtime="1065.34">a</w>
<w nite:id="IS1008c.D.aw1490" starttime="1065.34" endtime="1065.98">display</w>
<sil nite:id="IS1008c.D.sil1491" starttime="1065.98" endtime="1066.1"/>
<sil nite:id="IS1008c.D.sil1492" starttime="1069.43" endtime="1069.53"/>
<w nite:id="IS1008c.D.aw1493" starttime="1069.53" endtime="1070.04">Okay</w>
<sil nite:id="IS1008c.D.sil1494" starttime="1070.04" endtime="1070.19"/>
<sil nite:id="IS1008c.D.sil1495" starttime="1072.8" endtime="1072.99"/>
<w nite:id="IS1008c.D.aw1496" starttime="1072.99" endtime="1073.16">"'cause"</w>
<w nite:id="IS1008c.D.aw1497" starttime="1073.16" endtime="1073.31">i've</w>
<w nite:id="IS1008c.D.aw1498" starttime="1073.31" endtime="1074.02">seen</w>
<w nite:id="IS1008c.D.aw1499" starttime="1074.02" endtime="1074.57">mostly</w>
<w nite:id="IS1008c.D.aw1500" starttime="1074.57" endtime="1074.7">the</w>
<w nite:id="IS1008c.D.aw1501" starttime="1074.7" endtime="1075.18">standard</w>
<w nite:id="IS1008c.D.aw1502" starttime="1075.18" endtime="1075.42">ones</w>
<w nite:id="IS1008c.D.aw1503" starttime="1075.42" endtime="1075.74">yeah</w>
<sil nite:id="IS1008c.D.sil1504" starttime="1075.74" endtime="1075.87"/>
<sil nite:id="IS1008c.D.sil1505" starttime="1076.15" endtime="1076.25"/>
<w nite:id="IS1008c.D.aw1506" starttime="1076.25" endtime="1076.44">Now</w>
<w nite:id="IS1008c.D.aw1507" starttime="1076.44" endtime="1076.59">you</w>
<w nite:id="IS1008c.D.aw1508" starttime="1076.59" endtime="1076.77">have</w>
<w nite:id="IS1008c.D.aw1509" starttime="1076.77" endtime="1076.94">as</w>
<w nite:id="IS1008c.D.aw1510" starttime="1076.94" endtime="1077.18">many</w>
<w nite:id="IS1008c.D.aw1511" starttime="1077.18" endtime="1077.45">have</w>
<w nite:id="IS1008c.D.aw1512" starttime="1077.45" endtime="1077.68">one</w>
<w nite:id="IS1008c.D.aw1513" starttime="1077.68" endtime="1077.9">with</w>
<w nite:id="IS1008c.D.aw1514" starttime="1077.9" endtime="1078.15">a</w>
<w nite:id="IS1008c.D.aw1515" starttime="1078.15" endtime="1078.42">very</w>
<w nite:id="IS1008c.D.aw1516" starttime="1078.42" endtime="1078.84">simple</w>
<w nite:id="IS1008c.D.aw1517" starttime="1078.84" endtime="1079.54">also</w>
<w nite:id="IS1008c.D.aw1518" starttime="1079.54" endtime="1079.74">the</w>
<w nite:id="IS1008c.D.aw1519" starttime="1079.74" endtime="1080.04">idea</w>
<w nite:id="IS1008c.D.aw1520" starttime="1080.04" endtime="1080.42">simple</w>
<w nite:id="IS1008c.D.aw1521" starttime="1080.42" endtime="1080.59">but</w>
<w nite:id="IS1008c.D.aw1522" starttime="1080.59" endtime="1080.71">with</w>
<w nite:id="IS1008c.D.aw1523" starttime="1080.71" endtime="1080.82">the</w>
<w nite:id="IS1008c.D.aw1524" starttime="1080.82" endtime="1081.38">display</w>
<sil nite:id="IS1008c.D.sil1525" starttime="1081.38" endtime="1081.44"/>
<sil nite:id="IS1008c.D.sil1526" starttime="1081.71" endtime="1081.77"/>
<w nite:id="IS1008c.D.aw1527" starttime="1081.77" endtime="1081.92">So</w>
<w nite:id="IS1008c.D.aw1528" starttime="1081.92" endtime="1081.98">you</w>
<w nite:id="IS1008c.D.aw1529" starttime="1081.98" endtime="1082.11">can</w>
<w nite:id="IS1008c.D.aw1530" starttime="1082.11" endtime="1082.29">see</w>
<w nite:id="IS1008c.D.aw1531" starttime="1082.29" endtime="1082.53">which</w>
<w nite:id="IS1008c.D.aw1532" starttime="1082.53" endtime="1082.61">are</w>
<w nite:id="IS1008c.D.aw1533" starttime="1082.61" endtime="1082.91">going</w>
<sil nite:id="IS1008c.D.sil1534" starttime="1082.91" endtime="1083.01"/>
<sil nite:id="IS1008c.D.sil1535" starttime="1083.71" endtime="1083.81"/>
<w nite:id="IS1008c.D.aw1536" starttime="1083.81" endtime="1083.97">So</w>
<w nite:id="IS1008c.D.aw1537" starttime="1083.97" endtime="1084.23">maybe</w>
<w nite:id="IS1008c.D.aw1538" starttime="1084.23" endtime="1084.42">three</w>
<w nite:id="IS1008c.D.aw1539" starttime="1084.42" endtime="1084.54">in</w>
<w nite:id="IS1008c.D.aw1540" starttime="1084.54" endtime="1085.13">incorporate</w>
<w nite:id="IS1008c.D.aw1541" starttime="1085.13" endtime="1085.26">the</w>
<w nite:id="IS1008c.D.aw1542" starttime="1085.26" endtime="1085.85">easiness</w>
<w nite:id="IS1008c.D.aw1543" starttime="1085.85" endtime="1085.98">of</w>
<w nite:id="IS1008c.D.aw1544" starttime="1085.98" endtime="1086.61">use</w>
<sil nite:id="IS1008c.D.sil1545" starttime="1086.61" endtime="1086.71"/>
<sil nite:id="IS1008c.D.sil1546" starttime="1087.91" endtime="1087.98"/>
<w nite:id="IS1008c.D.aw1547" starttime="1087.98" endtime="1088.34">Train</w>
<w nite:id="IS1008c.D.aw1548" starttime="1088.34" endtime="1088.77">be</w>
<w nite:id="IS1008c.D.aw1549" starttime="1088.77" endtime="1089.35">fancy</w>
<sil nite:id="IS1008c.D.sil1550" starttime="1089.35" endtime="1089.46"/>
<sil nite:id="IS1008c.D.sil1551" starttime="1090" endtime="1090.08"/>
<w nite:id="IS1008c.D.aw1552" starttime="1090.08" endtime="1090.52">Feels</w>
<w nite:id="IS1008c.D.aw1553" starttime="1090.52" endtime="1090.82">good</w>
<sil nite:id="IS1008c.D.sil1554" starttime="1090.82" endtime="1091.19"/>
<sil nite:id="IS1008c.D.sil1555" starttime="1093.76" endtime="1093.85"/>
<w nite:id="IS1008c.D.aw1556" starttime="1093.85" endtime="1094.66">Uh</w>
<sil nite:id="IS1008c.D.sil1557" starttime="1094.66" endtime="1094.8"/>
<sil nite:id="IS1008c.D.sil1558" starttime="1095.08" endtime="1095.17"/>
<w nite:id="IS1008c.D.aw1559" starttime="1095.17" endtime="1095.33">With</w>
<w nite:id="IS1008c.D.aw1560" starttime="1095.33" endtime="1095.44">the</w>
<w nite:id="IS1008c.D.aw1561" starttime="1095.44" endtime="1095.98">display</w>
<sil nite:id="IS1008c.D.sil1562" starttime="1095.98" endtime="1096.15"/>
<sil nite:id="IS1008c.D.sil1563" starttime="1097.14" endtime="1097.23"/>
<w nite:id="IS1008c.D.aw1564" starttime="1097.23" endtime="1097.99">Would</w>
<w nite:id="IS1008c.D.aw1565" starttime="1097.99" endtime="1098.52">designer</w>
<w nite:id="IS1008c.D.aw1566" starttime="1098.52" endtime="1098.87">would</w>
<w nite:id="IS1008c.D.aw1567" starttime="1098.87" endtime="1099.29">design</w>
<w nite:id="IS1008c.D.aw1568" starttime="1099.29" endtime="1099.83">colours</w>
<sil nite:id="IS1008c.D.sil1569" starttime="1099.83" endtime="1099.91"/>
<sil nite:id="IS1008c.D.sil1570" starttime="1100.29" endtime="1100.37"/>
<w nite:id="IS1008c.D.aw1571" starttime="1100.37" endtime="1100.77">Mine</w>
<sil nite:id="IS1008c.D.sil1572" starttime="1100.77" endtime="1100.98"/>
<sil nite:id="IS1008c.D.sil1573" starttime="1129.17" endtime="1129.38"/>
<w nite:id="IS1008c.D.aw1574" starttime="1129.38" endtime="1129.69">Hard</w>
<w nite:id="IS1008c.D.aw1575" starttime="1129.69" endtime="1129.91">disk</w>
<w nite:id="IS1008c.D.aw1576" starttime="1129.91" endtime="1130.28">reason</w>
<w nite:id="IS1008c.D.aw1577" starttime="1130.28" endtime="1130.91">i</w>
<sil nite:id="IS1008c.D.sil1578" starttime="1130.91" endtime="1130.95"/>
<sil nite:id="IS1008c.D.sil1579" starttime="1131.69" endtime="1131.96"/>
<w nite:id="IS1008c.D.aw1580" starttime="1131.96" endtime="1133.04">Resisted</w>
<w nite:id="IS1008c.D.aw1581" starttime="1133.04" endtime="1133.69">resisted</w>
<w nite:id="IS1008c.D.aw1582" starttime="1133.69" endtime="1134.76">i</w>
<w nite:id="IS1008c.D.aw1583" starttime="1134.76" endtime="1134.91">uh</w>
<sil nite:id="IS1008c.D.sil1584" starttime="1134.91" endtime="1135.05"/>
<sil nite:id="IS1008c.D.sil1585" starttime="1151.13" endtime="1151.25"/>
<w nite:id="IS1008c.D.aw1586" starttime="1151.25" endtime="1151.4">No</w>
<w nite:id="IS1008c.D.aw1587" starttime="1151.4" endtime="1151.55">but</w>
<w nite:id="IS1008c.D.aw1588" starttime="1151.55" endtime="1152.16">incorporating</w>
<w nite:id="IS1008c.D.aw1589" starttime="1152.16" endtime="1152.33">the</w>
<w nite:id="IS1008c.D.aw1590" starttime="1152.33" endtime="1152.86">three</w>
<w nite:id="IS1008c.D.aw1591" starttime="1152.86" endtime="1153.17">uh</w>
<sil nite:id="IS1008c.D.sil1592" starttime="1153.17" endtime="1153.19"/>
<sil nite:id="IS1008c.D.sil1593" starttime="1153.46" endtime="1153.53"/>
<w nite:id="IS1008c.D.aw1594" starttime="1153.53" endtime="1154.03">Obviously</w>
<w nite:id="IS1008c.D.aw1595" starttime="1154.03" endtime="1154.13">be</w>
<w nite:id="IS1008c.D.aw1596" starttime="1154.13" endtime="1154.5">something</w>
<w nite:id="IS1008c.D.aw1597" starttime="1154.5" endtime="1155">totally</w>
<w nite:id="IS1008c.D.aw1598" starttime="1155" endtime="1155.22">new</w>
<w nite:id="IS1008c.D.aw1599" starttime="1155.22" endtime="1155.33">on</w>
<w nite:id="IS1008c.D.aw1600" starttime="1155.33" endtime="1155.4">the</w>
<w nite:id="IS1008c.D.aw1601" starttime="1155.4" endtime="1155.74">market</w>
<sil nite:id="IS1008c.D.sil1602" starttime="1155.74" endtime="1155.78"/>
<sil nite:id="IS1008c.D.sil1603" starttime="1156.19" endtime="1156.3"/>
<w nite:id="IS1008c.D.aw1604" starttime="1156.3" endtime="1156.78">Totally</w>
<w nite:id="IS1008c.D.aw1605" starttime="1156.78" endtime="1157.19">different</w>
<sil nite:id="IS1008c.D.sil1606" starttime="1157.19" endtime="1157.35"/>
<sil nite:id="IS1008c.D.sil1607" starttime="1157.86" endtime="1157.95"/>
<w nite:id="IS1008c.D.aw1608" starttime="1157.95" endtime="1158.65">Yeah</w>
<w nite:id="IS1008c.D.aw1609" starttime="1158.65" endtime="1158.86">for</w>
<w nite:id="IS1008c.D.aw1610" starttime="1158.86" endtime="1159.29">my</w>
<sil nite:id="IS1008c.D.sil1611" starttime="1159.29" endtime="1159.66"/>
<sil nite:id="IS1008c.D.sil1612" starttime="1163.21" endtime="1163.29"/>
<w nite:id="IS1008c.D.aw1613" starttime="1163.29" endtime="1163.56">Well</w>
<w nite:id="IS1008c.D.aw1614" starttime="1163.56" endtime="1163.75">what</w>
<w nite:id="IS1008c.D.aw1615" starttime="1163.75" endtime="1163.82">it</w>
<w nite:id="IS1008c.D.aw1616" starttime="1163.82" endtime="1164.02">was</w>
<w nite:id="IS1008c.D.aw1617" starttime="1164.02" endtime="1164.18">the</w>
<w nite:id="IS1008c.D.aw1618" starttime="1164.18" endtime="1164.31">the</w>
<w nite:id="IS1008c.D.aw1619" starttime="1164.31" endtime="1164.64">uh</w>
<w nite:id="IS1008c.D.aw1620" starttime="1164.64" endtime="1164.93">was</w>
<w nite:id="IS1008c.D.aw1621" starttime="1164.93" endtime="1165.15">a</w>
<w nite:id="IS1008c.D.aw1622" starttime="1165.15" endtime="1165.54">nokia</w>
<w nite:id="IS1008c.D.aw1623" starttime="1165.54" endtime="1165.87">taking</w>
<w nite:id="IS1008c.D.aw1624" starttime="1165.87" endtime="1166.01">all</w>
<w nite:id="IS1008c.D.aw1625" starttime="1166.01" endtime="1166.08">of</w>
<w nite:id="IS1008c.D.aw1626" starttime="1166.08" endtime="1166.5">those</w>
<sil nite:id="IS1008c.D.sil1627" starttime="1166.5" endtime="1166.61"/>
<sil nite:id="IS1008c.D.sil1628" starttime="1167.47" endtime="1167.56"/>
<w nite:id="IS1008c.D.aw1629" starttime="1167.56" endtime="1168.14">Changeable</w>
<w nite:id="IS1008c.D.aw1630" starttime="1168.14" endtime="1168.87">colours</w>
<sil nite:id="IS1008c.D.sil1631" starttime="1168.87" endtime="1168.89"/>
<sil nite:id="IS1008c.D.sil1632" starttime="1169.16" endtime="1169.18"/>
<w nite:id="IS1008c.D.aw1633" starttime="1169.18" endtime="1169.65">Right</w>
<w nite:id="IS1008c.D.aw1634" starttime="1169.65" endtime="1169.8">you</w>
<w nite:id="IS1008c.D.aw1635" starttime="1169.8" endtime="1170">take</w>
<w nite:id="IS1008c.D.aw1636" starttime="1170" endtime="1170.1">a</w>
<w nite:id="IS1008c.D.aw1637" starttime="1170.1" endtime="1170.4">part</w>
<w nite:id="IS1008c.D.aw1638" starttime="1170.4" endtime="1170.52">for</w>
<w nite:id="IS1008c.D.aw1639" starttime="1170.52" endtime="1170.88">another</w>
<w nite:id="IS1008c.D.aw1640" starttime="1170.88" endtime="1171.17">face</w>
<w nite:id="IS1008c.D.aw1641" starttime="1171.17" endtime="1171.34">take</w>
<w nite:id="IS1008c.D.aw1642" starttime="1171.34" endtime="1171.41">it</w>
<w nite:id="IS1008c.D.aw1643" starttime="1171.41" endtime="1171.63">off</w>
<w nite:id="IS1008c.D.aw1644" starttime="1171.63" endtime="1172.03">button</w>
<w nite:id="IS1008c.D.aw1645" starttime="1172.03" endtime="1172.6">interface</w>
<sil nite:id="IS1008c.D.sil1646" starttime="1172.6" endtime="1172.74"/>
<sil nite:id="IS1008c.D.sil1647" starttime="1173.12" endtime="1173.18"/>
<w nite:id="IS1008c.D.aw1648" starttime="1173.18" endtime="1173.54">And</w>
<w nite:id="IS1008c.D.aw1649" starttime="1173.54" endtime="1173.91">then</w>
<w nite:id="IS1008c.D.aw1650" starttime="1173.91" endtime="1174.41">they</w>
<w nite:id="IS1008c.D.aw1651" starttime="1174.41" endtime="1174.92">sold</w>
<w nite:id="IS1008c.D.aw1652" starttime="1174.92" endtime="1175.53">millions</w>
<sil nite:id="IS1008c.D.sil1653" starttime="1175.53" endtime="1175.63"/>
<sil nite:id="IS1008c.D.sil1654" starttime="1176.1" endtime="1176.22"/>
<w nite:id="IS1008c.D.aw1655" starttime="1176.22" endtime="1176.83">Millions</w>
<sil nite:id="IS1008c.D.sil1656" starttime="1176.83" endtime="1176.94"/>
<sil nite:id="IS1008c.D.sil1657" starttime="1177.79" endtime="1177.9"/>
<w nite:id="IS1008c.D.aw1658" starttime="1177.9" endtime="1178.31">So</w>
<sil nite:id="IS1008c.D.sil1659" starttime="1178.31" endtime="1178.48"/>
<sil nite:id="IS1008c.D.sil1660" starttime="1179.14" endtime="1179.31"/>
<w nite:id="IS1008c.D.aw1661" starttime="1179.31" endtime="1179.41">And</w>
<w nite:id="IS1008c.D.aw1662" starttime="1179.41" endtime="1179.56">so</w>
<w nite:id="IS1008c.D.aw1663" starttime="1179.56" endtime="1179.69">with</w>
<w nite:id="IS1008c.D.aw1664" starttime="1179.69" endtime="1179.85">that</w>
<w nite:id="IS1008c.D.aw1665" starttime="1179.85" endtime="1180.02">do</w>
<w nite:id="IS1008c.D.aw1666" starttime="1180.02" endtime="1180.13">the</w>
<w nite:id="IS1008c.D.aw1667" starttime="1180.13" endtime="1180.6">findings</w>
<w nite:id="IS1008c.D.aw1668" starttime="1180.6" endtime="1180.69">were</w>
<w nite:id="IS1008c.D.aw1669" starttime="1180.69" endtime="1180.79">the</w>
<w nite:id="IS1008c.D.aw1670" starttime="1180.79" endtime="1181.37">researched</w>
<w nite:id="IS1008c.D.aw1671" starttime="1181.37" endtime="1181.65">easy</w>
<w nite:id="IS1008c.D.aw1672" starttime="1181.65" endtime="1181.75">to</w>
<w nite:id="IS1008c.D.aw1673" starttime="1181.75" endtime="1182">use</w>
<w nite:id="IS1008c.D.aw1674" starttime="1182" endtime="1182.51">something</w>
<w nite:id="IS1008c.D.aw1675" starttime="1182.51" endtime="1182.86">whole</w>
<w nite:id="IS1008c.D.aw1676" starttime="1182.86" endtime="1182.97">you</w>
<w nite:id="IS1008c.D.aw1677" starttime="1182.97" endtime="1183.2">know</w>
<sil nite:id="IS1008c.D.sil1678" starttime="1183.2" endtime="1183.36"/>
<sil nite:id="IS1008c.D.sil1679" starttime="1183.84" endtime="1183.93"/>
<w nite:id="IS1008c.D.aw1680" starttime="1183.93" endtime="1184.06">We</w>
<w nite:id="IS1008c.D.aw1681" starttime="1184.06" endtime="1184.16">have</w>
<w nite:id="IS1008c.D.aw1682" starttime="1184.16" endtime="1184.23">to</w>
<w nite:id="IS1008c.D.aw1683" starttime="1184.23" endtime="1184.42">come</w>
<w nite:id="IS1008c.D.aw1684" starttime="1184.42" endtime="1184.52">up</w>
<w nite:id="IS1008c.D.aw1685" starttime="1184.52" endtime="1184.65">with</w>
<w nite:id="IS1008c.D.aw1686" starttime="1184.65" endtime="1184.98">something</w>
<w nite:id="IS1008c.D.aw1687" starttime="1184.98" endtime="1185.43">totally</w>
<w nite:id="IS1008c.D.aw1688" starttime="1185.43" endtime="1185.62">new</w>
<w nite:id="IS1008c.D.aw1689" starttime="1185.62" endtime="1185.89">there's</w>
<w nite:id="IS1008c.D.aw1690" starttime="1185.89" endtime="1186.06">not</w>
<w nite:id="IS1008c.D.aw1691" starttime="1186.06" endtime="1186.16">on</w>
<w nite:id="IS1008c.D.aw1692" starttime="1186.16" endtime="1186.24">the</w>
<w nite:id="IS1008c.D.aw1693" starttime="1186.24" endtime="1186.57">market</w>
<sil nite:id="IS1008c.D.sil1694" starttime="1186.57" endtime="1186.62"/>
<sil nite:id="IS1008c.D.sil1695" starttime="1246.78" endtime="1246.88"/>
<w nite:id="IS1008c.D.aw1696" starttime="1246.88" endtime="1247.21">Where</w>
<w nite:id="IS1008c.D.aw1697" starttime="1247.21" endtime="1247.41">are</w>
<w nite:id="IS1008c.D.aw1698" starttime="1247.41" endtime="1247.56">we</w>
<w nite:id="IS1008c.D.aw1699" starttime="1247.56" endtime="1247.65">are</w>
<w nite:id="IS1008c.D.aw1700" starttime="1247.65" endtime="1247.78">we</w>
<w nite:id="IS1008c.D.aw1701" starttime="1247.78" endtime="1247.97">in</w>
<w nite:id="IS1008c.D.aw1702" starttime="1247.97" endtime="1248.19">any</w>
<w nite:id="IS1008c.D.aw1703" starttime="1248.19" endtime="1248.58">fashion</w>
<w nite:id="IS1008c.D.aw1704" starttime="1248.58" endtime="1248.87">is</w>
<w nite:id="IS1008c.D.aw1705" starttime="1248.87" endtime="1249.54">is</w>
<sil nite:id="IS1008c.D.sil1706" starttime="1249.54" endtime="1249.64"/>
<sil nite:id="IS1008c.D.sil1707" starttime="1250.68" endtime="1250.77"/>
<w nite:id="IS1008c.D.aw1708" starttime="1250.77" endtime="1250.97">Than</w>
<w nite:id="IS1008c.D.aw1709" starttime="1250.97" endtime="1251.15">other</w>
<w nite:id="IS1008c.D.aw1710" starttime="1251.15" endtime="1251.43">stuff</w>
<sil nite:id="IS1008c.D.sil1711" starttime="1251.43" endtime="1251.53"/>
<sil nite:id="IS1008c.D.sil1712" starttime="1251.8" endtime="1251.82"/>
<w nite:id="IS1008c.D.aw1713" starttime="1251.82" endtime="1251.95">We're</w>
<w nite:id="IS1008c.D.aw1714" starttime="1251.95" endtime="1252.14">here</w>
<w nite:id="IS1008c.D.aw1715" starttime="1252.14" endtime="1252.34">to</w>
<w nite:id="IS1008c.D.aw1716" starttime="1252.34" endtime="1253">design</w>
<sil nite:id="IS1008c.D.sil1717" starttime="1253" endtime="1253.06"/>
<sil nite:id="IS1008c.D.sil1718" starttime="1254.09" endtime="1254.19"/>
<w nite:id="IS1008c.D.aw1719" starttime="1254.19" endtime="1254.35">Come</w>
<w nite:id="IS1008c.D.aw1720" starttime="1254.35" endtime="1254.48">up</w>
<w nite:id="IS1008c.D.aw1721" starttime="1254.48" endtime="1254.63">with</w>
<w nite:id="IS1008c.D.aw1722" starttime="1254.63" endtime="1254.69">a</w>
<w nite:id="IS1008c.D.aw1723" starttime="1254.69" endtime="1254.99">nice</w>
<w nite:id="IS1008c.D.aw1724" starttime="1254.99" endtime="1255.6">product</w>
<sil nite:id="IS1008c.D.sil1725" starttime="1255.6" endtime="1255.62"/>
<sil nite:id="IS1008c.D.sil1726" starttime="1357.94" endtime="1358.18"/>
<w nite:id="IS1008c.D.aw1727" starttime="1358.18" endtime="1358.47">No</w>
<w nite:id="IS1008c.D.aw1728" starttime="1358.47" endtime="1359.1">one</w>
<w nite:id="IS1008c.D.aw1729" starttime="1359.1" endtime="1359.43">knows</w>
<sil nite:id="IS1008c.D.sil1730" starttime="1359.43" endtime="1359.57"/>
<sil nite:id="IS1008c.D.sil1731" starttime="1360.77" endtime="1361.81"/>
<w nite:id="IS1008c.D.aw1732" starttime="1361.81" endtime="1362">"'cause"</w>
<w nite:id="IS1008c.D.aw1733" starttime="1362" endtime="1362.15">we</w>
<w nite:id="IS1008c.D.aw1734" starttime="1362.15" endtime="1362.26">have</w>
<w nite:id="IS1008c.D.aw1735" starttime="1362.26" endtime="1362.33">to</w>
<w nite:id="IS1008c.D.aw1736" starttime="1362.33" endtime="1362.54">find</w>
<w nite:id="IS1008c.D.aw1737" starttime="1362.54" endtime="1362.83">that</w>
<w nite:id="IS1008c.D.aw1738" starttime="1362.83" endtime="1363.16">cost</w>
<sil nite:id="IS1008c.D.sil1739" starttime="1363.16" endtime="1363.52"/>
<sil nite:id="IS1008c.D.sil1740" starttime="1366.53" endtime="1366.61"/>
<w nite:id="IS1008c.D.aw1741" starttime="1366.61" endtime="1367.3">And</w>
<w nite:id="IS1008c.D.aw1742" starttime="1367.3" endtime="1367.75">last</w>
<w nite:id="IS1008c.D.aw1743" starttime="1367.75" endtime="1367.81">a</w>
<w nite:id="IS1008c.D.aw1744" starttime="1367.81" endtime="1368.33">problem</w>
<w nite:id="IS1008c.D.aw1745" starttime="1368.33" endtime="1368.45">i</w>
<w nite:id="IS1008c.D.aw1746" starttime="1368.45" endtime="1368.63">mean</w>
<w nite:id="IS1008c.D.aw1747" starttime="1368.63" endtime="1368.81">for</w>
<w nite:id="IS1008c.D.aw1748" starttime="1368.81" endtime="1369.13">them</w>
<w nite:id="IS1008c.D.aw1749" starttime="1369.13" endtime="1369.51">pushing</w>
<w nite:id="IS1008c.D.aw1750" starttime="1369.51" endtime="1369.72">it</w>
<w nite:id="IS1008c.D.aw1751" starttime="1369.72" endtime="1370.11">after</w>
<w nite:id="IS1008c.D.aw1752" starttime="1370.11" endtime="1370.25">it's</w>
<w nite:id="IS1008c.D.aw1753" starttime="1370.25" endtime="1370.69">made</w>
<w nite:id="IS1008c.D.aw1754" starttime="1370.69" endtime="1371.58">i.</w>
<w nite:id="IS1008c.D.aw1755" starttime="1371.58" endtime="1371.86">either</w>
<w nite:id="IS1008c.D.aw1756" starttime="1371.86" endtime="1372.26">market</w>
<w nite:id="IS1008c.D.aw1757" starttime="1372.26" endtime="1372.48">it</w>
<w nite:id="IS1008c.D.aw1758" starttime="1372.48" endtime="1373.09">i</w>
<sil nite:id="IS1008c.D.sil1759" starttime="1373.09" endtime="1373.37"/>
<sil nite:id="IS1008c.D.sil1760" starttime="1374.02" endtime="1374.1"/>
<w nite:id="IS1008c.D.aw1761" starttime="1374.1" endtime="1374.43">Once</w>
<w nite:id="IS1008c.D.aw1762" starttime="1374.43" endtime="1374.53">we</w>
<w nite:id="IS1008c.D.aw1763" starttime="1374.53" endtime="1374.65">get</w>
<w nite:id="IS1008c.D.aw1764" starttime="1374.65" endtime="1374.7">a</w>
<w nite:id="IS1008c.D.aw1765" starttime="1374.7" endtime="1375.06">price</w>
<w nite:id="IS1008c.D.aw1766" starttime="1375.06" endtime="1375.27">on</w>
<w nite:id="IS1008c.D.aw1767" starttime="1375.27" endtime="1375.41">that</w>
<w nite:id="IS1008c.D.aw1768" starttime="1375.41" endtime="1375.54">we</w>
<w nite:id="IS1008c.D.aw1769" starttime="1375.54" endtime="1375.64">can</w>
<w nite:id="IS1008c.D.aw1770" starttime="1375.64" endtime="1376">market</w>
<sil nite:id="IS1008c.D.sil1771" starttime="1376" endtime="1376.19"/>
<sil nite:id="IS1008c.D.sil1772" starttime="1402.64" endtime="1402.82"/>
<w nite:id="IS1008c.D.aw1773" starttime="1402.82" endtime="1403.17">Nice</w>
<w nite:id="IS1008c.D.aw1774" starttime="1403.17" endtime="1403.74">beautiful</w>
<w nite:id="IS1008c.D.aw1775" starttime="1403.74" endtime="1404.44">mahogany</w>
<w nite:id="IS1008c.D.aw1776" starttime="1404.44" endtime="1405.31">redwoods</w>
<w nite:id="IS1008c.D.aw1777" starttime="1405.31" endtime="1405.81">cases</w>
<sil nite:id="IS1008c.D.sil1778" starttime="1405.81" endtime="1405.97"/>
<sil nite:id="IS1008c.D.sil1779" starttime="1474.73" endtime="1474.97"/>
<w nite:id="IS1008c.D.aw1780" starttime="1474.97" endtime="1475.49">Okay</w>
<w nite:id="IS1008c.D.aw1781" starttime="1475.49" endtime="1475.82">i</w>
<w nite:id="IS1008c.D.aw1782" starttime="1475.82" endtime="1476.14">think</w>
<w nite:id="IS1008c.D.aw1783" starttime="1476.14" endtime="1476.29">yeah</w>
<sil nite:id="IS1008c.D.sil1784" starttime="1476.29" endtime="1476.52"/>
<sil nite:id="IS1008c.D.sil1785" starttime="1480.13" endtime="1480.22"/>
<w nite:id="IS1008c.D.aw1786" starttime="1480.22" endtime="1480.64">Finer</w>
<sil nite:id="IS1008c.D.sil1787" starttime="1480.64" endtime="1481.1"/>
<sil nite:id="IS1008c.D.sil1788" starttime="1485.72" endtime="1485.8"/>
<w nite:id="IS1008c.D.aw1789" starttime="1485.8" endtime="1486.62">Yeah</w>
<w nite:id="IS1008c.D.aw1790" starttime="1486.62" endtime="1486.78">yeah</w>
<sil nite:id="IS1008c.D.sil1791" starttime="1486.78" endtime="1486.87"/>
</nite:root>
